claim_id,policy_id,claim_amount,claim_date,claim_type,fraud_flag,settlement_amount
CLM0000001,POL0000379,3592.84,2019-02-02,Fire,0,50575.73
CLM0000002,POL0001322,1468.52,2021-10-26,Natural Disaster,0,47360.9
CLM0000003,POL0002186,36036.99,2018-07-21,Accident,0,62516.46
CLM0000004,POL0000125,15673.41,2019-05-29,Accident,0,4038.69
CLM0000005,POL0002982,80595.69,2018-01-07,Accident,0,56492.58
CLM0000006,POL0001426,53517.96,2020-08-03,Medical,0,59096.6
CLM0000007,POL0000480,82622.14,2019-07-16,Accident,0,5169.76
CLM0000008,POL0002618,18102.85,2019-04-22,Theft,0,43232.98
CLM0000009,POL0001386,62908.66,2018-06-20,Theft,0,19825.92
CLM0000010,POL0002114,58227.12,2023-03-18,Accident,0,64189.69
CLM0000011,POL0002900,34367.64,2018-08-06,Fire,0,4254.2
CLM0000012,POL0000432,51949.59,2024-11-13,Theft,0,11949.28
CLM0000013,POL0001959,59108.24,2018-04-15,Natural Disaster,1,8624.97
CLM0000014,POL0001113,89004.04,2023-07-06,Natural Disaster,0,5497.85
CLM0000015,POL0000601,6036.02,2018-03-10,Fire,0,48125.87
CLM0000016,POL0000856,82425.7,2023-04-21,Natural Disaster,0,69523.19
CLM0000017,POL0002054,98025.56,2021-12-14,Fire,0,41024.56
CLM0000018,POL0000158,73311.62,2023-04-14,Natural Disaster,0,17083.35
CLM0000019,POL0002378,73866.02,2019-05-06,Accident,0,27700.56
CLM0000020,POL0001127,22188.44,2021-12-14,Natural Disaster,0,29021.19
CLM0000021,POL0000223,52545.79,2024-09-21,Accident,0,36295.34
CLM0000022,POL0002450,70741.06,2022-09-04,Natural Disaster,0,33816.91
CLM0000023,POL0001707,60426.96,2022-01-20,Natural Disaster,0,53790.75
CLM0000024,POL0000545,38820.59,2022-08-01,Natural Disaster,0,27391.0
CLM0000025,POL0002557,94041.78,2018-08-30,Accident,0,53138.34
CLM0000026,POL0002232,51641.68,2019-08-25,Natural Disaster,0,43877.84
CLM0000027,POL0002963,97002.65,2020-08-15,Natural Disaster,1,4166.16
CLM0000028,POL0002629,56605.63,2023-10-27,Medical,1,73597.87
CLM0000029,POL0000538,79441.65,2022-01-12,Accident,0,14483.2
CLM0000030,POL0001437,74331.3,2019-07-24,Theft,0,36286.85
CLM0000031,POL0002566,66251.97,2022-03-13,Fire,0,75823.5
CLM0000032,POL0002816,1938.85,2018-07-12,Medical,0,20012.46
CLM0000033,POL0002343,8204.2,2023-07-23,Natural Disaster,0,2066.51
CLM0000034,POL0000260,58357.69,2022-11-08,Theft,0,39356.97
CLM0000035,POL0000826,91222.25,2023-09-13,Theft,0,18147.32
CLM0000036,POL0000316,60313.6,2019-10-02,Natural Disaster,1,46687.59
CLM0000037,POL0000746,23981.6,2021-03-31,Natural Disaster,0,65423.52
CLM0000038,POL0000719,32361.73,2024-01-05,Medical,0,41044.23
CLM0000039,POL0001101,62504.41,2019-06-13,Accident,0,51708.84
CLM0000040,POL0002728,59906.92,2024-12-30,Medical,0,53392.35
CLM0000041,POL0002902,95592.44,2020-07-24,Accident,0,65696.6
CLM0000042,POL0000461,53143.91,2022-01-10,Theft,0,55127.77
CLM0000043,POL0002855,35823.98,2024-06-15,Fire,0,78100.92
CLM0000044,POL0001105,52736.78,2024-02-26,Natural Disaster,0,36660.04
CLM0000045,POL0001703,78730.28,2019-08-20,Medical,0,4305.59
CLM0000046,POL0002841,54266.2,2018-06-30,Theft,0,31703.94
CLM0000047,POL0002978,32942.23,2021-10-27,Medical,0,67238.28
CLM0000048,POL0001407,34192.79,2021-11-08,Accident,0,10905.49
CLM0000049,POL0002197,75802.78,2019-06-15,Natural Disaster,0,58954.41
CLM0000050,POL0002816,7111.6,2020-02-06,Accident,0,42992.22
CLM0000051,POL0002393,27838.15,2022-01-12,Accident,0,72083.09
CLM0000052,POL0001814,15727.24,2018-08-14,Accident,0,58575.82
CLM0000053,POL0001815,94495.23,2021-09-07,Theft,0,52943.77
CLM0000054,POL0001742,9464.38,2019-09-17,Natural Disaster,0,70984.17
CLM0000055,POL0000974,75939.27,2022-07-12,Fire,0,72685.13
CLM0000056,POL0000922,63227.34,2019-12-16,Medical,0,30977.86
CLM0000057,POL0000030,63464.04,2020-08-18,Accident,1,74249.43
CLM0000058,POL0002778,76461.59,2021-03-15,Natural Disaster,0,4659.43
CLM0000059,POL0000982,40348.55,2020-01-05,Medical,0,61076.56
CLM0000060,POL0000231,40373.96,2018-02-04,Natural Disaster,0,27121.52
CLM0000061,POL0001186,29226.23,2018-11-02,Medical,0,39145.54
CLM0000062,POL0002777,59976.13,2020-08-25,Natural Disaster,0,66909.27
CLM0000063,POL0001252,93015.62,2020-02-22,Fire,0,51071.99
CLM0000064,POL0001245,92436.33,2021-07-16,Natural Disaster,0,36762.03
CLM0000065,POL0002794,70444.59,2018-01-06,Natural Disaster,0,13365.48
CLM0000066,POL0001097,90665.48,2019-01-03,Accident,0,75159.4
CLM0000067,POL0000399,96370.12,2018-11-18,Accident,0,26798.45
CLM0000068,POL0000095,79612.94,2019-10-16,Accident,0,8362.57
CLM0000069,POL0001964,41079.42,2023-06-10,Natural Disaster,0,45262.5
CLM0000070,POL0000475,48580.88,2020-12-19,Fire,1,32680.5
CLM0000071,POL0001930,93160.06,2023-03-25,Medical,1,47363.74
CLM0000072,POL0001779,67165.8,2021-09-04,Accident,0,18912.34
CLM0000073,POL0000775,82159.05,2023-08-30,Theft,1,30484.69
CLM0000074,POL0001148,12053.35,2022-04-14,Natural Disaster,0,77808.92
CLM0000075,POL0002848,19793.19,2024-05-28,Fire,0,74941.94
CLM0000076,POL0001524,34738.79,2021-06-14,Fire,1,69191.22
CLM0000077,POL0002992,19229.95,2024-03-16,Accident,0,62395.93
CLM0000078,POL0000621,90693.27,2019-09-24,Accident,0,12777.81
CLM0000079,POL0002908,22080.61,2021-01-15,Theft,0,37514.37
CLM0000080,POL0000964,55939.78,2019-10-12,Theft,0,58313.85
CLM0000081,POL0002861,9002.66,2020-01-12,Accident,0,21162.87
CLM0000082,POL0002143,15918.7,2022-05-09,Medical,0,2936.01
CLM0000083,POL0001501,25117.81,2018-06-17,Accident,0,33622.48
CLM0000084,POL0002081,98297.89,2019-04-03,Accident,0,34183.77
CLM0000085,POL0001327,79807.84,2021-10-05,Fire,1,5488.49
CLM0000086,POL0000122,67518.73,2020-10-22,Accident,0,25853.06
CLM0000087,POL0000218,91668.07,2019-09-09,Accident,0,73408.81
CLM0000088,POL0001077,95642.76,2019-04-08,Accident,0,20248.66
CLM0000089,POL0001183,45630.5,2022-04-06,Medical,0,45662.04
CLM0000090,POL0001695,33105.1,2021-08-13,Fire,0,39184.19
CLM0000091,POL0000795,31873.88,2018-05-04,Natural Disaster,0,69011.42
CLM0000092,POL0001625,4055.05,2019-01-11,Natural Disaster,0,52387.95
CLM0000093,POL0000176,28323.99,2021-04-13,Natural Disaster,0,12926.83
CLM0000094,POL0000292,35827.07,2021-07-09,Natural Disaster,0,11686.64
CLM0000095,POL0000491,4171.43,2018-03-25,Fire,0,44731.73
CLM0000096,POL0002809,88319.18,2023-06-24,Accident,0,4003.37
CLM0000097,POL0000634,84861.75,2024-08-27,Natural Disaster,0,31664.42
CLM0000098,POL0001261,25524.34,2022-12-14,Accident,0,32101.18
CLM0000099,POL0002173,80354.61,2018-09-15,Natural Disaster,0,15947.75
CLM0000100,POL0001891,79723.08,2023-08-13,Medical,0,24290.67
CLM0000101,POL0000604,33833.77,2019-11-22,Accident,0,26596.87
CLM0000102,POL0002986,69858.27,2018-01-16,Fire,0,1237.16
CLM0000103,POL0001129,29340.85,2024-11-28,Medical,0,64529.54
CLM0000104,POL0001066,7492.49,2019-07-10,Medical,0,76608.47
CLM0000105,POL0001665,50727.38,2020-05-23,Fire,0,23354.54
CLM0000106,POL0001484,44113.54,2020-04-23,Medical,1,9225.25
CLM0000107,POL0000491,14246.21,2023-03-07,Accident,0,76298.11
CLM0000108,POL0000565,49310.06,2024-09-11,Theft,0,59321.92
CLM0000109,POL0000168,94962.89,2021-08-10,Theft,0,71324.05
CLM0000110,POL0000759,73273.62,2018-09-16,Natural Disaster,1,29061.83
CLM0000111,POL0001198,74017.79,2021-03-04,Natural Disaster,0,38879.76
CLM0000112,POL0001905,75876.3,2018-12-09,Accident,0,74440.1
CLM0000113,POL0001174,74591.06,2019-01-26,Fire,0,36926.33
CLM0000114,POL0002297,2480.19,2021-06-18,Accident,0,53865.99
CLM0000115,POL0001651,92506.75,2024-10-27,Natural Disaster,0,56472.46
CLM0000116,POL0000180,83098.71,2023-07-04,Medical,0,67017.97
CLM0000117,POL0000028,27820.65,2018-11-27,Accident,0,78021.77
CLM0000118,POL0001845,55497.98,2020-05-31,Accident,0,26991.48
CLM0000119,POL0002165,61693.09,2021-10-21,Fire,0,20021.83
CLM0000120,POL0002751,13628.53,2024-06-29,Natural Disaster,0,6493.16
CLM0000121,POL0002705,25769.36,2022-08-10,Accident,0,68566.04
CLM0000122,POL0002880,2813.42,2019-08-09,Medical,0,23626.59
CLM0000123,POL0000262,86463.2,2019-01-03,Medical,0,4254.14
CLM0000124,POL0002674,2978.05,2021-02-08,Theft,0,69262.06
CLM0000125,POL0002833,32210.24,2024-08-02,Natural Disaster,0,40939.78
CLM0000126,POL0000197,8285.53,2024-12-09,Medical,0,67113.56
CLM0000127,POL0001461,78249.89,2021-08-05,Fire,0,44492.21
CLM0000128,POL0002732,92535.79,2020-11-07,Natural Disaster,0,25304.26
CLM0000129,POL0001663,56500.15,2022-08-03,Medical,1,10643.59
CLM0000130,POL0002922,14386.9,2022-05-03,Accident,0,35141.77
CLM0000131,POL0001434,56037.01,2020-10-19,Natural Disaster,0,2415.96
CLM0000132,POL0000333,77148.95,2024-06-29,Medical,0,48316.02
CLM0000133,POL0002768,71982.41,2023-07-16,Accident,0,34384.87
CLM0000134,POL0001182,74301.04,2019-06-26,Theft,0,11579.43
CLM0000135,POL0001776,28277.8,2022-06-28,Natural Disaster,0,42559.69
CLM0000136,POL0000079,7836.88,2022-01-03,Natural Disaster,0,64132.58
CLM0000137,POL0001868,15321.88,2021-09-22,Medical,0,77991.58
CLM0000138,POL0001893,95572.9,2020-07-25,Theft,0,42330.47
CLM0000139,POL0000197,61544.64,2020-10-16,Fire,0,10625.21
CLM0000140,POL0001784,72926.01,2024-10-23,Medical,0,64913.28
CLM0000141,POL0000226,89956.93,2019-08-28,Medical,0,55754.35
CLM0000142,POL0002643,85349.08,2020-05-22,Fire,0,76331.51
CLM0000143,POL0001562,22230.98,2020-01-16,Fire,0,42956.48
CLM0000144,POL0002961,6276.97,2021-02-23,Fire,0,28761.18
CLM0000145,POL0000735,92550.26,2019-02-17,Fire,0,77038.36
CLM0000146,POL0001363,98176.0,2019-06-12,Fire,0,43214.03
CLM0000147,POL0001580,56950.75,2023-02-15,Accident,0,1567.68
CLM0000148,POL0001620,88895.99,2023-03-09,Accident,0,38051.42
CLM0000149,POL0002043,23565.7,2019-12-22,Fire,0,489.53
CLM0000150,POL0002967,11548.35,2020-04-02,Theft,0,59095.31
CLM0000151,POL0002585,50231.79,2019-01-20,Theft,0,45405.83
CLM0000152,POL0000220,81212.75,2020-08-28,Fire,0,9051.15
CLM0000153,POL0002341,65638.04,2023-06-09,Accident,0,65097.0
CLM0000154,POL0001228,63913.36,2020-05-05,Theft,0,43054.05
CLM0000155,POL0001729,2237.16,2018-10-11,Accident,0,9390.61
CLM0000156,POL0000202,32090.54,2024-02-26,Medical,0,13052.87
CLM0000157,POL0001890,93979.83,2018-12-04,Accident,0,65821.68
CLM0000158,POL0002080,13860.22,2019-10-25,Fire,0,28632.3
CLM0000159,POL0001714,72773.41,2021-04-10,Natural Disaster,0,65741.36
CLM0000160,POL0002764,76051.46,2022-11-20,Fire,0,5839.42
CLM0000161,POL0000753,73416.91,2021-09-07,Medical,0,19735.57
CLM0000162,POL0001017,98933.85,2018-08-07,Accident,0,61237.23
CLM0000163,POL0000115,41216.22,2023-07-06,Theft,0,51443.66
CLM0000164,POL0002770,68378.24,2022-05-10,Fire,0,24753.91
CLM0000165,POL0001246,19768.68,2018-07-24,Theft,1,74901.31
CLM0000166,POL0002230,40271.14,2018-03-14,Accident,0,17121.98
CLM0000167,POL0002819,49410.28,2023-07-07,Medical,0,68027.43
CLM0000168,POL0000469,21875.34,2020-03-29,Fire,0,55750.79
CLM0000169,POL0000426,90727.67,2019-05-22,Theft,0,9953.03
CLM0000170,POL0001576,71761.68,2019-01-18,Fire,1,44542.72
CLM0000171,POL0001866,28733.9,2020-08-25,Fire,0,74413.63
CLM0000172,POL0000834,13928.17,2018-03-07,Theft,0,49626.02
CLM0000173,POL0002029,29142.8,2018-10-23,Medical,0,42445.95
CLM0000174,POL0002533,62487.05,2022-12-07,Fire,0,29495.96
CLM0000175,POL0000011,82727.66,2021-03-27,Medical,0,63166.41
CLM0000176,POL0001409,50565.24,2018-09-05,Medical,0,73070.82
CLM0000177,POL0002090,10698.22,2024-10-10,Accident,1,60339.35
CLM0000178,POL0001726,25306.83,2023-11-10,Theft,1,58102.37
CLM0000179,POL0002171,34841.82,2019-09-09,Accident,0,15641.48
CLM0000180,POL0002749,63795.56,2021-06-02,Natural Disaster,0,66768.71
CLM0000181,POL0002300,25041.02,2018-10-05,Accident,0,3543.46
CLM0000182,POL0000973,23775.88,2019-02-20,Fire,0,60661.71
CLM0000183,POL0000604,28977.09,2023-02-04,Fire,0,17106.34
CLM0000184,POL0000213,59456.64,2023-04-16,Fire,0,39134.72
CLM0000185,POL0002316,49516.71,2018-04-17,Natural Disaster,0,55710.15
CLM0000186,POL0002755,84242.78,2021-01-29,Medical,0,60798.55
CLM0000187,POL0000540,69944.27,2020-05-30,Fire,0,71080.29
CLM0000188,POL0000706,66848.78,2018-09-09,Accident,0,22822.59
CLM0000189,POL0001759,15887.68,2019-04-01,Medical,1,18178.32
CLM0000190,POL0002667,5995.17,2021-03-25,Accident,0,79700.82
CLM0000191,POL0001685,51244.89,2022-01-13,Accident,0,16842.39
CLM0000192,POL0001159,7628.35,2022-01-17,Fire,0,53338.82
CLM0000193,POL0000498,36719.78,2019-03-29,Accident,0,76233.75
CLM0000194,POL0000782,3098.18,2018-08-15,Natural Disaster,0,71755.51
CLM0000195,POL0001910,18092.49,2019-06-08,Medical,0,35628.1
CLM0000196,POL0000126,11481.6,2021-09-27,Fire,0,51115.26
CLM0000197,POL0001527,80198.01,2021-07-24,Fire,0,42468.97
CLM0000198,POL0000841,34939.55,2018-05-27,Accident,0,27928.45
CLM0000199,POL0000983,8345.23,2020-09-26,Accident,0,11810.44
CLM0000200,POL0001342,26915.28,2019-11-04,Theft,0,64330.52
CLM0000201,POL0000012,68439.4,2020-09-25,Theft,0,7508.2
CLM0000202,POL0001501,74690.71,2024-09-14,Fire,0,48887.3
CLM0000203,POL0001318,12426.58,2018-10-26,Fire,1,47671.22
CLM0000204,POL0001464,77967.36,2019-04-21,Accident,0,26985.5
CLM0000205,POL0001831,37370.64,2019-02-16,Natural Disaster,0,11092.06
CLM0000206,POL0000516,68098.58,2018-03-20,Natural Disaster,0,64031.08
CLM0000207,POL0002364,67315.03,2023-05-11,Accident,0,37115.38
CLM0000208,POL0001704,79462.48,2018-08-04,Theft,0,58104.25
CLM0000209,POL0001148,69869.69,2020-06-15,Theft,0,1613.92
CLM0000210,POL0002362,4367.4,2018-01-04,Natural Disaster,0,6237.9
CLM0000211,POL0002595,52188.37,2022-04-29,Fire,0,14315.06
CLM0000212,POL0001549,17035.03,2021-08-27,Accident,0,9372.9
CLM0000213,POL0002087,97011.47,2022-08-16,Fire,0,15579.03
CLM0000214,POL0002301,25955.54,2021-09-26,Theft,0,55013.1
CLM0000215,POL0002351,42300.68,2018-01-20,Natural Disaster,0,4045.67
CLM0000216,POL0000979,20071.86,2019-10-14,Fire,0,3317.89
CLM0000217,POL0002306,13891.62,2021-09-11,Theft,0,2822.67
CLM0000218,POL0002590,60292.5,2019-04-29,Theft,0,55902.64
CLM0000219,POL0002007,49571.38,2024-11-17,Theft,0,43030.0
CLM0000220,POL0002688,37778.64,2024-09-23,Fire,0,29808.32
CLM0000221,POL0001847,8999.19,2020-02-27,Medical,0,54145.95
CLM0000222,POL0002600,73727.96,2024-05-20,Natural Disaster,0,44422.26
CLM0000223,POL0002509,1082.7,2023-10-08,Theft,1,884.59
CLM0000224,POL0000224,46037.33,2021-09-24,Fire,0,67132.41
CLM0000225,POL0002140,63440.91,2024-09-20,Accident,0,28209.7
CLM0000226,POL0000280,43355.73,2021-09-12,Natural Disaster,0,32145.03
CLM0000227,POL0001194,13057.79,2023-11-30,Accident,0,62648.51
CLM0000228,POL0001820,77935.86,2020-02-16,Accident,0,15211.14
CLM0000229,POL0001758,32732.42,2022-05-17,Fire,0,1102.73
CLM0000230,POL0002046,13908.18,2021-09-27,Medical,0,72734.42
CLM0000231,POL0000248,55251.45,2024-07-17,Fire,0,40586.62
CLM0000232,POL0001385,2407.57,2018-08-23,Fire,0,28157.31
CLM0000233,POL0001373,32744.34,2019-02-04,Natural Disaster,0,65577.93
CLM0000234,POL0002914,75188.92,2022-06-18,Fire,0,2395.7
CLM0000235,POL0002126,91314.78,2022-08-25,Natural Disaster,1,16422.58
CLM0000236,POL0002506,59376.88,2022-02-28,Theft,0,12676.46
CLM0000237,POL0002634,22152.35,2023-04-14,Natural Disaster,0,59105.11
CLM0000238,POL0000045,22390.01,2024-11-02,Fire,0,25173.31
CLM0000239,POL0002086,60585.23,2023-10-21,Theft,0,61900.67
CLM0000240,POL0000416,40972.79,2018-07-23,Theft,0,3605.67
CLM0000241,POL0002293,18137.8,2024-07-31,Medical,0,48766.81
CLM0000242,POL0002541,78846.01,2024-03-05,Fire,0,25662.19
CLM0000243,POL0002371,20424.18,2021-04-20,Accident,0,15197.52
CLM0000244,POL0001276,32503.26,2022-11-03,Fire,0,65396.17
CLM0000245,POL0002516,6612.23,2021-01-12,Accident,0,33156.33
CLM0000246,POL0001085,70286.53,2023-08-16,Medical,0,45858.88
CLM0000247,POL0001143,27890.15,2024-02-21,Fire,1,2936.78
CLM0000248,POL0000087,23670.26,2024-01-08,Medical,0,63392.47
CLM0000249,POL0002128,30684.15,2023-02-24,Accident,0,23164.54
CLM0000250,POL0000228,87475.99,2023-12-30,Natural Disaster,1,55564.47
CLM0000251,POL0002531,52042.85,2023-05-14,Fire,0,60909.82
CLM0000252,POL0001839,16209.53,2018-03-22,Theft,0,9634.17
CLM0000253,POL0000623,77560.85,2021-03-05,Theft,0,23883.27
CLM0000254,POL0001607,21241.1,2021-01-10,Medical,1,57958.17
CLM0000255,POL0002996,41541.38,2020-09-08,Natural Disaster,0,18804.55
CLM0000256,POL0000485,57023.54,2018-05-31,Theft,0,67899.46
CLM0000257,POL0002888,58652.07,2019-04-29,Theft,1,25164.29
CLM0000258,POL0000025,7368.7,2020-11-30,Fire,0,32365.72
CLM0000259,POL0001815,83762.05,2019-02-12,Theft,0,8249.54
CLM0000260,POL0001226,48203.36,2021-01-06,Accident,0,12069.71
CLM0000261,POL0001249,98931.44,2020-06-17,Medical,0,22251.1
CLM0000262,POL0000779,71885.52,2024-01-02,Theft,0,4198.03
CLM0000263,POL0000931,99260.61,2023-03-21,Fire,0,15684.67
CLM0000264,POL0002843,45620.79,2022-01-29,Accident,0,32892.76
CLM0000265,POL0001603,14507.75,2024-07-24,Theft,0,30582.99
CLM0000266,POL0001583,72867.28,2018-01-04,Medical,0,16135.94
CLM0000267,POL0000753,77887.15,2022-12-18,Medical,0,6711.92
CLM0000268,POL0001714,85357.11,2022-06-10,Medical,0,25656.38
CLM0000269,POL0001101,30494.18,2020-05-03,Theft,1,59704.12
CLM0000270,POL0000426,51313.06,2022-10-07,Accident,0,40954.94
CLM0000271,POL0000660,85821.8,2021-05-31,Natural Disaster,0,75760.28
CLM0000272,POL0001518,86541.26,2019-09-03,Medical,0,11448.94
CLM0000273,POL0002733,3055.54,2021-07-24,Accident,0,16823.24
CLM0000274,POL0000547,67256.22,2024-07-11,Fire,0,22639.87
CLM0000275,POL0001101,60367.89,2024-05-28,Fire,0,1336.25
CLM0000276,POL0002964,8792.11,2018-07-05,Accident,0,75487.42
CLM0000277,POL0002103,93048.54,2023-05-26,Fire,0,35795.5
CLM0000278,POL0001497,44814.54,2020-03-05,Fire,0,38687.46
CLM0000279,POL0001463,67588.64,2024-04-27,Medical,1,12881.24
CLM0000280,POL0001736,88338.38,2022-07-14,Theft,0,69854.01
CLM0000281,POL0001772,13447.05,2019-06-01,Theft,0,55502.79
CLM0000282,POL0002362,85656.39,2023-11-01,Theft,0,34679.47
CLM0000283,POL0001344,72568.41,2020-01-21,Theft,0,70274.33
CLM0000284,POL0002268,84039.44,2019-12-30,Accident,0,72464.98
CLM0000285,POL0001395,49736.15,2024-02-13,Medical,0,4243.6
CLM0000286,POL0001240,3831.74,2018-05-13,Accident,0,9810.17
CLM0000287,POL0000049,67216.33,2018-03-31,Fire,0,2501.98
CLM0000288,POL0001821,37765.98,2019-12-09,Medical,0,46663.9
CLM0000289,POL0002511,40540.38,2023-10-20,Natural Disaster,0,17670.13
CLM0000290,POL0002166,44405.59,2024-10-04,Theft,0,67640.77
CLM0000291,POL0002130,49544.51,2021-01-29,Fire,0,37433.33
CLM0000292,POL0001747,66362.46,2022-12-26,Theft,0,67065.47
CLM0000293,POL0000496,72814.18,2022-06-07,Theft,0,44581.74
CLM0000294,POL0000634,77795.81,2019-05-01,Theft,0,63754.57
CLM0000295,POL0002885,67324.82,2021-12-09,Natural Disaster,0,29936.84
CLM0000296,POL0000602,80446.2,2024-08-16,Fire,0,75647.89
CLM0000297,POL0002818,12653.85,2024-01-15,Theft,0,53472.55
CLM0000298,POL0002721,83763.36,2024-06-24,Theft,0,47760.6
CLM0000299,POL0000176,39034.27,2019-10-22,Medical,1,28382.83
CLM0000300,POL0002853,53113.28,2018-10-24,Theft,0,74993.56
CLM0000301,POL0000639,43661.05,2019-08-26,Medical,0,27217.43
CLM0000302,POL0000297,47833.86,2023-01-01,Fire,0,66918.0
CLM0000303,POL0001284,28900.05,2023-12-22,Fire,0,32523.36
CLM0000304,POL0001875,17410.12,2024-07-17,Fire,0,61444.56
CLM0000305,POL0000475,10937.03,2022-04-27,Medical,0,72976.67
CLM0000306,POL0001647,45414.18,2020-06-13,Natural Disaster,0,37408.89
CLM0000307,POL0001959,12963.47,2024-11-08,Natural Disaster,0,42232.98
CLM0000308,POL0002584,24876.35,2023-09-04,Theft,0,26628.33
CLM0000309,POL0001061,13794.78,2018-07-09,Fire,0,4659.25
CLM0000310,POL0001789,11357.56,2023-02-08,Accident,1,52302.75
CLM0000311,POL0000025,88304.88,2019-07-21,Theft,0,9835.51
CLM0000312,POL0000349,67565.58,2022-10-12,Natural Disaster,0,28518.5
CLM0000313,POL0000637,92414.03,2021-03-14,Natural Disaster,1,28154.66
CLM0000314,POL0000227,64579.21,2018-02-13,Fire,0,12335.0
CLM0000315,POL0001372,84473.13,2023-11-24,Medical,0,53436.81
CLM0000316,POL0000038,55752.21,2019-11-22,Theft,0,14215.57
CLM0000317,POL0001407,46531.69,2019-03-05,Medical,1,62333.41
CLM0000318,POL0002618,53083.5,2020-09-28,Natural Disaster,0,20167.54
CLM0000319,POL0002284,32362.44,2021-08-06,Fire,0,23196.81
CLM0000320,POL0001205,65968.25,2024-06-14,Natural Disaster,0,27695.15
CLM0000321,POL0002162,89768.9,2018-10-27,Fire,0,12474.38
CLM0000322,POL0002354,78344.17,2023-01-10,Accident,0,34910.88
CLM0000323,POL0002180,46469.0,2024-10-25,Medical,1,6701.91
CLM0000324,POL0000348,95414.95,2023-12-26,Theft,0,34341.15
CLM0000325,POL0001204,98549.6,2018-08-17,Fire,1,27391.0
CLM0000326,POL0002463,49563.51,2024-04-22,Accident,0,27259.76
CLM0000327,POL0000983,86531.66,2023-01-01,Accident,0,52955.74
CLM0000328,POL0000732,974.64,2023-05-13,Medical,0,61591.12
CLM0000329,POL0002702,7132.23,2021-09-25,Fire,0,28673.08
CLM0000330,POL0002433,2727.75,2019-12-27,Theft,1,21182.57
CLM0000331,POL0002560,77429.72,2019-03-14,Theft,1,39699.65
CLM0000332,POL0001067,8438.02,2020-10-30,Theft,0,63081.21
CLM0000333,POL0001504,2196.53,2022-04-08,Natural Disaster,0,51672.46
CLM0000334,POL0001142,15168.17,2020-01-30,Natural Disaster,0,3328.71
CLM0000335,POL0001595,30976.33,2024-03-30,Fire,0,38550.38
CLM0000336,POL0002109,46737.72,2022-01-16,Theft,0,79279.92
CLM0000337,POL0002601,7007.63,2018-04-13,Accident,0,28444.26
CLM0000338,POL0001810,50148.73,2019-06-24,Theft,0,35425.13
CLM0000339,POL0002236,25182.12,2024-07-24,Fire,0,23206.32
CLM0000340,POL0000453,27799.96,2021-04-21,Theft,0,39966.27
CLM0000341,POL0002895,82279.27,2024-07-15,Medical,0,13125.43
CLM0000342,POL0002235,98698.9,2020-07-21,Theft,0,19986.99
CLM0000343,POL0002986,46654.47,2023-02-27,Accident,0,57025.38
CLM0000344,POL0001764,32516.18,2022-05-14,Fire,0,11321.46
CLM0000345,POL0000164,93179.09,2019-04-10,Fire,0,74113.66
CLM0000346,POL0001448,50294.62,2023-05-30,Accident,0,24844.44
CLM0000347,POL0000102,73170.18,2020-02-16,Fire,0,46129.5
CLM0000348,POL0001453,41667.13,2024-08-17,Theft,0,25949.91
CLM0000349,POL0000691,20653.58,2018-07-10,Fire,0,38399.05
CLM0000350,POL0001451,65661.07,2022-01-18,Theft,0,72332.97
CLM0000351,POL0002626,66651.84,2023-09-23,Fire,0,5765.61
CLM0000352,POL0002659,46288.29,2018-05-17,Theft,0,68550.51
CLM0000353,POL0001967,27359.99,2023-05-05,Theft,0,44738.62
CLM0000354,POL0000536,83265.44,2022-08-07,Accident,0,53306.18
CLM0000355,POL0002809,27894.15,2020-12-15,Accident,0,4754.2
CLM0000356,POL0002026,66072.89,2021-05-23,Natural Disaster,0,60983.51
CLM0000357,POL0001701,38706.57,2024-08-24,Accident,0,10483.94
CLM0000358,POL0002944,47511.83,2018-01-05,Theft,0,77196.25
CLM0000359,POL0001464,21534.56,2023-05-04,Theft,0,64003.2
CLM0000360,POL0001630,65123.25,2021-05-31,Fire,0,39581.58
CLM0000361,POL0001879,22969.67,2022-07-16,Fire,0,73956.11
CLM0000362,POL0000124,48828.55,2023-06-18,Natural Disaster,0,13775.14
CLM0000363,POL0002716,33181.71,2024-05-20,Theft,0,79335.62
CLM0000364,POL0002397,96378.77,2024-10-18,Natural Disaster,0,57430.48
CLM0000365,POL0000249,98231.0,2022-03-14,Theft,0,8140.72
CLM0000366,POL0001972,75472.39,2020-11-10,Accident,0,43066.34
CLM0000367,POL0001295,98399.79,2021-03-21,Fire,0,56956.85
CLM0000368,POL0001453,11798.29,2019-01-25,Natural Disaster,0,49157.87
CLM0000369,POL0001594,99236.3,2023-11-11,Medical,0,34088.77
CLM0000370,POL0002755,10803.81,2018-03-20,Theft,1,20076.99
CLM0000371,POL0000713,41837.45,2020-12-18,Accident,1,19286.89
CLM0000372,POL0000247,24275.28,2021-03-25,Medical,0,74177.94
CLM0000373,POL0000481,95407.67,2023-07-09,Accident,0,19008.84
CLM0000374,POL0002146,63761.1,2024-11-04,Accident,0,77003.68
CLM0000375,POL0002377,59914.19,2018-09-29,Theft,0,17055.0
CLM0000376,POL0001449,99745.13,2018-08-02,Accident,0,30927.42
CLM0000377,POL0001029,61436.4,2023-06-22,Natural Disaster,0,1282.18
CLM0000378,POL0002014,64792.91,2018-12-04,Medical,0,72280.57
CLM0000379,POL0000459,4955.04,2022-09-25,Accident,0,8616.83
CLM0000380,POL0002844,85975.53,2019-09-17,Accident,0,28779.14
CLM0000381,POL0000593,97023.9,2022-01-25,Fire,0,67448.7
CLM0000382,POL0000498,96050.96,2020-11-23,Fire,0,63414.27
CLM0000383,POL0002135,22500.01,2018-09-30,Natural Disaster,0,67367.63
CLM0000384,POL0002450,22978.58,2018-01-21,Fire,0,73154.37
CLM0000385,POL0001317,36921.69,2020-03-11,Accident,0,72912.34
CLM0000386,POL0000197,31365.9,2020-12-06,Accident,1,61708.78
CLM0000387,POL0002812,30908.66,2020-04-25,Medical,0,46719.17
CLM0000388,POL0000027,60719.06,2022-02-23,Fire,0,45055.48
CLM0000389,POL0001718,80658.0,2021-12-08,Theft,0,1329.69
CLM0000390,POL0002183,93708.43,2020-11-21,Fire,0,57888.85
CLM0000391,POL0001114,7252.12,2023-01-04,Accident,1,18366.13
CLM0000392,POL0002254,28158.86,2021-02-26,Medical,0,66347.18
CLM0000393,POL0001439,25873.87,2024-09-13,Fire,0,44438.19
CLM0000394,POL0000603,36065.25,2022-09-29,Medical,0,78983.66
CLM0000395,POL0001092,42721.26,2022-09-04,Fire,0,17058.8
CLM0000396,POL0000362,39222.56,2021-12-23,Natural Disaster,0,57960.19
CLM0000397,POL0001284,95238.65,2018-08-24,Accident,0,43938.44
CLM0000398,POL0002706,43994.34,2019-07-20,Accident,0,74565.01
CLM0000399,POL0001087,55383.46,2019-01-18,Theft,0,21499.7
CLM0000400,POL0002016,74989.01,2023-05-12,Accident,0,5037.18
CLM0000401,POL0000972,72645.94,2019-12-17,Theft,0,43646.09
CLM0000402,POL0001716,58504.97,2022-06-22,Accident,0,41872.56
CLM0000403,POL0001647,86152.79,2022-10-30,Fire,0,25143.07
CLM0000404,POL0001727,62606.04,2024-10-27,Fire,1,78927.06
CLM0000405,POL0002989,87538.51,2024-09-11,Natural Disaster,0,5856.0
CLM0000406,POL0000908,30625.19,2023-12-06,Fire,0,45690.75
CLM0000407,POL0000246,13636.36,2023-01-03,Medical,0,21039.29
CLM0000408,POL0002326,82042.29,2018-08-25,Fire,0,452.39
CLM0000409,POL0000347,38560.53,2019-09-12,Theft,0,79031.58
CLM0000410,POL0001961,65282.91,2019-01-11,Natural Disaster,1,38684.54
CLM0000411,POL0000372,73862.46,2023-03-02,Medical,0,68618.08
CLM0000412,POL0000809,33007.69,2024-04-11,Medical,0,67253.36
CLM0000413,POL0002897,50763.76,2022-02-12,Accident,0,65038.59
CLM0000414,POL0002171,89545.19,2023-01-11,Theft,0,36883.68
CLM0000415,POL0000160,88039.43,2018-12-15,Fire,0,71705.33
CLM0000416,POL0001151,75061.03,2024-02-26,Fire,0,29571.6
CLM0000417,POL0002785,76392.58,2020-08-10,Accident,0,32848.44
CLM0000418,POL0001335,89819.6,2021-10-28,Fire,0,20679.7
CLM0000419,POL0000518,73765.07,2023-05-03,Medical,0,36012.38
CLM0000420,POL0002983,34288.74,2024-02-23,Fire,0,78924.07
CLM0000421,POL0001289,12517.88,2022-12-04,Fire,0,45987.28
CLM0000422,POL0000746,42477.47,2019-04-19,Medical,0,66538.49
CLM0000423,POL0002336,9190.67,2023-03-03,Theft,0,21288.43
CLM0000424,POL0000420,12019.19,2019-12-06,Theft,0,76486.88
CLM0000425,POL0001552,95042.12,2019-09-02,Medical,0,1349.91
CLM0000426,POL0000140,67750.75,2021-11-13,Medical,0,74440.54
CLM0000427,POL0001833,85235.07,2021-01-28,Natural Disaster,0,71870.91
CLM0000428,POL0000707,64468.47,2019-05-25,Natural Disaster,0,5668.29
CLM0000429,POL0000698,42144.73,2021-11-09,Fire,0,48506.28
CLM0000430,POL0000475,3003.3,2019-11-26,Fire,0,62883.95
CLM0000431,POL0001661,95605.79,2020-01-12,Natural Disaster,0,32483.49
CLM0000432,POL0001902,7557.78,2019-01-03,Fire,0,7621.03
CLM0000433,POL0002437,61211.23,2020-12-21,Theft,0,66403.17
CLM0000434,POL0000511,10669.22,2024-06-29,Theft,0,37479.92
CLM0000435,POL0000538,28772.69,2024-05-10,Accident,0,21281.03
CLM0000436,POL0002261,18988.84,2019-07-15,Natural Disaster,0,5947.18
CLM0000437,POL0002945,55594.83,2018-10-19,Theft,0,51321.7
CLM0000438,POL0001537,88764.0,2023-02-05,Accident,0,3671.46
CLM0000439,POL0001289,63744.42,2023-06-13,Medical,0,63350.18
CLM0000440,POL0001367,66586.71,2020-10-05,Theft,1,61728.93
CLM0000441,POL0001062,90938.68,2023-12-02,Accident,0,26038.53
CLM0000442,POL0000233,75067.81,2024-04-26,Fire,1,37941.3
CLM0000443,POL0002308,86662.61,2019-08-16,Accident,0,53636.8
CLM0000444,POL0000308,41931.01,2022-07-15,Theft,1,76742.17
CLM0000445,POL0000403,86602.96,2023-06-12,Fire,0,41756.04
CLM0000446,POL0000997,64763.21,2018-05-24,Fire,0,79735.38
CLM0000447,POL0001285,13992.97,2019-09-14,Accident,0,26210.93
CLM0000448,POL0001500,4351.89,2018-12-22,Accident,0,42261.41
CLM0000449,POL0000750,24781.42,2023-06-22,Theft,1,9514.56
CLM0000450,POL0001130,38145.79,2020-07-07,Fire,0,44648.23
CLM0000451,POL0000304,83838.0,2018-08-15,Natural Disaster,0,43044.17
CLM0000452,POL0002391,74253.83,2023-12-04,Accident,0,67950.47
CLM0000453,POL0001471,95559.88,2021-02-24,Natural Disaster,0,79725.16
CLM0000454,POL0001062,56137.89,2022-01-26,Natural Disaster,0,78898.4
CLM0000455,POL0000855,74900.29,2020-09-05,Fire,0,19133.21
CLM0000456,POL0001070,27890.7,2018-07-15,Theft,0,27274.11
CLM0000457,POL0001746,68118.0,2018-11-11,Natural Disaster,0,22190.16
CLM0000458,POL0001629,70762.04,2020-09-10,Theft,1,16214.46
CLM0000459,POL0002304,84917.33,2024-02-16,Accident,0,12265.84
CLM0000460,POL0002185,53872.15,2022-07-28,Fire,0,41086.0
CLM0000461,POL0001255,65076.01,2020-09-11,Medical,0,69838.15
CLM0000462,POL0000818,20703.36,2023-11-18,Fire,0,47312.45
CLM0000463,POL0001738,73807.53,2021-01-07,Medical,0,69851.29
CLM0000464,POL0000973,83921.97,2022-06-09,Accident,0,76771.72
CLM0000465,POL0000038,59576.91,2018-10-14,Theft,0,30836.37
CLM0000466,POL0001179,12009.61,2024-02-25,Accident,0,66902.72
CLM0000467,POL0000105,31629.31,2018-12-01,Fire,0,4471.12
CLM0000468,POL0000255,47813.71,2021-08-31,Medical,1,38641.53
CLM0000469,POL0002536,67877.66,2020-09-13,Medical,0,29653.23
CLM0000470,POL0001982,32372.55,2022-06-13,Fire,0,16626.7
CLM0000471,POL0002506,84108.96,2023-04-24,Fire,0,35239.91
CLM0000472,POL0002576,37493.08,2021-01-31,Accident,0,35663.09
CLM0000473,POL0000591,4762.22,2021-08-08,Natural Disaster,1,64740.61
CLM0000474,POL0000525,79502.44,2022-03-29,Medical,0,69552.81
CLM0000475,POL0000370,64600.21,2019-12-10,Fire,1,52658.95
CLM0000476,POL0000102,80294.67,2024-11-20,Accident,1,50781.04
CLM0000477,POL0002964,35214.54,2018-04-21,Natural Disaster,0,9081.54
CLM0000478,POL0000664,2254.2,2022-12-07,Theft,0,46148.37
CLM0000479,POL0000690,7838.42,2023-11-19,Fire,0,22173.25
CLM0000480,POL0001927,11624.18,2018-01-08,Natural Disaster,0,23792.59
CLM0000481,POL0002647,80612.18,2018-01-18,Theft,0,7853.54
CLM0000482,POL0002648,30492.76,2019-08-04,Theft,1,50978.69
CLM0000483,POL0002589,99790.9,2024-11-18,Accident,0,46829.53
CLM0000484,POL0001536,75959.65,2021-01-30,Medical,0,17855.72
CLM0000485,POL0002437,60314.92,2024-05-09,Fire,0,21264.04
CLM0000486,POL0002411,98370.13,2019-07-23,Natural Disaster,0,61908.19
CLM0000487,POL0002029,31972.76,2024-09-03,Theft,0,63496.79
CLM0000488,POL0000931,16978.75,2018-06-11,Medical,0,39598.85
CLM0000489,POL0001857,73858.66,2023-10-29,Theft,0,12175.51
CLM0000490,POL0002660,28169.3,2021-06-11,Fire,0,4730.71
CLM0000491,POL0002770,96123.17,2018-10-14,Fire,0,21936.07
CLM0000492,POL0001990,98812.9,2020-04-19,Accident,0,58575.51
CLM0000493,POL0002391,92677.24,2019-10-31,Fire,0,48185.09
CLM0000494,POL0002183,94503.8,2020-09-14,Fire,0,57533.11
CLM0000495,POL0002988,61757.65,2019-03-10,Fire,1,37898.31
CLM0000496,POL0001886,69365.81,2020-11-07,Medical,0,60450.06
CLM0000497,POL0000978,9877.49,2022-03-13,Natural Disaster,0,38620.22
CLM0000498,POL0001995,76423.49,2024-07-23,Natural Disaster,0,6995.98
CLM0000499,POL0000380,20605.3,2024-12-08,Fire,0,6664.71
CLM0000500,POL0001514,84112.44,2022-07-10,Natural Disaster,0,66570.77
CLM0000501,POL0001149,96172.42,2023-02-01,Fire,0,50481.06
CLM0000502,POL0002086,21631.57,2024-04-13,Natural Disaster,0,22546.43
CLM0000503,POL0000781,8264.1,2023-01-22,Natural Disaster,0,60646.88
CLM0000504,POL0000310,48647.07,2022-04-11,Theft,0,11118.1
CLM0000505,POL0002154,79259.16,2024-05-10,Medical,0,51725.9
CLM0000506,POL0000556,77178.7,2018-09-17,Theft,0,79162.03
CLM0000507,POL0000397,69833.44,2021-04-16,Theft,1,12256.56
CLM0000508,POL0002201,82159.25,2019-05-23,Natural Disaster,1,11613.01
CLM0000509,POL0002584,17911.34,2019-04-19,Accident,0,37586.4
CLM0000510,POL0001884,65367.81,2018-04-15,Accident,0,51520.11
CLM0000511,POL0001170,60765.09,2023-11-24,Medical,0,2415.74
CLM0000512,POL0002941,15766.46,2021-05-27,Fire,0,40123.77
CLM0000513,POL0002631,41735.49,2021-12-14,Natural Disaster,0,6928.68
CLM0000514,POL0000201,85326.71,2020-07-10,Medical,0,19533.51
CLM0000515,POL0001891,97194.28,2022-07-09,Theft,0,57078.09
CLM0000516,POL0000012,66710.3,2022-10-23,Natural Disaster,0,59187.54
CLM0000517,POL0001076,92233.13,2023-11-03,Theft,0,58459.68
CLM0000518,POL0001977,13638.9,2022-04-24,Medical,0,5492.16
CLM0000519,POL0002816,97518.52,2022-10-08,Accident,0,63005.02
CLM0000520,POL0001326,3833.9,2023-05-03,Medical,0,34746.9
CLM0000521,POL0001896,52962.3,2021-03-31,Natural Disaster,0,38182.17
CLM0000522,POL0000920,29455.33,2020-10-10,Natural Disaster,0,33749.33
CLM0000523,POL0002569,81483.96,2018-11-14,Fire,0,68604.68
CLM0000524,POL0002148,22145.59,2019-11-10,Accident,1,54493.64
CLM0000525,POL0000871,1647.24,2020-05-08,Natural Disaster,0,40152.06
CLM0000526,POL0000366,41753.64,2022-04-27,Accident,0,66792.68
CLM0000527,POL0000657,6878.75,2020-06-21,Natural Disaster,0,64487.47
CLM0000528,POL0000161,29364.21,2023-12-11,Accident,0,702.02
CLM0000529,POL0002809,64552.9,2019-04-23,Medical,1,38466.73
CLM0000530,POL0000175,29822.97,2018-07-26,Accident,1,3667.01
CLM0000531,POL0001504,24956.43,2018-10-27,Theft,0,24782.76
CLM0000532,POL0000545,15971.82,2018-11-02,Medical,0,64365.84
CLM0000533,POL0002525,13949.64,2021-09-17,Natural Disaster,1,75540.97
CLM0000534,POL0002331,52822.81,2023-12-24,Natural Disaster,0,19592.71
CLM0000535,POL0001762,68309.95,2022-06-21,Fire,1,2007.58
CLM0000536,POL0000957,45546.95,2022-01-19,Theft,0,32366.21
CLM0000537,POL0000452,12798.51,2021-01-12,Fire,0,27008.97
CLM0000538,POL0000082,64951.75,2020-01-24,Medical,0,54254.2
CLM0000539,POL0001237,55933.63,2020-04-01,Fire,0,39756.1
CLM0000540,POL0000816,38436.91,2018-02-08,Medical,0,32088.13
CLM0000541,POL0002568,33339.66,2021-03-07,Fire,0,18595.58
CLM0000542,POL0002182,18723.71,2023-10-15,Accident,0,66329.89
CLM0000543,POL0000447,15056.8,2023-09-26,Medical,0,20096.63
CLM0000544,POL0002166,34207.78,2023-08-18,Medical,0,4662.38
CLM0000545,POL0001620,4642.3,2022-04-27,Accident,0,45299.46
CLM0000546,POL0001794,43944.43,2020-12-18,Accident,0,25592.7
CLM0000547,POL0000749,60356.61,2023-10-30,Theft,0,57081.08
CLM0000548,POL0001174,94194.6,2024-05-11,Accident,0,6745.47
CLM0000549,POL0001910,62769.9,2021-09-26,Fire,0,77314.71
CLM0000550,POL0001557,62595.57,2024-08-25,Accident,0,15192.58
CLM0000551,POL0000646,37754.27,2018-10-31,Accident,0,28757.43
CLM0000552,POL0000379,13765.06,2021-09-13,Medical,0,38632.11
CLM0000553,POL0002656,44970.3,2023-06-10,Medical,0,71242.37
CLM0000554,POL0002573,60068.29,2021-10-06,Accident,0,57886.51
CLM0000555,POL0001141,72541.34,2020-04-15,Theft,0,11842.83
CLM0000556,POL0002624,82695.63,2022-05-16,Medical,0,35257.51
CLM0000557,POL0000937,25964.85,2020-05-19,Fire,0,43570.08
CLM0000558,POL0002014,24501.4,2023-01-22,Fire,0,56259.42
CLM0000559,POL0000662,56747.34,2019-07-05,Accident,0,45873.6
CLM0000560,POL0001341,56818.51,2022-06-20,Accident,0,36749.59
CLM0000561,POL0000876,22185.81,2019-12-23,Theft,0,61314.15
CLM0000562,POL0000012,58953.79,2018-04-21,Accident,0,30431.19
CLM0000563,POL0001114,34914.95,2024-12-03,Natural Disaster,1,78977.66
CLM0000564,POL0000388,64111.83,2023-03-13,Natural Disaster,0,75838.27
CLM0000565,POL0002131,29458.95,2023-09-13,Accident,0,56678.22
CLM0000566,POL0001920,59433.03,2024-03-20,Natural Disaster,1,70644.17
CLM0000567,POL0000396,76946.85,2022-05-24,Fire,0,31636.09
CLM0000568,POL0002593,98025.8,2024-09-22,Accident,0,46643.18
CLM0000569,POL0002709,91151.27,2019-03-14,Fire,0,22030.62
CLM0000570,POL0000640,50602.11,2020-08-15,Fire,0,70885.45
CLM0000571,POL0000100,49090.73,2019-08-26,Natural Disaster,0,37840.7
CLM0000572,POL0000457,44051.15,2019-04-01,Theft,0,43030.65
CLM0000573,POL0002023,3261.18,2022-02-07,Fire,0,69206.03
CLM0000574,POL0002922,17012.47,2018-12-20,Natural Disaster,1,63843.1
CLM0000575,POL0002376,6389.31,2023-11-24,Theft,0,25942.93
CLM0000576,POL0002772,69787.33,2020-01-29,Natural Disaster,0,7267.98
CLM0000577,POL0000074,41616.85,2022-11-12,Natural Disaster,0,13218.83
CLM0000578,POL0002140,6845.1,2019-05-02,Accident,1,27325.94
CLM0000579,POL0002378,69212.22,2021-08-01,Medical,1,24631.68
CLM0000580,POL0001864,64621.37,2019-03-17,Theft,0,3353.35
CLM0000581,POL0000175,72136.3,2018-12-14,Natural Disaster,0,34735.59
CLM0000582,POL0001761,60183.49,2022-08-30,Fire,0,8736.27
CLM0000583,POL0002363,16573.19,2022-01-11,Fire,0,17904.91
CLM0000584,POL0000497,6608.53,2023-12-12,Medical,0,63062.41
CLM0000585,POL0001293,81805.53,2021-02-25,Theft,1,39741.9
CLM0000586,POL0000428,21973.0,2018-07-24,Accident,0,30024.36
CLM0000587,POL0000035,54481.66,2024-02-21,Theft,0,15079.2
CLM0000588,POL0002167,48779.09,2022-10-05,Fire,0,69342.52
CLM0000589,POL0001395,92144.73,2021-10-11,Fire,0,72324.08
CLM0000590,POL0002973,55467.76,2018-12-20,Accident,0,41638.64
CLM0000591,POL0001381,58211.68,2023-06-28,Accident,0,73725.59
CLM0000592,POL0002876,32290.75,2020-02-14,Fire,0,37343.68
CLM0000593,POL0002438,95890.12,2021-11-14,Natural Disaster,0,8847.23
CLM0000594,POL0000176,61431.19,2022-03-10,Natural Disaster,0,1658.05
CLM0000595,POL0002154,995.55,2021-12-04,Accident,0,10531.71
CLM0000596,POL0000592,55830.19,2020-07-05,Natural Disaster,0,49925.71
CLM0000597,POL0001187,36704.61,2023-08-04,Accident,0,25876.14
CLM0000598,POL0000914,3695.16,2024-01-04,Theft,0,51970.23
CLM0000599,POL0001291,43439.2,2023-06-09,Theft,0,40785.7
CLM0000600,POL0001587,77469.87,2022-03-20,Theft,0,26841.1
CLM0000601,POL0001303,50627.05,2024-05-12,Accident,0,17728.78
CLM0000602,POL0001327,64126.18,2019-06-30,Accident,0,6759.19
CLM0000603,POL0000953,64154.28,2024-10-14,Natural Disaster,0,62656.57
CLM0000604,POL0000861,67266.42,2021-03-16,Natural Disaster,0,65574.63
CLM0000605,POL0002175,39065.82,2019-11-30,Natural Disaster,0,43453.63
CLM0000606,POL0001270,37315.48,2023-06-15,Medical,0,12820.45
CLM0000607,POL0002872,956.16,2018-04-09,Accident,0,21303.26
CLM0000608,POL0000234,15845.13,2021-09-02,Theft,0,76425.08
CLM0000609,POL0002715,95105.62,2018-10-24,Theft,0,18307.48
CLM0000610,POL0002979,84320.46,2018-04-23,Medical,0,4827.34
CLM0000611,POL0001463,27873.29,2020-05-09,Medical,1,44138.94
CLM0000612,POL0002185,40418.6,2018-08-27,Theft,0,21174.54
CLM0000613,POL0001810,94022.17,2019-12-04,Accident,0,76607.56
CLM0000614,POL0002604,25419.23,2020-05-05,Theft,0,46109.0
CLM0000615,POL0002807,53487.03,2018-07-19,Theft,0,77275.43
CLM0000616,POL0001173,2696.94,2020-11-11,Medical,0,62910.46
CLM0000617,POL0000056,62163.62,2022-12-05,Medical,0,57929.86
CLM0000618,POL0002404,93042.32,2020-12-05,Natural Disaster,0,66480.06
CLM0000619,POL0002971,88531.97,2023-12-20,Medical,0,48509.38
CLM0000620,POL0000813,50445.94,2024-03-17,Theft,0,1186.37
CLM0000621,POL0001850,65139.38,2020-06-08,Natural Disaster,0,31579.44
CLM0000622,POL0001960,57194.92,2022-08-30,Theft,0,17755.74
CLM0000623,POL0001087,7163.94,2020-02-03,Accident,0,34914.72
CLM0000624,POL0000806,16292.99,2022-08-16,Accident,0,37802.8
CLM0000625,POL0001576,96399.82,2024-12-12,Medical,0,10488.14
CLM0000626,POL0000600,25968.89,2024-07-27,Natural Disaster,0,2167.49
CLM0000627,POL0002616,38752.7,2019-05-09,Fire,1,11314.56
CLM0000628,POL0002753,51139.96,2019-06-10,Accident,0,68636.94
CLM0000629,POL0000612,97923.65,2018-07-17,Accident,0,60541.58
CLM0000630,POL0001239,69154.35,2023-10-19,Accident,0,63971.76
CLM0000631,POL0002189,63145.05,2018-01-30,Accident,0,22321.64
CLM0000632,POL0001950,52677.8,2023-11-05,Medical,0,19117.11
CLM0000633,POL0001531,70217.1,2024-06-30,Natural Disaster,0,3278.58
CLM0000634,POL0000561,66569.58,2021-01-05,Accident,0,37939.8
CLM0000635,POL0002547,90332.67,2018-12-24,Medical,0,30777.99
CLM0000636,POL0000627,54412.61,2022-01-30,Natural Disaster,1,66920.12
CLM0000637,POL0002550,42439.51,2020-07-17,Natural Disaster,0,54644.84
CLM0000638,POL0002789,80812.62,2024-03-18,Fire,0,11799.59
CLM0000639,POL0002812,80078.44,2023-01-14,Theft,0,78976.26
CLM0000640,POL0001611,17398.73,2018-09-08,Accident,0,61720.07
CLM0000641,POL0000675,24060.8,2022-08-10,Medical,0,57702.93
CLM0000642,POL0000049,95884.51,2020-05-10,Natural Disaster,0,17564.26
CLM0000643,POL0001387,44688.9,2021-11-22,Fire,0,72440.98
CLM0000644,POL0001903,52206.24,2022-06-24,Theft,0,38071.49
CLM0000645,POL0000627,31360.93,2024-05-13,Natural Disaster,0,24023.18
CLM0000646,POL0002728,48366.57,2024-01-13,Natural Disaster,0,52490.24
CLM0000647,POL0000277,74463.98,2020-08-25,Accident,0,17176.63
CLM0000648,POL0002095,48493.34,2022-01-22,Theft,0,72632.98
CLM0000649,POL0002974,31821.08,2024-03-03,Theft,0,68391.19
CLM0000650,POL0000216,10052.1,2024-01-01,Medical,0,37353.44
CLM0000651,POL0000230,92862.02,2019-03-24,Fire,0,15495.4
CLM0000652,POL0002371,87229.95,2020-12-24,Medical,0,39871.38
CLM0000653,POL0002273,79240.81,2021-05-12,Fire,0,12186.32
CLM0000654,POL0001686,69560.06,2023-05-16,Medical,0,21806.96
CLM0000655,POL0001311,51793.23,2021-07-05,Fire,0,38773.77
CLM0000656,POL0000046,89790.98,2019-05-20,Accident,0,1984.84
CLM0000657,POL0001837,79274.3,2022-05-06,Fire,0,61328.09
CLM0000658,POL0001038,81693.08,2020-04-18,Medical,0,15994.12
CLM0000659,POL0000633,31300.27,2022-09-26,Theft,0,69368.92
CLM0000660,POL0002423,42634.1,2023-03-11,Natural Disaster,0,2074.11
CLM0000661,POL0002751,70826.83,2018-04-09,Fire,0,42710.9
CLM0000662,POL0000987,37420.7,2021-03-18,Fire,0,62199.08
CLM0000663,POL0000333,49650.48,2024-01-03,Theft,0,19264.49
CLM0000664,POL0001880,64828.04,2020-06-18,Accident,0,56691.98
CLM0000665,POL0002214,44056.96,2019-05-22,Medical,0,57753.17
CLM0000666,POL0000507,79407.44,2019-12-29,Accident,0,51136.14
CLM0000667,POL0000117,12069.74,2019-05-07,Fire,0,29330.94
CLM0000668,POL0000943,71946.62,2020-09-15,Fire,1,62869.66
CLM0000669,POL0000636,14948.4,2018-09-05,Accident,0,50386.17
CLM0000670,POL0001590,93815.05,2020-10-07,Medical,0,47353.94
CLM0000671,POL0001463,31746.75,2021-11-25,Fire,0,65587.15
CLM0000672,POL0002505,79645.52,2024-03-08,Fire,0,19797.65
CLM0000673,POL0001992,52380.99,2024-02-01,Accident,0,18829.29
CLM0000674,POL0000869,9563.16,2019-06-04,Natural Disaster,0,31099.82
CLM0000675,POL0001295,58467.39,2021-07-13,Theft,0,6128.71
CLM0000676,POL0001735,91261.68,2022-07-04,Fire,0,27190.26
CLM0000677,POL0002264,16144.82,2021-07-16,Medical,0,32679.88
CLM0000678,POL0000113,32470.04,2022-03-23,Natural Disaster,0,39756.14
CLM0000679,POL0002264,44196.29,2018-02-08,Accident,0,20544.87
CLM0000680,POL0000427,27867.78,2021-08-01,Accident,0,72575.34
CLM0000681,POL0001159,94406.06,2018-04-25,Medical,0,23020.75
CLM0000682,POL0001067,38061.28,2023-05-18,Natural Disaster,0,68168.6
CLM0000683,POL0002812,65977.17,2018-04-25,Medical,0,35762.71
CLM0000684,POL0000284,22779.72,2018-04-30,Fire,0,57537.09
CLM0000685,POL0000834,22360.74,2020-06-17,Natural Disaster,0,9138.92
CLM0000686,POL0000230,17997.01,2023-06-07,Theft,0,43707.59
CLM0000687,POL0001920,43763.82,2020-02-14,Theft,0,76877.82
CLM0000688,POL0001667,53519.39,2019-03-21,Medical,0,53400.22
CLM0000689,POL0000385,1569.44,2022-02-19,Theft,0,65677.05
CLM0000690,POL0000159,83375.88,2024-01-20,Medical,0,21107.32
CLM0000691,POL0000824,51519.01,2022-09-03,Fire,0,64073.46
CLM0000692,POL0002519,16142.39,2023-09-26,Fire,0,28294.89
CLM0000693,POL0000208,7195.68,2022-01-14,Medical,0,38960.72
CLM0000694,POL0000174,6788.33,2022-04-04,Fire,0,15280.23
CLM0000695,POL0001824,26135.53,2020-07-31,Theft,0,39010.16
CLM0000696,POL0001105,50179.57,2019-07-17,Fire,1,41401.44
CLM0000697,POL0001042,86093.83,2023-09-12,Theft,0,49899.48
CLM0000698,POL0001017,90345.06,2020-12-15,Theft,0,69530.11
CLM0000699,POL0000708,83316.63,2022-07-17,Accident,0,24596.64
CLM0000700,POL0001384,33192.07,2024-09-06,Fire,0,78735.7
CLM0000701,POL0001892,31002.5,2020-07-31,Fire,0,67860.89
CLM0000702,POL0001303,98752.11,2023-10-07,Medical,1,32412.93
CLM0000703,POL0002445,68287.42,2020-10-14,Medical,1,18365.09
CLM0000704,POL0002814,30842.72,2021-01-04,Natural Disaster,0,5998.12
CLM0000705,POL0000677,33243.48,2024-08-07,Theft,0,18978.83
CLM0000706,POL0002565,43747.12,2019-03-19,Accident,1,70796.48
CLM0000707,POL0000662,62369.77,2018-06-08,Theft,0,23574.9
CLM0000708,POL0001564,89848.93,2018-05-04,Fire,0,11296.99
CLM0000709,POL0001261,20231.56,2024-08-31,Natural Disaster,0,2107.16
CLM0000710,POL0002354,8898.14,2020-07-18,Theft,0,24025.12
CLM0000711,POL0000358,40872.34,2024-05-10,Natural Disaster,0,17527.37
CLM0000712,POL0001309,24922.82,2021-03-07,Theft,0,8445.53
CLM0000713,POL0001317,57815.25,2018-03-21,Fire,0,76101.54
CLM0000714,POL0000419,70071.88,2021-09-18,Fire,0,21629.46
CLM0000715,POL0001492,31418.23,2019-01-09,Theft,0,792.29
CLM0000716,POL0000642,68702.4,2019-06-15,Accident,0,75558.76
CLM0000717,POL0001594,34643.15,2024-05-19,Fire,0,46407.5
CLM0000718,POL0000507,63679.33,2024-05-31,Medical,0,6900.19
CLM0000719,POL0001682,63489.55,2019-03-05,Accident,0,2804.33
CLM0000720,POL0001502,28176.89,2023-05-06,Theft,0,8895.57
CLM0000721,POL0001386,63754.41,2018-11-15,Accident,1,47441.82
CLM0000722,POL0000312,38405.03,2019-01-21,Medical,0,5231.17
CLM0000723,POL0001658,33977.27,2022-12-04,Fire,0,45580.81
CLM0000724,POL0002752,29284.13,2023-09-15,Fire,0,52307.52
CLM0000725,POL0000245,34891.7,2020-12-29,Fire,0,12061.87
CLM0000726,POL0000477,78781.12,2024-03-08,Medical,0,39228.09
CLM0000727,POL0000615,24895.29,2021-01-09,Accident,0,77121.23
CLM0000728,POL0002484,68357.75,2023-08-16,Theft,0,66968.13
CLM0000729,POL0000250,90111.75,2021-07-17,Theft,0,57952.14
CLM0000730,POL0002525,35367.68,2021-07-30,Accident,0,41563.49
CLM0000731,POL0001596,3436.45,2023-11-10,Fire,0,31723.7
CLM0000732,POL0001774,2948.3,2023-02-19,Theft,0,36279.35
CLM0000733,POL0001930,14380.54,2018-07-16,Fire,0,61239.42
CLM0000734,POL0001876,11449.46,2019-12-04,Natural Disaster,0,44477.55
CLM0000735,POL0000511,74934.48,2021-01-10,Natural Disaster,0,61242.92
CLM0000736,POL0001670,29837.65,2023-05-14,Theft,0,77598.88
CLM0000737,POL0001873,65424.72,2020-09-26,Accident,0,51348.98
CLM0000738,POL0000774,4724.32,2023-12-07,Accident,0,48367.35
CLM0000739,POL0001366,29926.16,2019-12-24,Accident,0,32671.11
CLM0000740,POL0000924,23797.55,2022-03-07,Fire,0,15981.29
CLM0000741,POL0000074,28049.61,2022-12-22,Natural Disaster,0,30123.8
CLM0000742,POL0000809,19476.42,2019-03-18,Fire,0,41751.75
CLM0000743,POL0002879,61982.64,2019-02-11,Medical,0,3078.0
CLM0000744,POL0001046,66435.95,2020-05-03,Medical,0,38221.66
CLM0000745,POL0002268,15272.32,2018-09-06,Theft,0,69013.3
CLM0000746,POL0002127,74244.03,2020-01-09,Medical,1,78136.96
CLM0000747,POL0000235,25379.52,2023-08-10,Accident,0,68487.23
CLM0000748,POL0002205,28650.79,2023-10-15,Theft,0,14006.95
CLM0000749,POL0002375,82966.43,2022-05-19,Natural Disaster,0,12654.55
CLM0000750,POL0000642,90166.01,2019-09-10,Natural Disaster,0,31646.98
CLM0000751,POL0000621,82563.25,2018-07-14,Medical,0,18266.81
CLM0000752,POL0000985,15202.4,2022-01-23,Medical,0,54176.76
CLM0000753,POL0001299,99927.13,2024-09-18,Natural Disaster,0,7039.28
CLM0000754,POL0002654,67379.46,2024-02-05,Medical,0,35664.42
CLM0000755,POL0001618,51311.53,2019-06-12,Medical,0,22644.39
CLM0000756,POL0002912,95506.72,2019-05-01,Fire,0,47753.61
CLM0000757,POL0002797,81829.35,2019-08-18,Natural Disaster,0,63826.08
CLM0000758,POL0001796,69328.43,2020-08-29,Natural Disaster,0,73907.98
CLM0000759,POL0002963,83920.53,2019-10-16,Medical,0,77119.06
CLM0000760,POL0002947,38853.93,2021-06-21,Accident,0,28290.2
CLM0000761,POL0000860,68601.63,2021-04-05,Fire,0,68511.07
CLM0000762,POL0002621,19462.71,2024-03-15,Accident,0,47479.46
CLM0000763,POL0002086,98806.06,2024-07-16,Medical,0,55472.76
CLM0000764,POL0002166,59103.68,2019-10-23,Natural Disaster,1,68135.11
CLM0000765,POL0002438,81516.61,2018-11-23,Accident,0,10670.02
CLM0000766,POL0002728,41030.32,2024-12-22,Theft,0,75808.36
CLM0000767,POL0000377,75979.59,2024-02-28,Accident,0,43927.55
CLM0000768,POL0002897,39044.8,2022-09-28,Natural Disaster,0,27079.46
CLM0000769,POL0001898,59205.51,2020-10-05,Medical,0,27296.88
CLM0000770,POL0000376,77924.41,2019-06-18,Accident,0,60154.73
CLM0000771,POL0001605,12089.15,2023-01-08,Medical,1,54389.19
CLM0000772,POL0000595,36000.19,2021-12-04,Fire,0,58439.56
CLM0000773,POL0002795,54721.23,2018-12-29,Theft,0,20463.74
CLM0000774,POL0001066,33732.77,2022-11-13,Natural Disaster,0,13864.64
CLM0000775,POL0002008,31262.14,2020-02-25,Natural Disaster,0,57832.21
CLM0000776,POL0002506,28525.58,2022-11-19,Medical,0,24088.91
CLM0000777,POL0001052,23165.29,2022-03-21,Theft,0,18028.16
CLM0000778,POL0002789,84966.0,2020-10-28,Natural Disaster,1,17404.3
CLM0000779,POL0000629,92407.07,2022-02-10,Accident,0,12127.55
CLM0000780,POL0002374,70166.86,2020-05-16,Natural Disaster,0,34317.21
CLM0000781,POL0001533,3484.95,2024-07-13,Accident,0,21097.6
CLM0000782,POL0002667,78730.2,2022-10-09,Natural Disaster,0,71541.08
CLM0000783,POL0002373,53428.01,2020-05-19,Accident,0,55224.43
CLM0000784,POL0001831,75931.95,2019-10-18,Fire,0,59585.8
CLM0000785,POL0001184,44015.17,2024-05-10,Medical,0,32467.76
CLM0000786,POL0002564,4607.55,2019-06-01,Fire,0,48136.7
CLM0000787,POL0000746,68333.63,2019-11-13,Accident,0,40213.59
CLM0000788,POL0001278,44690.79,2021-08-27,Medical,0,13645.88
CLM0000789,POL0001952,87467.33,2020-03-13,Theft,0,4113.94
CLM0000790,POL0002296,73944.72,2020-06-14,Accident,0,54776.42
CLM0000791,POL0002446,36276.39,2024-04-04,Natural Disaster,0,9957.45
CLM0000792,POL0002630,72546.15,2019-03-30,Natural Disaster,0,4870.73
CLM0000793,POL0002251,49773.26,2022-03-05,Theft,0,35516.83
CLM0000794,POL0001326,20344.67,2022-06-03,Fire,0,59120.7
CLM0000795,POL0001172,42278.69,2019-10-16,Accident,0,61578.81
CLM0000796,POL0000221,22644.96,2023-10-21,Natural Disaster,0,69915.53
CLM0000797,POL0002915,995.16,2022-12-04,Medical,0,16177.36
CLM0000798,POL0001872,25056.18,2022-08-06,Theft,0,78854.26
CLM0000799,POL0002311,21347.37,2020-04-10,Fire,0,61127.76
CLM0000800,POL0002344,931.52,2024-03-26,Fire,0,12829.9
CLM0000801,POL0002340,78500.57,2018-07-14,Medical,0,67305.49
CLM0000802,POL0000684,8160.0,2021-10-09,Medical,1,40067.05
CLM0000803,POL0000876,45181.38,2023-04-02,Theft,0,5603.75
CLM0000804,POL0001055,42079.38,2023-12-24,Medical,0,10823.73
CLM0000805,POL0001963,18550.11,2022-06-01,Natural Disaster,0,34881.29
CLM0000806,POL0002603,96703.42,2018-04-08,Fire,0,42581.39
CLM0000807,POL0000349,60571.49,2018-04-13,Medical,0,75815.15
CLM0000808,POL0000219,81444.55,2024-04-02,Accident,0,17492.28
CLM0000809,POL0001023,49865.99,2022-11-23,Medical,0,38086.13
CLM0000810,POL0000450,72419.79,2020-08-31,Fire,0,18303.39
CLM0000811,POL0000504,96993.03,2022-01-18,Natural Disaster,0,44804.53
CLM0000812,POL0000086,35166.34,2024-06-27,Medical,0,72772.65
CLM0000813,POL0001289,50674.25,2019-10-31,Natural Disaster,1,45549.72
CLM0000814,POL0000523,51696.42,2019-12-28,Accident,0,40952.62
CLM0000815,POL0002509,99203.48,2020-10-11,Fire,0,60085.31
CLM0000816,POL0000630,23693.37,2023-02-23,Theft,0,12064.8
CLM0000817,POL0002300,67693.1,2021-04-25,Fire,1,72477.51
CLM0000818,POL0000018,14253.85,2018-04-20,Theft,0,46337.43
CLM0000819,POL0001269,92743.82,2022-03-05,Theft,0,54998.86
CLM0000820,POL0001177,59243.0,2023-08-11,Fire,0,65571.17
CLM0000821,POL0001633,86011.45,2020-06-11,Theft,0,50912.52
CLM0000822,POL0000500,89576.53,2018-02-20,Natural Disaster,0,51404.05
CLM0000823,POL0000458,55932.44,2021-09-30,Accident,0,58450.83
CLM0000824,POL0000115,68359.72,2023-03-25,Medical,0,4463.25
CLM0000825,POL0000753,70022.7,2019-11-22,Theft,1,30762.18
CLM0000826,POL0000769,46317.84,2023-02-13,Theft,0,77046.06
CLM0000827,POL0002495,43766.41,2018-02-08,Fire,0,20857.49
CLM0000828,POL0002401,19025.73,2019-04-16,Natural Disaster,0,43517.76
CLM0000829,POL0002673,38699.5,2024-02-04,Medical,0,14281.57
CLM0000830,POL0001871,99080.32,2023-11-17,Theft,0,26064.96
CLM0000831,POL0002589,27351.23,2023-08-11,Natural Disaster,0,57451.28
CLM0000832,POL0000322,76362.87,2024-03-05,Medical,0,51554.59
CLM0000833,POL0001973,6405.07,2020-03-25,Fire,0,33321.01
CLM0000834,POL0000226,47013.15,2019-01-13,Theft,0,75064.67
CLM0000835,POL0000361,6311.81,2019-07-08,Fire,0,62071.23
CLM0000836,POL0001555,47842.09,2023-05-28,Fire,0,21653.53
CLM0000837,POL0000834,3241.47,2018-12-19,Theft,0,37396.07
CLM0000838,POL0000112,61522.83,2024-03-09,Natural Disaster,0,70279.35
CLM0000839,POL0000212,58857.66,2022-11-11,Natural Disaster,0,2090.39
CLM0000840,POL0001257,79885.4,2019-02-19,Fire,0,46642.86
CLM0000841,POL0000948,58536.98,2023-08-19,Fire,0,18787.24
CLM0000842,POL0000159,92636.92,2024-05-13,Accident,0,5386.46
CLM0000843,POL0002620,78418.91,2022-03-24,Medical,0,73055.03
CLM0000844,POL0001909,13699.32,2019-07-24,Fire,0,65357.76
CLM0000845,POL0001348,26914.58,2018-03-21,Fire,0,15067.9
CLM0000846,POL0001272,3109.94,2020-10-17,Medical,0,67004.64
CLM0000847,POL0002718,38920.33,2023-09-30,Theft,0,11970.26
CLM0000848,POL0000911,51198.86,2022-01-12,Natural Disaster,0,38250.06
CLM0000849,POL0002452,94621.65,2018-12-04,Theft,0,58144.13
CLM0000850,POL0000404,52465.61,2022-03-14,Medical,0,42844.31
CLM0000851,POL0001842,78212.29,2019-04-03,Medical,0,68107.22
CLM0000852,POL0002649,27168.39,2021-11-04,Accident,1,49465.17
CLM0000853,POL0001691,15739.26,2023-02-15,Accident,0,34726.55
CLM0000854,POL0001464,81178.21,2021-06-21,Natural Disaster,0,74035.42
CLM0000855,POL0001257,25118.8,2020-04-16,Fire,0,3192.68
CLM0000856,POL0000193,87197.84,2021-09-17,Medical,0,39225.39
CLM0000857,POL0001123,17400.06,2022-10-08,Accident,0,52964.29
CLM0000858,POL0001975,85232.86,2022-09-29,Theft,0,66933.85
CLM0000859,POL0001643,77398.33,2023-12-11,Accident,0,43430.18
CLM0000860,POL0001000,61316.46,2021-07-11,Theft,0,70875.76
CLM0000861,POL0001740,85096.96,2019-06-14,Accident,0,34274.26
CLM0000862,POL0000523,33405.66,2021-04-17,Theft,0,25575.15
CLM0000863,POL0000350,17020.4,2020-04-02,Accident,0,77912.82
CLM0000864,POL0002364,16125.55,2024-07-31,Accident,0,53474.32
CLM0000865,POL0001741,27400.71,2023-02-12,Natural Disaster,0,34234.52
CLM0000866,POL0002991,44899.6,2018-10-10,Fire,0,70291.72
CLM0000867,POL0001945,87664.28,2018-05-09,Medical,0,54741.51
CLM0000868,POL0001561,9408.8,2018-07-21,Fire,0,51143.4
CLM0000869,POL0002961,91566.58,2024-03-11,Natural Disaster,0,58364.47
CLM0000870,POL0000652,92586.72,2018-11-28,Theft,0,59141.96
CLM0000871,POL0000635,72860.02,2021-02-01,Fire,0,39590.78
CLM0000872,POL0001802,90078.22,2024-05-13,Medical,0,33718.81
CLM0000873,POL0000593,77113.67,2021-11-16,Medical,1,72769.83
CLM0000874,POL0002492,53065.95,2018-08-16,Theft,0,39930.64
CLM0000875,POL0002669,60274.65,2020-09-02,Medical,0,17500.98
CLM0000876,POL0001232,63008.34,2018-08-27,Natural Disaster,0,41871.74
CLM0000877,POL0000756,13125.88,2024-09-18,Fire,0,3043.44
CLM0000878,POL0001300,19708.89,2018-04-19,Medical,0,57948.47
CLM0000879,POL0000497,52575.19,2023-01-22,Fire,0,10420.63
CLM0000880,POL0000773,11965.22,2020-10-17,Accident,0,9204.42
CLM0000881,POL0002422,96515.44,2024-03-24,Fire,0,75724.58
CLM0000882,POL0001599,50959.16,2021-09-26,Theft,0,61872.77
CLM0000883,POL0000184,38318.57,2022-03-10,Natural Disaster,0,33314.03
CLM0000884,POL0000032,16175.23,2020-12-28,Medical,0,19394.22
CLM0000885,POL0000283,41945.12,2019-08-09,Natural Disaster,0,67526.19
CLM0000886,POL0000836,30591.41,2020-09-30,Fire,0,77496.13
CLM0000887,POL0002921,9248.75,2022-10-29,Medical,0,40815.82
CLM0000888,POL0001456,96717.03,2020-09-17,Natural Disaster,0,46532.06
CLM0000889,POL0000686,26865.32,2023-06-11,Theft,0,19671.36
CLM0000890,POL0000462,69201.79,2021-06-18,Accident,0,47263.25
CLM0000891,POL0000871,9586.59,2021-04-16,Accident,1,32227.63
CLM0000892,POL0000368,91360.32,2019-11-19,Theft,0,67692.61
CLM0000893,POL0002706,59279.77,2018-05-04,Accident,0,30355.91
CLM0000894,POL0000166,65858.76,2022-08-17,Theft,1,52007.7
CLM0000895,POL0001729,78287.54,2023-07-26,Fire,0,16516.24
CLM0000896,POL0000602,60788.58,2019-07-04,Theft,0,7526.63
CLM0000897,POL0002642,7555.29,2021-07-09,Accident,0,3516.31
CLM0000898,POL0002174,43243.45,2018-06-26,Fire,0,33426.94
CLM0000899,POL0000038,26571.99,2019-02-11,Theft,0,13333.24
CLM0000900,POL0000348,48928.34,2021-04-27,Theft,0,79480.37
CLM0000901,POL0001237,40730.35,2022-10-29,Fire,0,63931.16
CLM0000902,POL0002022,82740.05,2024-11-19,Medical,0,55561.84
CLM0000903,POL0002785,25081.23,2020-10-31,Accident,0,64324.48
CLM0000904,POL0000734,20529.46,2020-04-23,Medical,0,21240.96
CLM0000905,POL0000426,95829.59,2020-07-15,Fire,0,70377.34
CLM0000906,POL0001271,94976.9,2022-09-11,Fire,0,79652.22
CLM0000907,POL0000648,99349.76,2024-11-12,Natural Disaster,0,23401.4
CLM0000908,POL0002334,57053.87,2023-11-02,Natural Disaster,0,78776.5
CLM0000909,POL0000320,11757.82,2019-03-31,Fire,1,25835.6
CLM0000910,POL0000512,88076.69,2019-03-24,Natural Disaster,0,1234.33
CLM0000911,POL0002273,14938.94,2024-02-08,Theft,1,29566.96
CLM0000912,POL0002554,15981.64,2020-07-02,Medical,0,79801.95
CLM0000913,POL0001723,19743.06,2018-04-08,Fire,0,50921.56
CLM0000914,POL0001757,65515.17,2020-01-16,Theft,0,55729.16
CLM0000915,POL0001778,11166.31,2019-12-16,Accident,0,19296.27
CLM0000916,POL0002790,77939.02,2021-06-07,Accident,0,11929.83
CLM0000917,POL0002516,6296.03,2023-09-20,Natural Disaster,0,70875.18
CLM0000918,POL0001540,11489.43,2020-08-23,Natural Disaster,0,33247.36
CLM0000919,POL0000938,43731.47,2020-02-10,Theft,0,627.37
CLM0000920,POL0000765,38227.56,2020-06-26,Accident,0,23751.4
CLM0000921,POL0002211,98975.97,2022-01-22,Fire,0,15899.85
CLM0000922,POL0000653,96702.96,2024-12-17,Medical,0,48420.65
CLM0000923,POL0002949,19373.34,2023-08-24,Natural Disaster,1,60563.02
CLM0000924,POL0002856,94693.22,2018-02-19,Theft,0,39950.63
CLM0000925,POL0002130,69380.06,2023-09-01,Natural Disaster,0,15116.15
CLM0000926,POL0000481,41179.89,2018-03-05,Theft,0,4919.77
CLM0000927,POL0000516,74093.28,2018-01-20,Accident,0,25288.66
CLM0000928,POL0001664,90064.03,2024-09-08,Natural Disaster,0,64535.28
CLM0000929,POL0000187,18424.08,2020-05-19,Theft,0,33735.23
CLM0000930,POL0000146,20000.43,2023-10-27,Theft,0,20404.41
CLM0000931,POL0001006,41167.72,2018-12-04,Natural Disaster,0,1951.76
CLM0000932,POL0000152,17336.57,2020-11-27,Medical,0,39836.15
CLM0000933,POL0001387,36359.55,2018-05-27,Fire,0,54880.32
CLM0000934,POL0000093,64746.31,2019-09-26,Accident,0,15469.26
CLM0000935,POL0001850,81375.4,2022-10-03,Natural Disaster,0,43113.95
CLM0000936,POL0002588,30542.53,2020-08-10,Natural Disaster,0,33832.88
CLM0000937,POL0002697,28532.2,2023-09-30,Medical,0,56404.63
CLM0000938,POL0000602,78084.42,2018-02-27,Accident,0,68890.21
CLM0000939,POL0000049,38412.11,2024-09-01,Natural Disaster,0,24771.8
CLM0000940,POL0001903,81938.3,2021-06-10,Medical,0,72410.25
CLM0000941,POL0002589,99341.34,2021-10-20,Fire,0,56644.06
CLM0000942,POL0002204,97977.03,2020-10-15,Theft,0,3262.14
CLM0000943,POL0000775,66437.35,2024-06-24,Fire,0,63362.06
CLM0000944,POL0000546,37833.71,2019-08-21,Fire,0,39721.78
CLM0000945,POL0001464,7016.24,2024-04-21,Fire,0,75653.23
CLM0000946,POL0001261,73935.04,2019-06-25,Fire,0,26093.43
CLM0000947,POL0000650,97807.74,2020-05-15,Theft,0,47419.73
CLM0000948,POL0002024,7264.45,2019-10-31,Accident,1,76504.85
CLM0000949,POL0001081,1113.69,2024-06-06,Accident,0,21911.43
CLM0000950,POL0000175,83261.73,2021-05-14,Medical,0,37914.7
CLM0000951,POL0001238,10674.77,2022-03-07,Medical,0,60273.89
CLM0000952,POL0002075,8621.49,2024-12-24,Natural Disaster,0,55380.57
CLM0000953,POL0001942,91078.44,2020-05-23,Fire,0,67144.65
CLM0000954,POL0001143,8416.3,2020-12-05,Fire,0,41727.8
CLM0000955,POL0000147,11844.76,2018-05-01,Theft,0,25718.02
CLM0000956,POL0000868,57172.58,2023-04-01,Fire,0,42946.24
CLM0000957,POL0002313,75803.01,2020-04-16,Theft,0,28191.81
CLM0000958,POL0002306,40257.44,2019-10-02,Natural Disaster,0,14361.51
CLM0000959,POL0001884,42348.62,2020-03-28,Medical,0,44531.09
CLM0000960,POL0002875,63446.29,2018-06-10,Medical,0,4155.93
CLM0000961,POL0000743,50789.82,2023-07-16,Natural Disaster,0,3215.05
CLM0000962,POL0001523,2353.52,2018-05-17,Natural Disaster,0,5446.51
CLM0000963,POL0000710,11801.53,2021-02-03,Fire,0,53907.11
CLM0000964,POL0001351,58369.2,2022-12-28,Medical,0,32736.85
CLM0000965,POL0001094,79469.42,2021-12-19,Accident,0,39680.98
CLM0000966,POL0001953,76428.76,2022-01-17,Natural Disaster,0,27668.89
CLM0000967,POL0001606,74135.63,2022-10-18,Medical,0,20514.81
CLM0000968,POL0001682,77241.63,2018-09-25,Medical,0,28856.92
CLM0000969,POL0001855,4922.13,2021-07-08,Theft,0,15712.24
CLM0000970,POL0002267,89562.61,2020-11-10,Medical,0,54397.01
CLM0000971,POL0000561,88983.67,2023-05-23,Natural Disaster,0,8408.32
CLM0000972,POL0000892,53426.44,2021-10-12,Fire,0,41496.99
CLM0000973,POL0000597,25235.14,2019-01-08,Medical,0,38303.11
CLM0000974,POL0002391,59421.76,2018-11-08,Accident,0,24363.31
CLM0000975,POL0002551,56009.65,2018-12-18,Natural Disaster,0,8452.46
CLM0000976,POL0000450,22684.24,2021-02-19,Fire,0,56357.61
CLM0000977,POL0002384,60511.45,2024-10-19,Fire,0,45692.37
CLM0000978,POL0002052,79830.76,2021-12-02,Natural Disaster,0,64815.27
CLM0000979,POL0001826,80707.63,2022-06-20,Fire,0,19071.24
CLM0000980,POL0002807,6439.93,2022-11-17,Accident,0,63387.66
CLM0000981,POL0002565,20117.75,2022-07-01,Medical,1,23568.07
CLM0000982,POL0001250,66988.22,2024-03-07,Natural Disaster,0,9273.48
CLM0000983,POL0001174,86053.28,2023-12-26,Medical,1,11052.83
CLM0000984,POL0002286,52361.1,2023-12-31,Medical,1,17918.36
CLM0000985,POL0001684,70898.8,2021-05-17,Fire,0,54689.58
CLM0000986,POL0002151,2596.67,2023-08-08,Natural Disaster,0,19743.75
CLM0000987,POL0001199,61037.87,2022-05-26,Medical,0,48428.52
CLM0000988,POL0001010,96209.96,2018-10-03,Theft,0,20744.87
CLM0000989,POL0001772,66270.95,2018-09-29,Accident,0,29408.31
CLM0000990,POL0001708,92266.43,2019-11-01,Fire,1,71210.78
CLM0000991,POL0002566,56817.94,2024-10-30,Natural Disaster,0,40178.85
CLM0000992,POL0000440,84416.18,2022-02-04,Natural Disaster,1,48140.07
CLM0000993,POL0001309,12854.16,2020-08-16,Fire,0,15385.36
CLM0000994,POL0002273,12789.57,2021-03-12,Medical,0,10781.03
CLM0000995,POL0002613,12457.84,2022-11-21,Fire,0,33230.47
CLM0000996,POL0002031,49140.53,2022-04-26,Natural Disaster,0,68474.22
CLM0000997,POL0001968,33361.22,2022-02-21,Theft,1,19501.62
CLM0000998,POL0000246,72058.99,2021-12-13,Medical,0,49848.89
CLM0000999,POL0001543,90310.88,2021-08-14,Fire,0,69806.07
CLM0001000,POL0001238,62127.8,2019-06-25,Natural Disaster,0,74772.51
CLM0001001,POL0002976,21714.45,2019-02-16,Natural Disaster,0,79505.08
CLM0001002,POL0001614,93122.25,2021-11-14,Natural Disaster,0,61107.69
CLM0001003,POL0001725,53021.81,2021-07-28,Theft,0,6278.31
CLM0001004,POL0000953,72134.58,2023-04-21,Medical,0,69755.52
CLM0001005,POL0002867,89105.33,2022-09-29,Fire,0,70885.26
CLM0001006,POL0002264,98988.28,2022-08-24,Medical,0,44715.44
CLM0001007,POL0000283,50853.36,2021-05-06,Natural Disaster,0,5674.3
CLM0001008,POL0002621,80902.24,2022-06-27,Theft,0,38290.23
CLM0001009,POL0002430,56903.27,2020-04-30,Theft,0,17092.79
CLM0001010,POL0001941,48902.17,2022-04-19,Natural Disaster,0,35535.93
CLM0001011,POL0000172,54002.4,2023-08-01,Medical,0,58012.88
CLM0001012,POL0001245,48685.39,2019-08-23,Medical,0,53503.79
CLM0001013,POL0001119,42392.3,2020-06-05,Theft,0,62465.35
CLM0001014,POL0001883,72510.21,2018-04-13,Accident,1,38278.86
CLM0001015,POL0002092,25342.74,2023-06-28,Theft,0,41010.13
CLM0001016,POL0002276,61829.96,2021-05-17,Theft,0,74874.43
CLM0001017,POL0002622,71439.54,2023-01-24,Fire,0,50605.34
CLM0001018,POL0002365,89263.04,2018-05-24,Theft,1,59878.99
CLM0001019,POL0002779,33521.78,2023-01-09,Accident,0,53262.02
CLM0001020,POL0000601,86129.61,2020-04-05,Theft,0,51346.69
CLM0001021,POL0002672,94556.47,2022-02-18,Medical,1,73109.31
CLM0001022,POL0002024,65043.6,2023-06-06,Fire,1,28711.92
CLM0001023,POL0000467,77257.58,2024-01-31,Fire,0,34386.92
CLM0001024,POL0001739,40867.84,2023-12-17,Theft,0,30566.11
CLM0001025,POL0000297,95237.47,2020-06-04,Fire,0,61286.19
CLM0001026,POL0002593,67250.71,2018-08-23,Fire,0,69513.04
CLM0001027,POL0002537,31360.6,2023-05-30,Theft,0,28792.94
CLM0001028,POL0001020,40724.0,2024-01-06,Accident,0,11645.06
CLM0001029,POL0002263,61966.67,2023-02-17,Theft,0,39680.3
CLM0001030,POL0001548,23796.45,2022-09-15,Medical,0,78750.99
CLM0001031,POL0001899,75514.48,2021-11-04,Natural Disaster,0,16533.44
CLM0001032,POL0000661,22856.81,2024-04-17,Accident,0,36324.47
CLM0001033,POL0000654,59383.02,2022-05-21,Theft,0,21929.53
CLM0001034,POL0000802,69852.15,2020-02-22,Accident,0,73837.51
CLM0001035,POL0000341,86044.92,2024-05-06,Natural Disaster,0,44208.11
CLM0001036,POL0000704,73523.09,2018-10-26,Fire,0,46425.93
CLM0001037,POL0002455,79983.1,2020-06-30,Fire,0,958.42
CLM0001038,POL0000853,91336.71,2019-12-18,Natural Disaster,0,52326.55
CLM0001039,POL0000306,59978.27,2023-09-09,Fire,0,24716.29
CLM0001040,POL0001934,84704.86,2018-01-05,Accident,1,41219.28
CLM0001041,POL0001788,23571.29,2024-10-30,Fire,0,42626.07
CLM0001042,POL0000874,81565.95,2024-02-20,Natural Disaster,0,47500.29
CLM0001043,POL0001582,22557.83,2024-09-12,Natural Disaster,0,65936.09
CLM0001044,POL0000495,93495.61,2023-04-09,Natural Disaster,0,24125.09
CLM0001045,POL0002626,33332.35,2020-08-28,Medical,0,20716.06
CLM0001046,POL0001686,17597.88,2023-07-05,Accident,1,63725.97
CLM0001047,POL0001606,15242.79,2023-09-28,Natural Disaster,0,57581.87
CLM0001048,POL0001538,19133.59,2022-04-01,Accident,0,18281.51
CLM0001049,POL0002589,45030.26,2018-04-23,Medical,0,366.66
CLM0001050,POL0002816,52453.86,2022-03-20,Accident,0,53375.12
CLM0001051,POL0001636,91421.69,2019-08-16,Theft,0,12827.09
CLM0001052,POL0000896,38410.97,2020-12-29,Medical,0,76572.6
CLM0001053,POL0002503,22139.49,2022-07-31,Medical,1,48471.26
CLM0001054,POL0001168,74510.2,2023-06-09,Fire,0,68017.25
CLM0001055,POL0002347,13898.11,2019-11-22,Natural Disaster,0,64508.04
CLM0001056,POL0002475,89282.2,2024-10-25,Medical,1,44756.48
CLM0001057,POL0001862,41235.26,2024-06-11,Accident,0,35236.55
CLM0001058,POL0002764,61577.23,2019-11-27,Theft,0,39894.83
CLM0001059,POL0000757,19025.34,2022-11-14,Accident,1,64298.2
CLM0001060,POL0000031,14980.15,2020-08-04,Accident,0,51343.92
CLM0001061,POL0002380,79984.52,2021-07-14,Theft,0,16695.66
CLM0001062,POL0001994,43255.38,2018-09-21,Fire,0,48865.6
CLM0001063,POL0002100,98680.91,2023-01-03,Natural Disaster,0,32551.93
CLM0001064,POL0000243,52667.65,2020-10-12,Medical,0,5185.41
CLM0001065,POL0002823,84642.46,2018-06-22,Natural Disaster,0,30687.15
CLM0001066,POL0000686,98006.39,2022-08-25,Fire,1,18439.84
CLM0001067,POL0001636,28474.44,2023-12-14,Theft,0,67135.19
CLM0001068,POL0001441,80187.73,2022-04-06,Natural Disaster,0,8668.46
CLM0001069,POL0001499,2689.61,2022-10-14,Accident,0,29041.69
CLM0001070,POL0001416,68135.53,2024-01-27,Medical,0,55730.71
CLM0001071,POL0001413,74647.51,2020-05-17,Medical,0,71822.14
CLM0001072,POL0000573,47997.69,2018-12-11,Fire,0,27024.74
CLM0001073,POL0001992,16629.47,2020-09-17,Fire,1,48633.15
CLM0001074,POL0002920,61863.69,2020-10-11,Theft,0,30079.87
CLM0001075,POL0002748,89804.1,2022-08-23,Fire,1,16469.63
CLM0001076,POL0001432,93166.26,2018-08-02,Natural Disaster,0,26259.71
CLM0001077,POL0002567,74737.19,2022-11-24,Medical,1,50981.4
CLM0001078,POL0001213,26739.47,2020-12-26,Theft,0,57392.25
CLM0001079,POL0002643,87097.53,2021-08-01,Fire,0,29837.27
CLM0001080,POL0002331,88937.9,2021-08-07,Accident,0,12456.8
CLM0001081,POL0001660,37040.6,2019-03-16,Medical,0,11422.73
CLM0001082,POL0000599,18706.68,2018-02-02,Theft,0,65065.34
CLM0001083,POL0002196,87528.61,2023-04-17,Medical,0,52365.9
CLM0001084,POL0000070,88567.18,2021-01-03,Natural Disaster,0,58324.06
CLM0001085,POL0001394,10540.16,2021-04-29,Fire,1,39213.86
CLM0001086,POL0001650,96714.94,2019-08-21,Fire,0,36748.39
CLM0001087,POL0001539,53541.52,2023-08-23,Fire,0,17128.67
CLM0001088,POL0002282,99376.15,2020-01-13,Accident,0,13716.67
CLM0001089,POL0002727,44778.32,2022-05-28,Natural Disaster,1,12566.89
CLM0001090,POL0002684,53561.69,2024-06-08,Accident,0,79345.56
CLM0001091,POL0000467,26975.24,2018-12-05,Natural Disaster,0,65725.07
CLM0001092,POL0000557,89945.27,2020-06-12,Natural Disaster,0,50202.53
CLM0001093,POL0000894,44649.36,2019-09-22,Natural Disaster,0,17387.99
CLM0001094,POL0000836,81554.1,2021-08-14,Fire,0,27211.41
CLM0001095,POL0001311,8433.56,2019-06-27,Fire,0,28257.62
CLM0001096,POL0000618,78930.54,2022-05-09,Fire,0,38370.57
CLM0001097,POL0001318,49279.19,2024-06-29,Accident,0,33933.14
CLM0001098,POL0001505,1038.08,2022-07-06,Theft,0,74752.01
CLM0001099,POL0000134,23013.16,2024-11-25,Natural Disaster,0,57748.53
CLM0001100,POL0000008,19776.16,2021-03-19,Accident,0,6788.0
CLM0001101,POL0002076,75300.58,2018-10-20,Fire,0,28988.56
CLM0001102,POL0000783,47981.62,2024-06-08,Fire,0,10897.12
CLM0001103,POL0001334,16391.98,2021-07-14,Theft,0,22564.56
CLM0001104,POL0000541,26051.9,2022-09-17,Fire,0,76723.77
CLM0001105,POL0002675,50655.64,2020-08-11,Natural Disaster,0,56509.5
CLM0001106,POL0001058,2454.0,2021-09-03,Medical,0,925.82
CLM0001107,POL0002055,42700.5,2024-01-26,Fire,0,26510.25
CLM0001108,POL0002088,67967.11,2022-12-18,Theft,0,35264.53
CLM0001109,POL0000909,52016.58,2024-09-07,Medical,0,48319.36
CLM0001110,POL0002110,60010.9,2023-05-31,Natural Disaster,0,40128.24
CLM0001111,POL0001321,32998.5,2020-12-08,Natural Disaster,0,5860.89
CLM0001112,POL0002427,18716.03,2018-06-30,Natural Disaster,0,41389.13
CLM0001113,POL0000322,81069.26,2024-07-08,Theft,0,10681.66
CLM0001114,POL0000733,90610.67,2020-12-19,Medical,0,41680.22
CLM0001115,POL0001419,51318.69,2024-04-06,Natural Disaster,0,19911.67
CLM0001116,POL0001381,30851.6,2018-01-22,Fire,0,11792.13
CLM0001117,POL0002887,51364.88,2020-12-08,Medical,0,23247.46
CLM0001118,POL0002467,87959.06,2021-09-13,Natural Disaster,0,8239.88
CLM0001119,POL0001360,69294.93,2022-03-11,Medical,1,22933.5
CLM0001120,POL0002068,85932.3,2023-05-04,Fire,0,69394.54
CLM0001121,POL0002460,33173.75,2023-03-07,Accident,0,24781.5
CLM0001122,POL0001915,71341.92,2022-07-17,Natural Disaster,0,37776.7
CLM0001123,POL0000549,65478.37,2019-10-13,Fire,1,41728.73
CLM0001124,POL0001283,57375.84,2019-08-26,Theft,0,14509.77
CLM0001125,POL0000605,53058.37,2020-06-29,Natural Disaster,0,35510.22
CLM0001126,POL0001723,55322.3,2021-07-09,Accident,0,68282.6
CLM0001127,POL0002405,85042.27,2022-04-27,Fire,0,6718.01
CLM0001128,POL0002249,91641.45,2019-06-05,Fire,0,73848.72
CLM0001129,POL0002813,11729.62,2018-03-18,Medical,0,69727.75
CLM0001130,POL0001582,57092.77,2021-02-04,Natural Disaster,0,68509.61
CLM0001131,POL0002279,91881.64,2024-12-02,Accident,0,16123.86
CLM0001132,POL0002351,13906.63,2023-12-09,Theft,0,38899.79
CLM0001133,POL0002435,41579.51,2020-01-16,Medical,0,49407.59
CLM0001134,POL0000715,9363.48,2018-06-15,Natural Disaster,1,8266.01
CLM0001135,POL0000925,11790.9,2022-06-12,Accident,0,44680.59
CLM0001136,POL0000058,90459.03,2020-09-10,Medical,0,67251.44
CLM0001137,POL0000434,44894.87,2024-12-04,Accident,0,74943.35
CLM0001138,POL0002570,69029.6,2022-12-20,Accident,0,22482.78
CLM0001139,POL0002816,14321.99,2023-09-09,Medical,0,23312.52
CLM0001140,POL0002877,2683.77,2020-02-13,Medical,0,21877.23
CLM0001141,POL0001785,89103.15,2019-09-18,Natural Disaster,0,12529.97
CLM0001142,POL0000483,57667.29,2019-06-09,Medical,0,34627.89
CLM0001143,POL0000367,2488.78,2021-04-23,Natural Disaster,0,62822.17
CLM0001144,POL0000889,99237.78,2021-03-26,Accident,0,57053.46
CLM0001145,POL0001853,49473.14,2019-06-18,Medical,0,72055.45
CLM0001146,POL0001355,47849.71,2021-09-20,Natural Disaster,0,28652.6
CLM0001147,POL0001724,62280.96,2019-09-26,Natural Disaster,0,45905.87
CLM0001148,POL0001259,1286.5,2018-10-24,Theft,0,61392.88
CLM0001149,POL0002931,57129.27,2021-10-19,Natural Disaster,0,71884.41
CLM0001150,POL0000411,63133.65,2020-10-30,Natural Disaster,0,69778.82
CLM0001151,POL0002231,30046.88,2020-07-23,Theft,0,37401.75
CLM0001152,POL0002206,72821.81,2018-02-09,Fire,0,72576.57
CLM0001153,POL0002061,38054.47,2023-01-29,Medical,0,35691.24
CLM0001154,POL0002614,71918.43,2021-02-24,Theft,1,72255.73
CLM0001155,POL0002920,14810.61,2019-12-08,Natural Disaster,0,62224.57
CLM0001156,POL0001813,91412.93,2022-11-15,Natural Disaster,0,17965.34
CLM0001157,POL0002603,88006.01,2024-12-25,Medical,0,74394.51
CLM0001158,POL0001803,15487.33,2021-12-22,Accident,0,19624.43
CLM0001159,POL0000678,93876.17,2018-04-18,Theft,0,72701.07
CLM0001160,POL0002911,55999.14,2020-02-07,Fire,0,49324.19
CLM0001161,POL0000618,70314.14,2022-11-12,Medical,0,53489.88
CLM0001162,POL0002252,84109.23,2019-10-15,Medical,0,9013.88
CLM0001163,POL0002350,8815.21,2020-10-06,Theft,0,5539.56
CLM0001164,POL0000795,17343.79,2021-11-01,Natural Disaster,0,77476.78
CLM0001165,POL0002645,29393.9,2018-11-05,Natural Disaster,0,27153.14
CLM0001166,POL0000729,47981.85,2018-12-28,Fire,0,67596.38
CLM0001167,POL0001694,34932.42,2020-03-17,Theft,0,56446.69
CLM0001168,POL0001886,50831.71,2024-01-03,Medical,1,48449.83
CLM0001169,POL0002554,18998.74,2018-09-12,Theft,0,54911.23
CLM0001170,POL0000639,68374.34,2024-06-27,Accident,0,7424.16
CLM0001171,POL0000191,6045.62,2020-05-27,Medical,1,33167.9
CLM0001172,POL0001802,36464.23,2024-11-24,Fire,0,48683.99
CLM0001173,POL0000899,18313.81,2019-09-19,Fire,0,69444.77
CLM0001174,POL0001997,73128.36,2023-10-16,Medical,0,57260.58
CLM0001175,POL0002108,88423.51,2022-10-04,Natural Disaster,0,20448.74
CLM0001176,POL0001490,8339.23,2018-06-20,Medical,1,78798.63
CLM0001177,POL0001403,78611.27,2019-04-17,Medical,0,51550.02
CLM0001178,POL0001453,89624.37,2023-11-07,Accident,0,40254.93
CLM0001179,POL0002110,97410.04,2021-01-12,Medical,0,62575.89
CLM0001180,POL0001944,58148.93,2023-05-29,Theft,0,48335.22
CLM0001181,POL0002350,33075.49,2023-11-04,Theft,0,56886.09
CLM0001182,POL0000638,32536.37,2021-02-11,Fire,0,49485.52
CLM0001183,POL0000999,38207.52,2018-03-01,Natural Disaster,1,14553.39
CLM0001184,POL0002220,61460.41,2018-08-22,Fire,0,43605.48
CLM0001185,POL0001529,49277.89,2022-12-23,Accident,0,22863.16
CLM0001186,POL0000063,65536.69,2018-01-21,Medical,0,45751.99
CLM0001187,POL0002820,4411.73,2020-10-02,Fire,0,10302.63
CLM0001188,POL0000016,11035.21,2020-04-21,Medical,0,18787.67
CLM0001189,POL0002739,97665.68,2020-01-16,Fire,0,64755.19
CLM0001190,POL0000842,99540.86,2020-07-09,Medical,0,32600.06
CLM0001191,POL0001125,74792.55,2021-01-22,Fire,0,54000.66
CLM0001192,POL0001217,26011.52,2021-02-20,Theft,0,39978.52
CLM0001193,POL0001997,95361.48,2022-09-23,Accident,0,27453.57
CLM0001194,POL0000899,21763.43,2019-10-23,Fire,0,39765.47
CLM0001195,POL0001491,73277.42,2023-02-11,Theft,0,65151.9
CLM0001196,POL0002981,11968.2,2022-08-05,Natural Disaster,0,22743.57
CLM0001197,POL0002223,65066.0,2019-12-09,Fire,0,33889.06
CLM0001198,POL0001258,76071.74,2021-03-12,Medical,0,16445.89
CLM0001199,POL0001515,86034.19,2022-05-14,Accident,0,28289.76
CLM0001200,POL0000417,73563.46,2021-08-08,Theft,0,70843.24
CLM0001201,POL0001557,92386.79,2021-02-17,Theft,0,62922.08
CLM0001202,POL0000451,52331.86,2018-03-03,Accident,0,30077.14
CLM0001203,POL0002884,67904.15,2018-12-26,Fire,0,10851.85
CLM0001204,POL0001824,37270.23,2018-07-07,Medical,0,33771.61
CLM0001205,POL0000280,1533.75,2020-08-20,Natural Disaster,0,61806.28
CLM0001206,POL0000244,75790.95,2021-03-29,Fire,0,3790.94
CLM0001207,POL0000675,87051.13,2023-01-05,Accident,0,59703.65
CLM0001208,POL0002194,17805.49,2023-07-21,Fire,0,54488.82
CLM0001209,POL0000103,3349.75,2020-02-17,Fire,0,5452.52
CLM0001210,POL0002358,16867.93,2024-03-31,Accident,0,50960.53
CLM0001211,POL0000117,89581.28,2020-05-03,Accident,0,24102.87
CLM0001212,POL0001496,29903.28,2020-08-02,Natural Disaster,0,14429.64
CLM0001213,POL0000763,23753.56,2019-08-27,Accident,0,30975.09
CLM0001214,POL0002786,1951.69,2018-04-11,Accident,0,16669.4
CLM0001215,POL0001724,30056.99,2023-06-20,Accident,0,66017.1
CLM0001216,POL0002235,71706.09,2023-07-14,Theft,0,59437.44
CLM0001217,POL0000785,95929.38,2024-01-18,Accident,1,78466.01
CLM0001218,POL0001493,31617.75,2019-05-02,Accident,0,42865.77
CLM0001219,POL0000707,24448.19,2023-03-13,Accident,0,7409.7
CLM0001220,POL0002924,88862.87,2020-04-14,Natural Disaster,0,29611.16
CLM0001221,POL0000796,85324.23,2018-04-19,Fire,0,67139.37
CLM0001222,POL0000473,33151.96,2021-02-10,Accident,0,31930.0
CLM0001223,POL0002604,7346.11,2018-09-08,Accident,0,36617.31
CLM0001224,POL0000682,99202.95,2023-12-29,Natural Disaster,0,33134.08
CLM0001225,POL0000094,68230.08,2024-05-14,Fire,0,19059.68
CLM0001226,POL0000736,92694.76,2024-07-02,Natural Disaster,0,6133.66
CLM0001227,POL0002838,34516.51,2021-06-02,Medical,0,14690.66
CLM0001228,POL0002042,64944.7,2018-04-20,Medical,0,29306.26
CLM0001229,POL0002086,67612.47,2024-06-27,Medical,0,19861.38
CLM0001230,POL0002830,87354.09,2020-06-04,Accident,0,45947.0
CLM0001231,POL0002530,99309.27,2022-12-01,Natural Disaster,0,49228.28
CLM0001232,POL0002159,11312.28,2021-09-20,Accident,0,45734.27
CLM0001233,POL0001914,63296.13,2020-01-16,Medical,0,7068.05
CLM0001234,POL0002458,33975.77,2022-01-18,Fire,0,53448.77
CLM0001235,POL0001590,81260.01,2018-10-15,Fire,0,30950.98
CLM0001236,POL0002445,75537.72,2020-10-15,Natural Disaster,0,70289.25
CLM0001237,POL0001151,89305.59,2020-07-01,Fire,1,42191.47
CLM0001238,POL0002014,34698.44,2019-10-22,Medical,0,7035.82
CLM0001239,POL0000042,18860.77,2022-09-29,Natural Disaster,0,1034.68
CLM0001240,POL0000041,2669.27,2019-07-25,Natural Disaster,0,56290.23
CLM0001241,POL0001511,25922.92,2022-06-08,Medical,0,32220.71
CLM0001242,POL0001695,37033.57,2019-05-24,Medical,0,23253.27
CLM0001243,POL0002447,94633.67,2022-11-05,Medical,0,35940.17
CLM0001244,POL0002230,49391.58,2022-09-11,Medical,0,6069.71
CLM0001245,POL0000744,55865.73,2019-10-26,Natural Disaster,0,31541.15
CLM0001246,POL0002766,88072.81,2024-11-05,Fire,0,25381.57
CLM0001247,POL0002512,88564.42,2021-04-22,Medical,0,64075.07
CLM0001248,POL0001074,53027.62,2021-04-11,Theft,0,14235.86
CLM0001249,POL0001432,11813.5,2019-10-12,Natural Disaster,0,60578.46
CLM0001250,POL0000298,27416.36,2019-02-04,Accident,0,40182.08
CLM0001251,POL0002193,45960.38,2024-02-18,Fire,0,6826.47
CLM0001252,POL0000016,75241.36,2024-01-16,Natural Disaster,0,77583.38
CLM0001253,POL0001076,71312.33,2023-01-17,Medical,0,58816.51
CLM0001254,POL0000107,64449.47,2022-06-04,Theft,0,21029.51
CLM0001255,POL0000219,88084.43,2018-10-26,Accident,0,46665.74
CLM0001256,POL0002983,80363.32,2021-02-27,Fire,0,72024.86
CLM0001257,POL0002385,98220.37,2023-10-21,Medical,0,74485.32
CLM0001258,POL0002969,88971.27,2024-08-16,Natural Disaster,0,58573.3
CLM0001259,POL0000371,19967.81,2023-08-02,Natural Disaster,0,58295.31
CLM0001260,POL0002858,6232.85,2023-01-08,Fire,0,22405.69
CLM0001261,POL0000254,41743.84,2018-01-25,Theft,0,79184.03
CLM0001262,POL0001429,61941.69,2020-03-26,Medical,0,19705.45
CLM0001263,POL0002628,64488.8,2024-02-25,Fire,0,7425.69
CLM0001264,POL0002009,27117.52,2023-10-06,Fire,0,78197.2
CLM0001265,POL0001723,86058.16,2024-09-20,Natural Disaster,0,12481.78
CLM0001266,POL0002684,33260.02,2023-05-20,Fire,1,41872.59
CLM0001267,POL0002233,91951.9,2024-04-19,Accident,0,37619.0
CLM0001268,POL0001313,47424.34,2020-08-26,Accident,0,67902.02
CLM0001269,POL0002522,1533.87,2023-04-20,Medical,0,31913.74
CLM0001270,POL0000985,16623.11,2023-10-04,Fire,0,40323.86
CLM0001271,POL0002550,10680.77,2023-12-10,Natural Disaster,0,3785.89
CLM0001272,POL0002922,4880.57,2021-03-03,Medical,0,16864.63
CLM0001273,POL0000350,71544.72,2019-10-22,Theft,0,66689.75
CLM0001274,POL0002108,19635.43,2022-11-02,Natural Disaster,0,38425.39
CLM0001275,POL0001479,83942.67,2023-03-23,Theft,0,18705.26
CLM0001276,POL0000879,26814.65,2020-04-13,Medical,0,29701.92
CLM0001277,POL0002513,3716.55,2019-09-18,Accident,0,23022.12
CLM0001278,POL0000311,82157.2,2024-06-24,Natural Disaster,0,44630.8
CLM0001279,POL0001115,46881.51,2018-05-25,Natural Disaster,0,4400.25
CLM0001280,POL0002979,60150.79,2023-12-18,Medical,0,18230.1
CLM0001281,POL0001322,33954.62,2021-02-13,Natural Disaster,0,28590.71
CLM0001282,POL0000280,5081.02,2018-09-11,Natural Disaster,0,74278.66
CLM0001283,POL0002759,37332.62,2023-05-18,Medical,0,49975.27
CLM0001284,POL0000967,52069.49,2018-01-09,Fire,0,40489.02
CLM0001285,POL0000695,1662.82,2019-07-06,Medical,1,15508.63
CLM0001286,POL0000910,57641.86,2019-01-10,Natural Disaster,0,44760.89
CLM0001287,POL0002615,89357.69,2020-09-01,Medical,0,74342.06
CLM0001288,POL0000271,22175.13,2024-05-17,Natural Disaster,0,45434.85
CLM0001289,POL0001541,92713.53,2023-11-23,Theft,1,13432.49
CLM0001290,POL0001125,10212.05,2022-04-07,Theft,1,79770.38
CLM0001291,POL0001412,82630.92,2021-09-01,Accident,0,40058.95
CLM0001292,POL0001310,84112.27,2024-05-30,Medical,0,25768.55
CLM0001293,POL0001754,26147.11,2024-11-05,Medical,0,40419.08
CLM0001294,POL0000841,95805.42,2023-05-12,Theft,0,21316.16
CLM0001295,POL0001822,41951.57,2024-12-21,Theft,0,2720.74
CLM0001296,POL0001004,14554.98,2022-10-28,Theft,0,71194.85
CLM0001297,POL0000240,59375.59,2021-09-17,Accident,0,34481.29
CLM0001298,POL0001640,99663.16,2021-12-22,Accident,0,60305.55
CLM0001299,POL0000361,89979.51,2020-07-03,Fire,0,77709.05
CLM0001300,POL0000734,28220.98,2018-12-12,Medical,0,50717.23
CLM0001301,POL0000852,57910.17,2020-01-09,Accident,0,55421.82
CLM0001302,POL0000860,11979.08,2018-12-29,Natural Disaster,0,75476.3
CLM0001303,POL0000701,46453.56,2018-07-01,Medical,0,41469.39
CLM0001304,POL0001351,52545.47,2023-03-14,Fire,0,25796.02
CLM0001305,POL0002884,31870.19,2020-07-16,Theft,0,73734.33
CLM0001306,POL0000823,48676.61,2020-10-23,Fire,0,5798.83
CLM0001307,POL0001635,92033.88,2024-04-21,Medical,0,17404.25
CLM0001308,POL0000097,50263.69,2019-09-07,Theft,1,27498.79
CLM0001309,POL0000327,83183.54,2023-04-21,Fire,0,62634.3
CLM0001310,POL0002121,32080.35,2021-03-18,Fire,0,72340.95
CLM0001311,POL0000994,97154.72,2020-12-21,Medical,1,36307.39
CLM0001312,POL0001280,9799.59,2019-06-18,Accident,0,23104.38
CLM0001313,POL0001767,58765.87,2020-06-15,Natural Disaster,0,28450.89
CLM0001314,POL0000994,79093.84,2018-07-24,Fire,1,52626.82
CLM0001315,POL0000333,81497.08,2020-02-29,Natural Disaster,0,12893.17
CLM0001316,POL0001181,20228.97,2021-07-21,Medical,1,43930.23
CLM0001317,POL0001965,40463.77,2022-04-05,Medical,0,47198.93
CLM0001318,POL0002506,62607.52,2022-10-01,Accident,0,56716.1
CLM0001319,POL0002782,31930.33,2019-07-12,Theft,0,48430.66
CLM0001320,POL0002924,66000.45,2018-06-05,Natural Disaster,0,8027.36
CLM0001321,POL0002906,38188.68,2018-01-22,Fire,0,55197.27
CLM0001322,POL0000099,35411.2,2019-03-31,Theft,0,2033.27
CLM0001323,POL0002780,11252.78,2019-12-10,Natural Disaster,0,31407.61
CLM0001324,POL0002973,4405.66,2020-11-03,Natural Disaster,1,33539.92
CLM0001325,POL0000244,83609.74,2024-04-09,Theft,0,9595.45
CLM0001326,POL0001501,49209.68,2023-04-12,Theft,0,1085.61
CLM0001327,POL0001465,56505.88,2020-02-03,Accident,0,5971.6
CLM0001328,POL0001399,37535.99,2024-03-31,Fire,0,35870.11
CLM0001329,POL0002710,14105.83,2024-07-10,Fire,0,19456.23
CLM0001330,POL0000367,45232.41,2019-08-28,Fire,1,5797.74
CLM0001331,POL0002547,23281.23,2021-06-23,Theft,0,20735.51
CLM0001332,POL0001482,83849.46,2019-06-12,Accident,0,42447.14
CLM0001333,POL0002161,98685.46,2021-10-28,Medical,0,59448.47
CLM0001334,POL0002993,88965.07,2021-03-28,Accident,0,33136.51
CLM0001335,POL0001048,53063.29,2018-08-03,Theft,0,49167.97
CLM0001336,POL0000283,62999.11,2023-10-19,Accident,0,47862.14
CLM0001337,POL0001316,94838.19,2018-11-03,Theft,0,71736.27
CLM0001338,POL0001387,54098.85,2020-04-21,Natural Disaster,0,14597.72
CLM0001339,POL0002449,64039.62,2021-01-14,Natural Disaster,0,38271.51
CLM0001340,POL0002616,63108.34,2020-10-04,Medical,1,50656.83
CLM0001341,POL0002762,70958.05,2021-06-19,Natural Disaster,0,41721.87
CLM0001342,POL0001738,64208.37,2019-01-31,Medical,0,36192.22
CLM0001343,POL0000422,67235.19,2018-10-25,Fire,0,77884.68
CLM0001344,POL0002897,72726.5,2021-10-23,Theft,0,75378.5
CLM0001345,POL0001267,81005.37,2019-06-07,Fire,0,49033.0
CLM0001346,POL0001378,40603.97,2023-07-19,Fire,0,35334.18
CLM0001347,POL0001412,74710.48,2022-05-12,Medical,0,60503.96
CLM0001348,POL0000475,10470.27,2023-08-13,Theft,0,41180.9
CLM0001349,POL0002453,87680.72,2020-05-04,Medical,0,79646.9
CLM0001350,POL0002084,29359.41,2018-11-09,Accident,0,54969.2
CLM0001351,POL0000358,40644.3,2024-05-15,Fire,0,5732.36
CLM0001352,POL0000558,80459.24,2024-03-18,Theft,0,32332.28
CLM0001353,POL0001351,63880.21,2024-01-02,Fire,0,58502.1
CLM0001354,POL0001068,31208.48,2023-08-25,Accident,0,67436.83
CLM0001355,POL0002368,22927.21,2023-09-13,Accident,0,65125.55
CLM0001356,POL0000738,95792.59,2020-05-03,Theft,0,78185.85
CLM0001357,POL0002706,9233.75,2021-11-14,Theft,0,39282.9
CLM0001358,POL0002520,931.34,2023-05-22,Accident,0,11463.34
CLM0001359,POL0002573,67457.02,2022-05-12,Fire,0,52283.78
CLM0001360,POL0000025,61640.21,2018-11-18,Natural Disaster,0,5938.69
CLM0001361,POL0000640,73892.59,2019-08-14,Fire,0,77889.81
CLM0001362,POL0001575,73297.57,2018-04-11,Natural Disaster,0,60755.09
CLM0001363,POL0002924,86394.28,2020-03-11,Medical,0,78577.22
CLM0001364,POL0001209,92249.8,2022-03-18,Theft,0,30367.06
CLM0001365,POL0000174,77614.95,2024-04-10,Accident,0,1559.0
CLM0001366,POL0001418,23613.13,2019-08-01,Medical,0,41846.79
CLM0001367,POL0000186,46617.87,2020-04-28,Fire,0,9958.31
CLM0001368,POL0001305,64350.67,2023-03-31,Natural Disaster,0,54466.33
CLM0001369,POL0001001,54166.84,2023-03-05,Theft,0,39954.85
CLM0001370,POL0001319,16310.3,2018-10-12,Natural Disaster,0,60349.72
CLM0001371,POL0000528,59132.67,2023-03-09,Fire,0,23498.18
CLM0001372,POL0000684,88709.6,2022-10-23,Fire,0,66384.5
CLM0001373,POL0002234,42142.46,2019-01-11,Accident,0,52170.4
CLM0001374,POL0001568,67058.82,2019-10-17,Medical,0,79020.46
CLM0001375,POL0000575,61785.46,2018-07-12,Theft,0,14531.0
CLM0001376,POL0002035,38015.79,2018-09-03,Accident,1,4378.47
CLM0001377,POL0001885,56744.49,2021-08-06,Natural Disaster,0,68128.68
CLM0001378,POL0001325,21416.1,2022-12-02,Medical,0,27274.57
CLM0001379,POL0000309,54837.67,2021-08-15,Theft,1,34670.34
CLM0001380,POL0001213,79983.54,2020-06-29,Natural Disaster,0,74075.76
CLM0001381,POL0001842,76015.3,2022-07-25,Theft,0,35423.54
CLM0001382,POL0001435,36116.48,2018-06-03,Theft,0,24052.12
CLM0001383,POL0000538,11652.48,2022-01-10,Medical,0,5041.79
CLM0001384,POL0000858,80094.29,2024-10-08,Natural Disaster,0,35601.95
CLM0001385,POL0001575,26871.39,2018-07-12,Accident,0,52499.64
CLM0001386,POL0000193,5777.85,2018-09-30,Accident,0,21753.25
CLM0001387,POL0001187,44796.7,2019-08-24,Accident,0,57507.02
CLM0001388,POL0000053,74077.32,2021-03-20,Theft,1,38417.64
CLM0001389,POL0000475,80945.09,2023-09-28,Fire,0,68691.15
CLM0001390,POL0000174,98229.11,2023-07-10,Medical,0,13190.48
CLM0001391,POL0001220,19346.06,2021-10-18,Accident,0,60639.25
CLM0001392,POL0001814,29732.59,2019-11-23,Medical,0,74624.44
CLM0001393,POL0000700,61144.3,2022-01-14,Theft,1,59389.42
CLM0001394,POL0002438,81228.7,2021-12-02,Medical,0,32653.21
CLM0001395,POL0000457,23790.46,2020-12-04,Accident,0,18667.32
CLM0001396,POL0001355,41286.49,2020-09-21,Accident,0,8139.88
CLM0001397,POL0001519,41135.87,2019-07-31,Theft,0,51496.86
CLM0001398,POL0002170,77407.2,2022-04-05,Theft,0,11685.49
CLM0001399,POL0002466,24472.75,2020-12-05,Natural Disaster,0,67112.83
CLM0001400,POL0000159,96891.48,2022-07-05,Theft,0,76870.77
CLM0001401,POL0002646,51291.15,2024-12-28,Fire,0,11122.4
CLM0001402,POL0001838,28565.65,2023-02-11,Fire,0,30271.42
CLM0001403,POL0000516,28786.26,2021-03-29,Accident,0,75000.59
CLM0001404,POL0001026,2320.85,2024-03-09,Theft,0,37815.16
CLM0001405,POL0000659,69396.87,2023-06-09,Fire,0,42972.66
CLM0001406,POL0000678,77706.86,2021-10-13,Fire,0,59877.03
CLM0001407,POL0000315,3726.56,2021-10-05,Natural Disaster,0,17079.51
CLM0001408,POL0002376,58800.49,2023-08-18,Theft,1,78338.18
CLM0001409,POL0000276,78276.43,2023-01-25,Natural Disaster,1,62536.42
CLM0001410,POL0002764,37935.88,2022-10-16,Medical,0,13161.46
CLM0001411,POL0000452,43557.79,2022-12-23,Natural Disaster,0,9152.25
CLM0001412,POL0001589,36481.68,2018-04-01,Medical,1,74815.85
CLM0001413,POL0000486,31907.25,2019-08-02,Medical,0,54896.72
CLM0001414,POL0001131,49368.6,2019-01-14,Theft,0,3373.81
CLM0001415,POL0000567,17027.02,2024-11-02,Medical,0,11616.38
CLM0001416,POL0000246,44348.42,2019-05-16,Medical,0,4111.99
CLM0001417,POL0002983,94211.6,2022-07-16,Natural Disaster,0,77934.31
CLM0001418,POL0000889,3226.51,2019-02-07,Theft,0,39978.72
CLM0001419,POL0002212,16891.97,2023-07-29,Theft,0,37133.23
CLM0001420,POL0002575,77881.39,2019-08-08,Medical,0,76475.57
CLM0001421,POL0000001,13639.68,2023-05-10,Natural Disaster,0,40519.49
CLM0001422,POL0002911,27492.45,2021-12-06,Natural Disaster,1,41565.06
CLM0001423,POL0002185,45756.47,2021-07-03,Natural Disaster,0,78732.54
CLM0001424,POL0000151,94344.64,2020-10-08,Natural Disaster,0,9181.15
CLM0001425,POL0001768,18758.37,2022-08-26,Accident,0,78864.66
CLM0001426,POL0001511,92346.92,2023-12-21,Medical,0,13504.53
CLM0001427,POL0001249,71993.19,2022-08-25,Medical,0,37991.04
CLM0001428,POL0001129,67278.92,2021-02-13,Medical,0,27207.81
CLM0001429,POL0000999,72492.48,2023-11-15,Theft,1,76447.07
CLM0001430,POL0000698,3609.04,2018-10-03,Theft,0,38994.61
CLM0001431,POL0001089,10340.58,2020-12-04,Natural Disaster,0,2134.26
CLM0001432,POL0002381,33816.73,2019-01-12,Theft,0,17968.78
CLM0001433,POL0002420,7859.77,2022-08-09,Fire,0,34635.72
CLM0001434,POL0001231,98765.18,2024-07-16,Medical,0,54208.32
CLM0001435,POL0002629,58251.01,2023-03-30,Medical,0,45083.67
CLM0001436,POL0000686,48990.7,2018-11-21,Accident,0,68037.77
CLM0001437,POL0002757,78658.42,2022-12-23,Accident,0,66326.16
CLM0001438,POL0000928,97707.44,2023-01-19,Fire,1,47363.59
CLM0001439,POL0001843,95535.44,2018-10-03,Accident,0,45833.8
CLM0001440,POL0001733,79409.96,2022-05-02,Natural Disaster,0,22469.73
CLM0001441,POL0000740,38028.84,2024-07-12,Natural Disaster,0,76645.1
CLM0001442,POL0000271,7062.97,2020-02-14,Medical,0,6425.05
CLM0001443,POL0001973,10288.51,2023-05-16,Natural Disaster,0,31943.31
CLM0001444,POL0000711,614.66,2021-08-02,Accident,0,52968.62
CLM0001445,POL0000325,689.33,2023-07-25,Fire,0,75669.35
CLM0001446,POL0000990,93673.97,2019-10-14,Natural Disaster,0,40271.92
CLM0001447,POL0001551,92738.19,2019-09-05,Medical,0,71704.77
CLM0001448,POL0000798,66921.6,2024-02-15,Medical,0,8652.54
CLM0001449,POL0001870,72804.33,2020-08-27,Accident,0,42667.26
CLM0001450,POL0002968,51564.24,2021-12-10,Natural Disaster,0,25489.23
CLM0001451,POL0002595,24165.3,2021-07-15,Accident,0,63717.03
CLM0001452,POL0001093,91481.31,2024-09-29,Medical,0,35766.09
CLM0001453,POL0002956,28130.3,2021-11-10,Fire,0,38177.62
CLM0001454,POL0000212,74097.29,2018-01-04,Natural Disaster,0,5463.13
CLM0001455,POL0001582,24920.85,2018-10-14,Fire,0,35209.4
CLM0001456,POL0001444,87079.77,2019-11-10,Natural Disaster,0,6742.05
CLM0001457,POL0002645,65298.32,2021-07-07,Medical,0,24175.1
CLM0001458,POL0000048,64448.15,2019-01-17,Natural Disaster,0,10412.45
CLM0001459,POL0000231,10188.04,2018-04-01,Medical,0,26958.13
CLM0001460,POL0000579,42237.16,2021-03-23,Theft,0,18422.85
CLM0001461,POL0002998,52728.4,2024-04-19,Medical,0,23028.84
CLM0001462,POL0001113,29756.61,2022-07-03,Medical,0,12126.35
CLM0001463,POL0001755,88156.97,2021-03-23,Natural Disaster,0,35336.73
CLM0001464,POL0002980,83848.16,2021-04-02,Fire,1,39956.84
CLM0001465,POL0002100,49615.28,2020-10-29,Medical,1,66980.82
CLM0001466,POL0000422,34333.1,2020-09-01,Natural Disaster,0,43244.38
CLM0001467,POL0000611,80253.46,2024-02-09,Medical,0,18531.98
CLM0001468,POL0000446,20090.7,2023-10-15,Accident,0,58950.89
CLM0001469,POL0000961,7615.87,2023-01-25,Accident,0,23990.57
CLM0001470,POL0000131,5048.19,2019-01-25,Accident,0,60584.8
CLM0001471,POL0002648,4348.98,2023-05-05,Accident,1,31156.98
CLM0001472,POL0001672,49144.42,2023-04-21,Fire,0,41239.9
CLM0001473,POL0002422,25903.71,2024-11-21,Medical,0,40449.32
CLM0001474,POL0002599,69192.32,2023-09-30,Accident,0,76464.18
CLM0001475,POL0002578,65562.21,2018-08-07,Natural Disaster,0,12547.13
CLM0001476,POL0002435,54430.99,2020-07-08,Accident,1,75102.88
CLM0001477,POL0000336,35607.91,2018-07-08,Theft,0,45090.49
CLM0001478,POL0002784,85120.4,2019-08-24,Theft,0,79496.98
CLM0001479,POL0001141,71115.42,2019-11-16,Fire,0,45979.12
CLM0001480,POL0001025,27516.85,2018-08-10,Theft,0,52613.18
CLM0001481,POL0001653,50418.02,2022-06-28,Natural Disaster,0,60041.06
CLM0001482,POL0002944,16048.99,2024-08-16,Accident,0,65796.6
CLM0001483,POL0000538,33213.24,2018-02-15,Theft,0,38361.82
CLM0001484,POL0000496,99715.45,2018-07-04,Theft,1,54383.93
CLM0001485,POL0000508,22772.5,2020-05-25,Fire,0,49306.17
CLM0001486,POL0000681,69981.08,2022-02-11,Theft,0,32744.83
CLM0001487,POL0002613,24222.66,2019-04-10,Accident,0,65717.57
CLM0001488,POL0000781,93844.39,2018-12-10,Medical,0,15638.15
CLM0001489,POL0000760,31358.22,2018-11-04,Accident,0,13620.32
CLM0001490,POL0000128,34995.56,2019-10-07,Theft,0,58994.13
CLM0001491,POL0001293,59589.05,2023-12-02,Theft,0,51107.58
CLM0001492,POL0002194,59017.12,2022-01-13,Theft,0,25617.54
CLM0001493,POL0002547,58118.1,2022-02-27,Fire,0,50919.85
CLM0001494,POL0000966,57538.84,2024-12-25,Natural Disaster,0,61720.58
CLM0001495,POL0000560,31562.6,2019-12-29,Accident,0,17592.2
CLM0001496,POL0001223,43723.82,2021-01-08,Theft,0,46637.11
CLM0001497,POL0000924,59546.63,2023-12-09,Medical,0,66025.87
CLM0001498,POL0001628,67291.38,2021-07-19,Fire,0,33075.71
CLM0001499,POL0002451,25686.34,2018-02-15,Natural Disaster,1,45867.42
CLM0001500,POL0002390,70296.77,2019-03-04,Theft,0,6559.3
CLM0001501,POL0001072,92365.99,2020-09-27,Accident,0,66488.36
CLM0001502,POL0000541,75913.81,2018-04-06,Medical,0,63751.27
CLM0001503,POL0001200,8881.16,2022-02-08,Fire,0,36663.48
CLM0001504,POL0000511,47178.06,2021-10-19,Accident,1,9804.1
CLM0001505,POL0002067,43808.75,2022-03-09,Accident,1,52933.78
CLM0001506,POL0002543,33982.08,2020-03-25,Fire,0,45966.52
CLM0001507,POL0000355,49386.35,2021-01-31,Accident,0,73582.55
CLM0001508,POL0002607,44243.56,2022-05-18,Medical,1,22600.74
CLM0001509,POL0000345,1113.96,2021-10-21,Medical,0,2876.42
CLM0001510,POL0001084,24037.25,2024-12-22,Accident,0,20602.75
CLM0001511,POL0002736,21771.32,2024-05-13,Theft,0,34404.19
CLM0001512,POL0001791,35251.32,2020-08-14,Accident,0,12688.92
CLM0001513,POL0002277,17858.45,2020-03-08,Theft,0,78384.88
CLM0001514,POL0000147,7246.24,2022-09-14,Accident,1,18024.56
CLM0001515,POL0002380,20062.98,2022-06-27,Natural Disaster,0,54325.51
CLM0001516,POL0002481,85491.59,2021-03-07,Medical,0,36492.78
CLM0001517,POL0000399,79805.41,2023-12-15,Accident,0,44545.28
CLM0001518,POL0001724,44488.57,2024-07-09,Medical,0,74634.6
CLM0001519,POL0002884,87842.6,2019-02-13,Fire,0,42664.84
CLM0001520,POL0001435,23650.23,2023-09-23,Natural Disaster,0,24626.55
CLM0001521,POL0000587,58628.81,2024-12-24,Theft,0,17898.9
CLM0001522,POL0002647,14721.03,2020-07-05,Fire,0,71391.83
CLM0001523,POL0001295,83423.37,2022-08-09,Natural Disaster,0,78941.99
CLM0001524,POL0002805,13492.86,2021-06-11,Fire,0,20371.02
CLM0001525,POL0002394,3670.09,2019-08-27,Medical,0,57838.12
CLM0001526,POL0001543,27707.7,2022-12-26,Natural Disaster,0,40608.47
CLM0001527,POL0001805,90143.04,2023-02-01,Fire,0,55977.06
CLM0001528,POL0002036,13380.98,2023-04-11,Theft,0,77147.9
CLM0001529,POL0001428,33401.69,2023-10-17,Natural Disaster,0,22304.11
CLM0001530,POL0000738,31983.29,2023-08-01,Natural Disaster,0,59273.69
CLM0001531,POL0001778,80263.8,2018-03-24,Fire,0,35204.36
CLM0001532,POL0000380,42441.78,2022-12-14,Accident,1,52306.97
CLM0001533,POL0002469,61350.92,2023-08-01,Theft,0,32710.16
CLM0001534,POL0001204,40736.11,2021-11-26,Theft,0,56754.38
CLM0001535,POL0001662,55369.97,2021-01-18,Fire,0,27198.88
CLM0001536,POL0001307,6712.85,2022-01-05,Medical,0,39221.9
CLM0001537,POL0002466,37715.93,2022-08-08,Medical,0,56790.85
CLM0001538,POL0000356,85583.03,2023-06-26,Accident,0,3703.73
CLM0001539,POL0000016,69261.22,2022-07-19,Accident,1,26448.74
CLM0001540,POL0000315,98191.99,2020-11-25,Fire,0,43830.92
CLM0001541,POL0002581,78897.99,2022-09-23,Medical,1,6208.57
CLM0001542,POL0001040,45425.22,2019-11-18,Theft,1,56341.59
CLM0001543,POL0001487,67789.91,2018-05-15,Medical,0,65118.97
CLM0001544,POL0002593,77703.41,2020-12-18,Fire,0,13317.19
CLM0001545,POL0000694,27333.52,2019-04-13,Medical,0,58757.0
CLM0001546,POL0000069,6471.78,2022-03-14,Natural Disaster,0,51802.15
CLM0001547,POL0000411,40881.8,2021-04-21,Fire,0,33047.01
CLM0001548,POL0002860,14894.98,2022-12-23,Natural Disaster,0,13449.55
CLM0001549,POL0000919,28085.49,2023-07-29,Fire,0,76403.81
CLM0001550,POL0002895,94711.13,2022-07-04,Theft,0,37281.67
CLM0001551,POL0000740,84784.72,2019-03-03,Fire,0,14936.38
CLM0001552,POL0001491,59450.15,2021-01-03,Fire,0,57537.69
CLM0001553,POL0002487,40425.04,2023-10-28,Fire,0,48749.47
CLM0001554,POL0002578,26800.87,2019-10-09,Fire,1,65350.98
CLM0001555,POL0002778,57360.1,2023-04-03,Accident,0,79688.91
CLM0001556,POL0000273,53549.44,2020-08-01,Natural Disaster,0,3875.91
CLM0001557,POL0000459,78187.69,2020-07-30,Fire,1,59223.47
CLM0001558,POL0000820,92838.01,2021-04-15,Fire,0,79133.73
CLM0001559,POL0001197,33229.26,2024-11-03,Accident,0,43197.06
CLM0001560,POL0002616,21026.56,2023-01-31,Medical,0,57341.45
CLM0001561,POL0000861,40578.56,2024-07-01,Accident,0,35456.51
CLM0001562,POL0001974,44035.36,2024-06-15,Accident,1,28734.87
CLM0001563,POL0001545,4467.09,2021-08-30,Accident,0,55807.71
CLM0001564,POL0002545,86238.8,2019-03-06,Fire,0,79050.73
CLM0001565,POL0000795,99561.44,2022-12-28,Accident,0,7605.81
CLM0001566,POL0000805,92359.26,2020-06-30,Accident,0,33943.08
CLM0001567,POL0001096,86136.17,2022-10-12,Accident,0,75267.32
CLM0001568,POL0002982,99263.73,2019-02-10,Fire,0,9290.02
CLM0001569,POL0001891,90826.94,2024-06-04,Theft,0,52179.38
CLM0001570,POL0000840,68992.58,2019-01-22,Theft,0,34584.14
CLM0001571,POL0002683,17092.29,2024-12-15,Medical,0,30338.33
CLM0001572,POL0000603,16056.84,2024-08-13,Fire,0,16992.35
CLM0001573,POL0002784,5353.58,2021-10-18,Accident,0,14353.84
CLM0001574,POL0001433,41477.17,2019-07-19,Accident,0,41448.05
CLM0001575,POL0001834,80978.0,2021-02-28,Accident,0,30381.75
CLM0001576,POL0000367,49284.45,2019-06-06,Theft,0,39476.09
CLM0001577,POL0000256,36949.01,2021-08-01,Accident,0,15916.22
CLM0001578,POL0002488,11368.97,2022-12-21,Accident,0,28211.08
CLM0001579,POL0001359,5649.45,2020-09-19,Theft,0,79714.49
CLM0001580,POL0002483,40218.32,2023-01-03,Accident,0,29635.25
CLM0001581,POL0000690,10442.58,2018-04-14,Medical,0,33192.92
CLM0001582,POL0000308,10803.04,2023-01-16,Natural Disaster,0,1884.12
CLM0001583,POL0002036,39837.17,2022-05-17,Medical,1,30651.82
CLM0001584,POL0001697,50532.92,2024-07-19,Fire,0,61142.29
CLM0001585,POL0000409,19074.95,2021-01-10,Medical,0,41393.06
CLM0001586,POL0000826,68621.25,2021-01-13,Medical,0,52666.52
CLM0001587,POL0001192,42159.85,2020-07-18,Theft,0,44657.21
CLM0001588,POL0002135,9646.29,2020-08-30,Fire,0,8707.64
CLM0001589,POL0002051,63884.9,2024-07-03,Medical,0,26771.91
CLM0001590,POL0002420,36016.01,2018-02-21,Natural Disaster,0,55630.38
CLM0001591,POL0001552,5705.99,2020-09-05,Medical,0,43970.73
CLM0001592,POL0002690,94824.17,2022-04-24,Accident,0,54094.4
CLM0001593,POL0000098,57334.1,2024-05-21,Theft,0,29006.38
CLM0001594,POL0002718,48033.18,2022-05-25,Accident,0,15737.02
CLM0001595,POL0001775,85984.17,2020-03-08,Fire,0,66436.18
CLM0001596,POL0001546,93705.67,2021-02-07,Fire,0,30291.2
CLM0001597,POL0000321,22422.03,2019-01-29,Theft,0,52504.38
CLM0001598,POL0000534,81109.38,2024-08-18,Medical,0,30685.34
CLM0001599,POL0002868,83192.45,2018-07-31,Fire,0,74202.11
CLM0001600,POL0002415,5913.08,2018-03-14,Natural Disaster,0,79357.56
CLM0001601,POL0001208,71338.44,2023-08-15,Theft,0,52019.63
CLM0001602,POL0000417,6765.3,2021-04-14,Accident,0,48291.45
CLM0001603,POL0002777,59669.99,2022-12-07,Natural Disaster,0,67313.91
CLM0001604,POL0001238,67089.06,2024-09-11,Theft,0,41443.67
CLM0001605,POL0000848,37022.34,2019-01-19,Natural Disaster,0,69599.62
CLM0001606,POL0000670,88138.36,2019-01-25,Theft,0,33211.18
CLM0001607,POL0001944,80150.91,2022-08-31,Accident,0,2842.2
CLM0001608,POL0002181,92632.99,2021-10-23,Medical,0,74149.25
CLM0001609,POL0002101,31831.51,2023-05-03,Theft,0,57805.82
CLM0001610,POL0000741,2642.02,2022-06-10,Fire,0,41008.14
CLM0001611,POL0002743,81240.4,2019-03-24,Accident,0,75608.03
CLM0001612,POL0000023,22686.25,2020-08-21,Accident,0,70975.41
CLM0001613,POL0001655,46982.03,2023-10-13,Natural Disaster,0,8941.55
CLM0001614,POL0000460,81823.46,2022-05-08,Fire,1,50064.48
CLM0001615,POL0000650,22005.45,2019-05-24,Natural Disaster,0,43186.9
CLM0001616,POL0000482,31534.92,2021-07-23,Accident,0,62184.96
CLM0001617,POL0000120,44188.46,2020-05-12,Theft,0,24271.2
CLM0001618,POL0000673,27546.57,2019-09-26,Fire,0,946.82
CLM0001619,POL0002256,46401.48,2021-10-06,Accident,0,15076.35
CLM0001620,POL0001885,1454.87,2022-11-22,Fire,0,17111.96
CLM0001621,POL0000318,21612.7,2018-06-01,Theft,0,23525.88
CLM0001622,POL0002386,83339.06,2018-01-22,Medical,0,29820.31
CLM0001623,POL0002203,41641.45,2019-04-06,Natural Disaster,0,56612.42
CLM0001624,POL0000868,63822.37,2020-09-10,Natural Disaster,0,6217.32
CLM0001625,POL0000394,23612.65,2023-12-11,Accident,1,39077.82
CLM0001626,POL0002553,65162.93,2024-08-22,Accident,0,40041.9
CLM0001627,POL0000971,99997.4,2018-01-10,Theft,0,49384.82
CLM0001628,POL0000313,59731.12,2024-07-26,Accident,1,25050.63
CLM0001629,POL0001283,63021.68,2021-03-03,Accident,0,21005.17
CLM0001630,POL0002062,11596.22,2021-01-10,Accident,0,38865.63
CLM0001631,POL0000077,40636.46,2019-01-19,Fire,0,52870.76
CLM0001632,POL0000409,86142.13,2018-01-22,Fire,0,3853.99
CLM0001633,POL0002442,83510.06,2021-04-26,Medical,0,23698.47
CLM0001634,POL0002268,52478.71,2020-07-19,Fire,0,63048.63
CLM0001635,POL0000744,90393.69,2024-08-04,Natural Disaster,0,38889.91
CLM0001636,POL0000433,14722.23,2021-10-16,Medical,0,76160.52
CLM0001637,POL0002854,65989.85,2020-04-11,Accident,0,69443.08
CLM0001638,POL0001479,25263.92,2022-12-18,Natural Disaster,0,27712.41
CLM0001639,POL0001678,64733.36,2021-03-31,Medical,0,58183.8
CLM0001640,POL0001832,9196.27,2020-04-23,Medical,1,22162.39
CLM0001641,POL0000988,94389.1,2020-04-15,Natural Disaster,0,14271.13
CLM0001642,POL0001522,78740.04,2019-10-28,Medical,1,70517.32
CLM0001643,POL0002702,20495.68,2022-09-04,Natural Disaster,0,28214.87
CLM0001644,POL0002865,63909.02,2024-06-08,Medical,0,16512.42
CLM0001645,POL0001554,76034.99,2018-01-04,Medical,0,77208.63
CLM0001646,POL0000755,21339.86,2022-08-02,Medical,0,2773.0
CLM0001647,POL0000676,9786.37,2024-03-09,Natural Disaster,0,29541.88
CLM0001648,POL0000832,35502.09,2019-01-01,Medical,0,3361.91
CLM0001649,POL0001120,14007.56,2023-11-11,Fire,0,40476.79
CLM0001650,POL0000028,56788.31,2023-03-30,Fire,0,32273.68
CLM0001651,POL0001254,42699.43,2020-10-05,Fire,1,57737.31
CLM0001652,POL0000416,46511.22,2018-12-29,Fire,0,76336.55
CLM0001653,POL0002073,54514.92,2019-01-16,Fire,0,41719.2
CLM0001654,POL0001711,98214.19,2021-04-25,Accident,0,23046.35
CLM0001655,POL0002721,79367.25,2021-06-17,Medical,0,69812.4
CLM0001656,POL0000542,63132.41,2020-11-06,Theft,1,48481.82
CLM0001657,POL0000165,36688.71,2019-08-13,Accident,0,44412.72
CLM0001658,POL0002256,3193.4,2019-07-28,Natural Disaster,0,15329.4
CLM0001659,POL0002997,12094.5,2021-09-05,Accident,0,3535.14
CLM0001660,POL0000985,73221.29,2021-08-18,Theft,0,37073.97
CLM0001661,POL0002662,37235.79,2022-05-18,Accident,0,42385.34
CLM0001662,POL0000373,33776.52,2020-08-02,Medical,1,10429.37
CLM0001663,POL0000618,88953.35,2023-07-20,Fire,0,5033.91
CLM0001664,POL0000069,48708.63,2021-04-10,Medical,1,17521.6
CLM0001665,POL0001544,90007.92,2024-09-11,Accident,0,5328.94
CLM0001666,POL0001659,88720.53,2020-07-04,Theft,0,4774.22
CLM0001667,POL0000101,8478.04,2022-09-24,Natural Disaster,0,35700.05
CLM0001668,POL0000001,94563.62,2021-02-28,Medical,0,64876.46
CLM0001669,POL0002399,8157.01,2018-06-02,Theft,0,53219.86
CLM0001670,POL0002055,96368.86,2018-08-07,Natural Disaster,0,54449.27
CLM0001671,POL0000318,45535.18,2023-10-12,Fire,0,21216.19
CLM0001672,POL0002671,76205.64,2019-11-14,Medical,0,1185.0
CLM0001673,POL0001879,70761.36,2022-03-29,Medical,0,36216.53
CLM0001674,POL0002557,52090.25,2020-09-08,Fire,0,30356.79
CLM0001675,POL0000186,62135.75,2024-02-07,Fire,0,75794.63
CLM0001676,POL0000728,95016.86,2018-07-20,Accident,0,6039.96
CLM0001677,POL0002510,92771.47,2022-04-01,Natural Disaster,0,62180.62
CLM0001678,POL0000343,65605.44,2022-07-30,Theft,0,31017.67
CLM0001679,POL0002683,65943.01,2019-10-10,Fire,0,66420.7
CLM0001680,POL0000713,25070.4,2019-10-21,Accident,0,39744.16
CLM0001681,POL0002624,82948.04,2018-12-31,Natural Disaster,0,65693.99
CLM0001682,POL0000136,63444.03,2024-01-31,Natural Disaster,0,37507.81
CLM0001683,POL0001923,82711.75,2023-07-14,Medical,0,32328.2
CLM0001684,POL0000383,65956.31,2020-12-10,Accident,0,77107.57
CLM0001685,POL0000186,30282.34,2024-07-20,Accident,0,29697.99
CLM0001686,POL0002687,19353.4,2023-04-23,Medical,0,64482.41
CLM0001687,POL0000928,8158.1,2018-01-28,Theft,0,5642.5
CLM0001688,POL0000964,58806.5,2021-11-28,Fire,0,5293.09
CLM0001689,POL0000561,28763.11,2018-11-15,Medical,0,35217.22
CLM0001690,POL0001190,63235.7,2019-02-08,Fire,0,46969.94
CLM0001691,POL0000898,6336.32,2022-12-30,Accident,0,48800.08
CLM0001692,POL0002687,37878.47,2022-08-31,Medical,0,3199.97
CLM0001693,POL0001929,26425.04,2023-01-01,Theft,0,55830.17
CLM0001694,POL0001838,37348.24,2023-05-02,Fire,0,10655.1
CLM0001695,POL0002369,5901.2,2018-11-18,Fire,0,76440.99
CLM0001696,POL0001713,72556.05,2023-12-12,Fire,0,26883.84
CLM0001697,POL0001739,12111.38,2018-06-11,Accident,0,21137.17
CLM0001698,POL0001181,1933.06,2023-04-12,Fire,1,23513.9
CLM0001699,POL0000858,94655.77,2020-04-18,Natural Disaster,0,75007.07
CLM0001700,POL0000285,19691.2,2018-01-16,Fire,0,38782.44
CLM0001701,POL0002399,82892.1,2024-06-06,Accident,0,34943.98
CLM0001702,POL0002131,96464.82,2019-06-04,Medical,0,45402.09
CLM0001703,POL0001648,53645.06,2018-09-22,Fire,0,74481.72
CLM0001704,POL0000666,52848.76,2018-06-11,Fire,0,24874.69
CLM0001705,POL0001394,37058.02,2024-12-18,Medical,0,14711.35
CLM0001706,POL0002589,42846.69,2023-09-17,Natural Disaster,1,47760.63
CLM0001707,POL0002025,48466.5,2022-02-21,Accident,0,39486.48
CLM0001708,POL0002528,15633.39,2019-09-27,Medical,0,5238.87
CLM0001709,POL0002261,36791.3,2020-02-08,Accident,0,41898.4
CLM0001710,POL0000930,81702.79,2019-06-14,Medical,0,45124.7
CLM0001711,POL0002408,18648.61,2019-03-17,Theft,0,55623.8
CLM0001712,POL0000214,73120.4,2018-04-29,Natural Disaster,0,79644.7
CLM0001713,POL0000304,65332.87,2020-05-21,Theft,0,33900.0
CLM0001714,POL0001404,6201.13,2019-10-11,Medical,0,40963.2
CLM0001715,POL0000200,2731.67,2023-05-20,Medical,0,6277.68
CLM0001716,POL0002286,35576.58,2019-05-16,Accident,0,66577.57
CLM0001717,POL0000671,69370.94,2021-11-06,Medical,0,8123.02
CLM0001718,POL0001729,33376.58,2021-08-25,Accident,0,74726.25
CLM0001719,POL0001250,66939.46,2024-06-14,Accident,1,28075.48
CLM0001720,POL0000879,66713.09,2020-12-17,Medical,0,27205.32
CLM0001721,POL0000251,80752.18,2022-02-28,Accident,0,26490.14
CLM0001722,POL0002524,10398.82,2020-08-15,Natural Disaster,0,76054.02
CLM0001723,POL0000498,57924.32,2021-07-19,Theft,0,78414.59
CLM0001724,POL0001988,6718.46,2018-08-08,Medical,0,77867.26
CLM0001725,POL0000978,18006.74,2021-06-01,Accident,0,56471.54
CLM0001726,POL0002749,32887.34,2022-07-30,Accident,0,9151.34
CLM0001727,POL0000784,70885.23,2024-06-22,Accident,0,31093.07
CLM0001728,POL0002477,97400.86,2020-10-01,Accident,0,23357.94
CLM0001729,POL0000539,34580.82,2020-10-18,Natural Disaster,0,56758.65
CLM0001730,POL0000901,52353.88,2023-12-02,Medical,0,39564.56
CLM0001731,POL0001467,26276.03,2018-03-17,Medical,0,49435.16
CLM0001732,POL0000210,67711.22,2021-12-23,Natural Disaster,0,995.87
CLM0001733,POL0001734,36975.29,2018-12-01,Natural Disaster,0,62694.27
CLM0001734,POL0000491,48418.82,2019-06-06,Natural Disaster,0,76178.53
CLM0001735,POL0002519,56997.38,2020-04-13,Medical,0,53649.05
CLM0001736,POL0001710,68781.11,2021-05-19,Fire,0,68199.41
CLM0001737,POL0001754,6475.14,2023-10-29,Theft,0,38416.56
CLM0001738,POL0002616,55712.66,2018-11-15,Natural Disaster,0,1910.58
CLM0001739,POL0001919,43400.83,2024-02-14,Natural Disaster,0,79240.4
CLM0001740,POL0002035,13809.63,2022-07-15,Medical,0,4988.92
CLM0001741,POL0002712,21199.65,2023-11-30,Medical,0,15664.1
CLM0001742,POL0001930,88447.06,2024-07-19,Theft,0,4479.48
CLM0001743,POL0001487,87241.71,2018-11-13,Accident,0,50109.18
CLM0001744,POL0002598,3816.36,2022-04-18,Medical,0,46783.5
CLM0001745,POL0002004,69095.45,2023-03-09,Theft,1,17010.67
CLM0001746,POL0001501,55641.64,2022-09-01,Medical,0,76545.26
CLM0001747,POL0000198,94011.68,2024-11-11,Medical,1,73104.86
CLM0001748,POL0001968,90846.57,2020-09-30,Medical,0,22600.86
CLM0001749,POL0000521,58166.41,2024-08-31,Fire,0,52811.52
CLM0001750,POL0001523,14326.01,2018-01-18,Fire,0,68462.1
CLM0001751,POL0001535,46251.59,2021-06-18,Natural Disaster,0,28975.91
CLM0001752,POL0001714,72653.85,2021-11-13,Fire,0,20510.52
CLM0001753,POL0001349,95197.8,2019-11-01,Theft,0,20718.34
CLM0001754,POL0000688,36701.03,2022-01-26,Medical,0,65690.38
CLM0001755,POL0000467,78574.81,2020-06-29,Fire,0,37206.7
CLM0001756,POL0000596,68492.4,2021-09-25,Medical,0,57312.44
CLM0001757,POL0000139,8290.13,2020-03-09,Accident,0,52128.97
CLM0001758,POL0001015,56018.7,2018-05-09,Natural Disaster,0,24706.19
CLM0001759,POL0000242,18759.13,2023-01-02,Fire,0,16883.71
CLM0001760,POL0002364,68513.15,2022-08-02,Medical,0,10325.11
CLM0001761,POL0002715,61203.44,2021-10-06,Accident,1,2203.68
CLM0001762,POL0000733,97318.29,2020-01-04,Natural Disaster,0,6776.14
CLM0001763,POL0000135,93570.58,2019-03-29,Natural Disaster,0,20722.86
CLM0001764,POL0002627,1432.6,2024-09-10,Accident,0,57173.89
CLM0001765,POL0002487,8462.93,2021-10-05,Fire,0,12647.04
CLM0001766,POL0002125,77028.86,2023-04-27,Fire,0,42014.61
CLM0001767,POL0002448,68721.49,2024-05-07,Medical,0,19837.03
CLM0001768,POL0002422,80194.09,2020-02-27,Theft,0,41091.24
CLM0001769,POL0001511,27048.08,2023-11-29,Medical,0,60075.89
CLM0001770,POL0001819,85007.62,2024-10-12,Medical,0,21498.7
CLM0001771,POL0000758,44520.74,2023-10-26,Medical,0,28027.54
CLM0001772,POL0002797,26559.89,2021-01-16,Accident,0,57923.15
CLM0001773,POL0002812,1555.47,2019-03-06,Natural Disaster,0,43843.15
CLM0001774,POL0000417,87200.72,2018-05-16,Natural Disaster,0,7836.96
CLM0001775,POL0000207,53766.71,2018-04-23,Theft,0,60724.9
CLM0001776,POL0002389,97550.52,2018-02-28,Fire,0,22411.89
CLM0001777,POL0001644,71610.8,2023-12-05,Medical,0,30989.1
CLM0001778,POL0002769,8501.51,2023-01-24,Accident,0,19840.6
CLM0001779,POL0000311,59025.02,2022-05-14,Accident,0,43605.55
CLM0001780,POL0001332,2203.89,2022-05-31,Medical,0,56709.13
CLM0001781,POL0002673,55999.29,2022-10-15,Accident,0,64316.34
CLM0001782,POL0001400,35345.07,2024-07-13,Accident,0,73793.15
CLM0001783,POL0001551,64507.94,2019-04-27,Medical,0,28929.57
CLM0001784,POL0000083,54386.63,2022-07-12,Theft,0,74629.35
CLM0001785,POL0001601,26504.36,2018-01-25,Accident,0,49471.29
CLM0001786,POL0001476,16653.89,2024-08-18,Natural Disaster,0,31350.69
CLM0001787,POL0001027,40768.79,2018-07-23,Natural Disaster,0,71017.34
CLM0001788,POL0001480,98690.21,2018-02-13,Natural Disaster,0,46496.47
CLM0001789,POL0002921,43852.01,2020-11-01,Medical,1,36506.4
CLM0001790,POL0002284,75004.32,2021-10-01,Natural Disaster,0,1216.67
CLM0001791,POL0002437,6168.87,2023-09-13,Fire,0,57485.38
CLM0001792,POL0002441,38197.14,2020-11-22,Accident,0,6464.64
CLM0001793,POL0001665,58242.14,2018-03-14,Theft,0,23364.61
CLM0001794,POL0001783,75244.05,2024-07-23,Natural Disaster,0,76947.04
CLM0001795,POL0002795,53074.17,2022-11-19,Medical,0,12670.48
CLM0001796,POL0002078,51771.91,2019-06-28,Theft,0,25149.21
CLM0001797,POL0001607,76508.74,2019-02-16,Medical,0,74607.45
CLM0001798,POL0000982,31672.13,2020-02-18,Theft,1,27213.4
CLM0001799,POL0000605,9515.75,2022-10-07,Theft,0,26495.4
CLM0001800,POL0002331,35041.47,2022-07-21,Accident,1,51941.98
CLM0001801,POL0000238,16320.13,2022-02-28,Theft,0,10769.17
CLM0001802,POL0000731,96611.45,2023-06-27,Fire,0,77828.31
CLM0001803,POL0001343,57962.4,2018-08-27,Fire,0,22219.3
CLM0001804,POL0001995,44936.74,2022-11-16,Fire,1,62919.4
CLM0001805,POL0001361,91249.16,2023-12-31,Medical,1,23222.86
CLM0001806,POL0002079,90085.96,2019-06-09,Accident,0,22247.18
CLM0001807,POL0000978,41861.88,2024-10-27,Medical,0,4883.76
CLM0001808,POL0000915,87535.37,2019-07-15,Natural Disaster,1,9809.86
CLM0001809,POL0001638,6870.58,2024-06-22,Fire,0,41900.79
CLM0001810,POL0001629,88629.05,2021-04-11,Accident,0,46274.4
CLM0001811,POL0002255,31403.06,2023-01-24,Fire,0,65322.73
CLM0001812,POL0001982,56729.67,2021-01-09,Accident,0,5099.15
CLM0001813,POL0002951,27334.01,2020-12-13,Medical,0,28685.17
CLM0001814,POL0000583,98487.56,2018-12-21,Medical,0,16252.66
CLM0001815,POL0000460,7642.11,2018-12-28,Fire,0,28822.84
CLM0001816,POL0000136,44972.05,2019-09-22,Theft,0,28538.24
CLM0001817,POL0001977,62288.32,2019-05-05,Accident,0,28536.1
CLM0001818,POL0000978,61753.42,2023-05-01,Natural Disaster,0,24977.78
CLM0001819,POL0000284,74006.46,2021-04-05,Theft,0,61189.05
CLM0001820,POL0002898,72579.32,2020-12-20,Medical,1,55269.59
CLM0001821,POL0002399,79417.7,2020-07-17,Accident,0,27515.1
CLM0001822,POL0000017,23811.6,2018-12-20,Theft,0,11975.1
CLM0001823,POL0001239,37365.4,2022-05-27,Natural Disaster,0,41606.95
CLM0001824,POL0001423,38512.3,2018-01-03,Theft,0,73532.16
CLM0001825,POL0002462,95606.05,2024-07-20,Natural Disaster,0,10147.68
CLM0001826,POL0001268,41226.53,2021-07-22,Medical,0,60316.48
CLM0001827,POL0002054,22575.99,2023-01-12,Accident,0,48070.51
CLM0001828,POL0000780,63418.27,2022-08-11,Medical,0,47210.63
CLM0001829,POL0002135,43013.06,2019-05-26,Accident,0,74792.18
CLM0001830,POL0002237,25382.97,2023-01-28,Theft,0,76488.46
CLM0001831,POL0001640,71655.98,2024-05-11,Medical,0,19734.03
CLM0001832,POL0000420,19596.57,2018-02-23,Accident,0,64735.62
CLM0001833,POL0001827,63518.73,2018-04-03,Natural Disaster,0,49777.7
CLM0001834,POL0002296,43337.81,2022-08-06,Accident,0,32884.99
CLM0001835,POL0000860,32257.13,2023-09-06,Medical,0,53350.02
CLM0001836,POL0000207,94625.24,2023-04-07,Medical,0,76490.55
CLM0001837,POL0002472,32778.55,2022-11-05,Theft,0,41494.96
CLM0001838,POL0002597,35076.98,2024-09-15,Natural Disaster,0,75224.36
CLM0001839,POL0002535,87128.52,2021-08-30,Accident,0,51538.11
CLM0001840,POL0002181,13339.81,2022-12-28,Medical,0,38787.87
CLM0001841,POL0002041,11252.84,2023-12-02,Accident,0,51640.38
CLM0001842,POL0000115,28629.42,2023-10-09,Fire,0,48322.52
CLM0001843,POL0002425,59367.77,2023-08-05,Natural Disaster,0,33909.28
CLM0001844,POL0000211,38737.87,2019-12-18,Natural Disaster,0,45128.09
CLM0001845,POL0000132,61051.17,2019-09-30,Fire,0,56348.92
CLM0001846,POL0001398,16395.19,2018-06-20,Natural Disaster,0,67157.64
CLM0001847,POL0000154,26514.36,2019-05-15,Fire,0,24555.16
CLM0001848,POL0000920,56733.65,2024-06-19,Accident,0,1467.44
CLM0001849,POL0001447,22106.35,2024-10-19,Fire,0,44232.07
CLM0001850,POL0000952,42569.06,2020-05-20,Theft,0,39295.95
CLM0001851,POL0002854,57478.46,2022-01-15,Fire,1,4619.64
CLM0001852,POL0001390,97378.26,2024-07-29,Accident,0,50710.76
CLM0001853,POL0001718,8448.72,2019-09-18,Natural Disaster,0,75329.61
CLM0001854,POL0000147,46311.19,2024-09-25,Theft,0,32357.87
CLM0001855,POL0001818,39928.96,2024-04-30,Fire,0,71580.51
CLM0001856,POL0000715,82512.0,2019-12-03,Accident,0,65104.18
CLM0001857,POL0001597,90079.56,2022-10-21,Theft,0,13188.79
CLM0001858,POL0002279,90747.81,2024-10-03,Theft,0,63046.2
CLM0001859,POL0002499,37826.36,2024-01-06,Theft,0,41481.47
CLM0001860,POL0001524,30813.19,2019-03-30,Fire,0,73514.69
CLM0001861,POL0000907,45189.16,2022-02-01,Accident,0,15397.27
CLM0001862,POL0001647,34726.64,2018-03-19,Accident,0,10266.2
CLM0001863,POL0001725,72025.67,2021-07-31,Accident,1,19530.05
CLM0001864,POL0002031,21750.32,2020-07-24,Medical,0,5052.25
CLM0001865,POL0002155,66039.07,2019-02-23,Natural Disaster,0,25810.38
CLM0001866,POL0002141,92735.26,2023-09-02,Accident,0,22855.81
CLM0001867,POL0001660,28351.4,2023-11-16,Medical,0,33472.34
CLM0001868,POL0000829,67850.62,2018-03-24,Medical,0,37199.28
CLM0001869,POL0002188,14784.33,2024-11-28,Theft,0,11834.23
CLM0001870,POL0001338,12577.7,2018-08-08,Natural Disaster,0,49664.1
CLM0001871,POL0000011,12006.63,2020-02-01,Theft,0,18118.32
CLM0001872,POL0002496,14283.55,2018-01-24,Natural Disaster,0,10017.71
CLM0001873,POL0002975,22008.4,2022-05-18,Theft,0,56792.24
CLM0001874,POL0002443,56501.63,2021-11-28,Fire,0,2112.0
CLM0001875,POL0001529,76815.07,2020-11-23,Natural Disaster,0,29658.77
CLM0001876,POL0000378,13122.27,2023-05-28,Medical,0,11808.94
CLM0001877,POL0000361,87066.49,2019-05-01,Medical,0,70658.58
CLM0001878,POL0002731,84350.27,2022-01-11,Natural Disaster,0,66009.33
CLM0001879,POL0001572,72875.11,2019-09-21,Theft,0,5123.98
CLM0001880,POL0000642,42883.6,2022-03-12,Fire,0,44170.95
CLM0001881,POL0000573,654.94,2023-02-07,Fire,0,23839.84
CLM0001882,POL0001956,73609.11,2024-02-21,Accident,0,15645.88
CLM0001883,POL0001585,87959.12,2023-09-20,Natural Disaster,0,25129.63
CLM0001884,POL0000923,33860.99,2020-03-25,Fire,0,65326.22
CLM0001885,POL0002444,71939.76,2022-02-05,Theft,0,4911.07
CLM0001886,POL0002234,6673.74,2018-05-13,Theft,1,51964.2
CLM0001887,POL0001542,71094.74,2019-06-14,Medical,0,73095.6
CLM0001888,POL0001815,7296.7,2021-01-19,Fire,0,36010.09
CLM0001889,POL0002419,58925.04,2024-06-18,Fire,0,72150.66
CLM0001890,POL0001890,59956.55,2022-08-19,Theft,0,72571.99
CLM0001891,POL0001900,30564.58,2024-09-08,Medical,0,48884.78
CLM0001892,POL0001228,8372.71,2020-10-16,Fire,0,36630.49
CLM0001893,POL0002656,94958.81,2022-01-02,Theft,0,59091.79
CLM0001894,POL0002330,53789.95,2021-04-01,Medical,1,73322.94
CLM0001895,POL0001440,58185.93,2023-03-04,Medical,1,54498.82
CLM0001896,POL0001057,61694.58,2021-01-23,Theft,0,17005.69
CLM0001897,POL0002130,89159.27,2020-05-12,Medical,0,65658.44
CLM0001898,POL0001507,6495.44,2020-03-15,Medical,0,76137.21
CLM0001899,POL0002196,89382.13,2022-05-20,Accident,0,32998.91
CLM0001900,POL0001631,24347.81,2022-12-21,Medical,0,55897.9
CLM0001901,POL0000965,8256.05,2021-03-16,Fire,0,41597.86
CLM0001902,POL0000992,65897.95,2019-03-31,Medical,1,9227.13
CLM0001903,POL0002996,97709.08,2020-11-30,Fire,0,28182.41
CLM0001904,POL0000495,6195.59,2021-05-08,Theft,0,13357.22
CLM0001905,POL0001194,42899.12,2022-06-13,Medical,0,53983.8
CLM0001906,POL0002771,53213.56,2020-01-29,Theft,0,46692.95
CLM0001907,POL0000703,25585.84,2020-01-19,Natural Disaster,0,2972.69
CLM0001908,POL0001031,98295.78,2024-09-05,Medical,0,5210.07
CLM0001909,POL0001404,64275.84,2024-07-23,Theft,0,21085.16
CLM0001910,POL0000826,84512.89,2023-12-31,Natural Disaster,0,59665.3
CLM0001911,POL0002482,41869.88,2018-03-30,Fire,0,10408.84
CLM0001912,POL0001058,35718.61,2021-04-18,Fire,0,16620.5
CLM0001913,POL0000563,55539.21,2024-09-06,Fire,0,72637.82
CLM0001914,POL0002186,43810.21,2018-02-14,Fire,0,43827.16
CLM0001915,POL0000367,71637.33,2018-01-03,Fire,0,49781.72
CLM0001916,POL0002154,26948.9,2022-05-27,Accident,0,36624.56
CLM0001917,POL0000794,45234.31,2023-03-20,Theft,0,24191.75
CLM0001918,POL0000636,89565.71,2018-03-08,Natural Disaster,0,20155.68
CLM0001919,POL0001706,75732.74,2023-09-05,Natural Disaster,0,47260.8
CLM0001920,POL0000987,17222.98,2022-09-03,Medical,0,37836.73
CLM0001921,POL0000958,88743.05,2019-12-09,Theft,0,32421.74
CLM0001922,POL0000855,59107.15,2024-08-23,Accident,0,55642.5
CLM0001923,POL0002126,68089.07,2022-07-13,Accident,0,32511.09
CLM0001924,POL0001570,29778.53,2021-02-24,Theft,0,3227.41
CLM0001925,POL0002257,44433.65,2021-04-02,Fire,0,67221.69
CLM0001926,POL0001435,80777.84,2021-07-16,Fire,0,25676.75
CLM0001927,POL0000008,33402.28,2018-06-09,Theft,0,75728.22
CLM0001928,POL0000737,16923.63,2019-06-25,Natural Disaster,0,70400.78
CLM0001929,POL0002275,38141.34,2019-05-17,Fire,1,18943.12
CLM0001930,POL0002223,7387.26,2019-04-04,Medical,0,77248.04
CLM0001931,POL0000081,71926.72,2021-08-05,Accident,0,68328.79
CLM0001932,POL0001159,15200.72,2023-01-31,Fire,1,78805.81
CLM0001933,POL0000238,28870.03,2020-12-22,Natural Disaster,0,54332.49
CLM0001934,POL0001496,88167.56,2022-05-11,Fire,0,74478.92
CLM0001935,POL0001050,54279.52,2018-02-02,Fire,0,55300.42
CLM0001936,POL0000187,32473.17,2024-03-09,Accident,0,68450.94
CLM0001937,POL0001906,54992.86,2021-05-25,Medical,0,48951.21
CLM0001938,POL0000630,22218.63,2022-05-26,Medical,0,74355.2
CLM0001939,POL0001733,3004.73,2021-04-26,Natural Disaster,0,41591.53
CLM0001940,POL0000815,60571.38,2018-11-29,Theft,0,59004.53
CLM0001941,POL0000614,71555.53,2018-07-22,Theft,0,73381.75
CLM0001942,POL0002940,88038.29,2023-01-18,Theft,0,33964.49
CLM0001943,POL0001187,77302.39,2020-08-10,Natural Disaster,1,2404.25
CLM0001944,POL0002226,92704.43,2024-11-01,Fire,0,9309.85
CLM0001945,POL0000985,98602.37,2020-11-03,Medical,0,77761.34
CLM0001946,POL0002328,74621.08,2021-06-16,Medical,0,69894.24
CLM0001947,POL0000798,86858.37,2023-01-01,Fire,0,38828.37
CLM0001948,POL0001078,67536.28,2024-12-20,Medical,0,76883.68
CLM0001949,POL0000067,17508.31,2024-10-09,Medical,0,15092.76
CLM0001950,POL0000544,18579.39,2024-03-07,Theft,0,9144.02
CLM0001951,POL0001787,11470.82,2018-02-20,Theft,1,48234.77
CLM0001952,POL0000520,94325.98,2023-09-03,Accident,0,30754.99
CLM0001953,POL0002547,67438.79,2024-01-25,Accident,0,27379.64
CLM0001954,POL0000946,79096.02,2021-05-03,Medical,0,58811.91
CLM0001955,POL0001455,33450.16,2022-07-28,Theft,0,12256.05
CLM0001956,POL0002775,46311.96,2023-01-06,Accident,0,62342.39
CLM0001957,POL0001059,4458.06,2022-01-23,Accident,0,28948.13
CLM0001958,POL0002237,88956.24,2020-05-12,Theft,0,78942.98
CLM0001959,POL0001113,85373.84,2024-02-15,Accident,0,64757.06
CLM0001960,POL0000947,78588.73,2021-12-31,Fire,0,51804.02
CLM0001961,POL0000136,6301.06,2020-12-18,Fire,0,18586.87
CLM0001962,POL0002594,17837.85,2022-01-17,Theft,0,76527.19
CLM0001963,POL0000793,33749.98,2022-11-17,Theft,0,2922.93
CLM0001964,POL0001137,26674.74,2020-10-02,Accident,1,18100.98
CLM0001965,POL0001363,83926.75,2020-06-27,Medical,1,3231.02
CLM0001966,POL0000555,19886.16,2018-07-04,Natural Disaster,1,77331.34
CLM0001967,POL0002942,53446.38,2019-07-20,Fire,0,69754.53
CLM0001968,POL0000946,57352.42,2020-03-05,Fire,0,76182.98
CLM0001969,POL0002573,42788.68,2019-09-28,Theft,1,57288.29
CLM0001970,POL0002222,24448.45,2018-07-31,Medical,1,2485.7
CLM0001971,POL0002685,96049.28,2024-03-19,Theft,0,74540.71
CLM0001972,POL0002255,41633.22,2020-03-11,Accident,0,33849.94
CLM0001973,POL0001367,72867.34,2020-12-11,Medical,0,29645.61
CLM0001974,POL0000949,18812.63,2021-07-06,Accident,1,22945.35
CLM0001975,POL0000104,82369.71,2019-04-03,Fire,0,23157.79
CLM0001976,POL0001047,21981.24,2023-04-26,Theft,0,64110.1
CLM0001977,POL0001861,67693.01,2021-09-20,Theft,0,20733.44
CLM0001978,POL0002338,50896.35,2019-07-22,Natural Disaster,0,18006.32
CLM0001979,POL0002615,15082.44,2020-08-27,Medical,0,55932.16
CLM0001980,POL0000964,2982.45,2023-08-05,Fire,0,23210.81
CLM0001981,POL0000838,93109.45,2023-02-08,Natural Disaster,0,1346.54
CLM0001982,POL0002459,13006.21,2019-10-31,Natural Disaster,0,74561.78
CLM0001983,POL0001583,70642.67,2022-08-09,Theft,0,25291.04
CLM0001984,POL0000882,65442.15,2023-10-21,Medical,0,61220.88
CLM0001985,POL0002934,34501.14,2018-01-08,Theft,0,37678.29
CLM0001986,POL0000424,18945.6,2019-01-21,Medical,0,10986.16
CLM0001987,POL0002203,18243.66,2019-10-19,Natural Disaster,0,53055.68
CLM0001988,POL0002199,58740.12,2024-01-07,Accident,0,18755.32
CLM0001989,POL0000212,54918.67,2023-10-22,Fire,1,23247.05
CLM0001990,POL0001216,87655.53,2023-01-20,Natural Disaster,0,2882.79
CLM0001991,POL0000881,64180.31,2023-11-15,Theft,0,1607.35
CLM0001992,POL0000755,82017.86,2024-02-27,Fire,0,41235.47
CLM0001993,POL0001122,3725.1,2022-12-07,Natural Disaster,0,4906.25
CLM0001994,POL0002589,67263.82,2019-03-14,Medical,1,16990.58
CLM0001995,POL0000701,23754.01,2021-12-03,Theft,0,73927.43
CLM0001996,POL0002220,25657.48,2022-09-13,Natural Disaster,0,6903.58
CLM0001997,POL0000371,72197.36,2021-11-17,Medical,0,23475.92
CLM0001998,POL0001733,79446.58,2024-10-26,Medical,0,58204.29
CLM0001999,POL0001164,37487.68,2021-01-12,Medical,0,70780.71
CLM0002000,POL0000913,79112.64,2022-05-18,Fire,1,3983.03
CLM0002001,POL0001829,44652.6,2020-05-30,Theft,0,15079.53
CLM0002002,POL0000802,85835.71,2024-02-05,Medical,0,31214.31
CLM0002003,POL0002304,2977.93,2023-04-07,Natural Disaster,0,29071.24
CLM0002004,POL0000990,8807.76,2019-11-16,Medical,0,23295.5
CLM0002005,POL0000676,77747.0,2018-01-01,Theft,0,19611.91
CLM0002006,POL0002912,62596.92,2022-06-02,Fire,0,21712.11
CLM0002007,POL0000416,56122.52,2020-10-22,Medical,0,10934.02
CLM0002008,POL0002377,61590.89,2021-03-16,Natural Disaster,0,13317.13
CLM0002009,POL0002966,93053.97,2019-02-11,Theft,1,48659.32
CLM0002010,POL0001163,65725.93,2019-12-03,Medical,0,23587.63
CLM0002011,POL0000962,64923.87,2022-01-27,Fire,0,32154.92
CLM0002012,POL0002872,76067.35,2021-05-03,Accident,0,33133.72
CLM0002013,POL0001621,86728.76,2020-09-20,Natural Disaster,0,9046.08
CLM0002014,POL0001536,26560.29,2021-02-22,Medical,0,65613.66
CLM0002015,POL0000249,61866.51,2020-08-02,Medical,0,76521.87
CLM0002016,POL0001887,58605.51,2023-04-06,Accident,0,21304.29
CLM0002017,POL0002793,13917.52,2021-11-07,Theft,0,23764.49
CLM0002018,POL0002356,52271.54,2024-02-01,Accident,1,55544.36
CLM0002019,POL0000573,7420.28,2019-05-01,Theft,0,6722.89
CLM0002020,POL0001809,18903.48,2020-09-21,Medical,0,72613.64
CLM0002021,POL0000798,91339.83,2018-08-21,Accident,0,9910.97
CLM0002022,POL0001001,12364.7,2022-03-19,Medical,0,58645.38
CLM0002023,POL0000761,58102.17,2019-04-17,Accident,0,23533.75
CLM0002024,POL0000293,32686.33,2023-06-23,Medical,1,26064.2
CLM0002025,POL0002458,55753.67,2023-09-25,Medical,0,11525.32
CLM0002026,POL0000198,23879.87,2019-03-27,Medical,0,51813.12
CLM0002027,POL0000080,44715.76,2022-09-15,Fire,0,63661.05
CLM0002028,POL0001409,86799.68,2018-09-03,Accident,1,76034.25
CLM0002029,POL0000137,37933.59,2024-01-06,Fire,0,26724.49
CLM0002030,POL0000213,35626.58,2022-11-29,Medical,0,49808.12
CLM0002031,POL0001863,44888.75,2018-10-05,Natural Disaster,0,33374.94
CLM0002032,POL0000619,10499.04,2024-10-16,Theft,0,44760.14
CLM0002033,POL0000960,39041.03,2024-10-08,Accident,0,13285.66
CLM0002034,POL0002214,1186.57,2023-03-30,Accident,1,46665.71
CLM0002035,POL0002478,50588.02,2023-09-11,Theft,1,67971.86
CLM0002036,POL0002169,84870.14,2020-04-08,Fire,0,69133.16
CLM0002037,POL0002379,55431.27,2022-04-06,Theft,0,38826.13
CLM0002038,POL0001723,60968.66,2024-08-01,Natural Disaster,0,19088.99
CLM0002039,POL0001162,3541.06,2021-12-17,Medical,0,66983.31
CLM0002040,POL0001890,86021.74,2023-05-29,Theft,0,79954.45
CLM0002041,POL0002041,38807.85,2019-08-27,Theft,0,30359.62
CLM0002042,POL0001554,97497.84,2024-10-11,Medical,0,73972.19
CLM0002043,POL0001100,12486.3,2019-10-19,Accident,0,78681.77
CLM0002044,POL0002668,94494.85,2019-09-23,Natural Disaster,0,31830.38
CLM0002045,POL0001689,63611.95,2019-05-01,Theft,0,57387.87
CLM0002046,POL0000037,5707.86,2019-08-17,Theft,0,46613.07
CLM0002047,POL0000845,97184.06,2019-07-04,Accident,0,57858.84
CLM0002048,POL0001682,1880.37,2022-03-07,Natural Disaster,0,12585.97
CLM0002049,POL0002845,73204.67,2021-12-30,Medical,1,29527.57
CLM0002050,POL0001644,89008.23,2019-07-26,Medical,0,5305.0
CLM0002051,POL0002334,17993.25,2022-10-31,Fire,0,49173.33
CLM0002052,POL0001264,34664.04,2023-08-02,Natural Disaster,0,74157.71
CLM0002053,POL0002935,56342.32,2019-07-29,Natural Disaster,0,44954.57
CLM0002054,POL0002268,68141.02,2020-09-26,Theft,0,5905.43
CLM0002055,POL0002044,87251.65,2020-10-15,Fire,0,74451.08
CLM0002056,POL0000216,76226.51,2021-12-11,Medical,0,10897.3
CLM0002057,POL0000681,36651.45,2021-06-12,Natural Disaster,0,70670.43
CLM0002058,POL0002341,82261.12,2024-07-04,Natural Disaster,0,57223.91
CLM0002059,POL0001813,96624.63,2023-02-14,Accident,0,51018.51
CLM0002060,POL0001508,23085.13,2022-07-17,Medical,0,47071.75
CLM0002061,POL0002091,7872.51,2021-05-07,Accident,0,10752.59
CLM0002062,POL0001117,42948.66,2019-05-08,Fire,0,40217.25
CLM0002063,POL0001293,88199.01,2020-01-05,Natural Disaster,1,15976.44
CLM0002064,POL0001645,15454.0,2022-09-28,Fire,0,45871.17
CLM0002065,POL0002741,88636.92,2018-12-26,Accident,0,35953.3
CLM0002066,POL0001239,99225.2,2018-12-31,Medical,0,54470.14
CLM0002067,POL0000959,5873.22,2019-01-31,Natural Disaster,0,78605.01
CLM0002068,POL0002162,49778.01,2020-03-05,Medical,0,29072.93
CLM0002069,POL0002969,33224.11,2021-07-30,Fire,1,49452.07
CLM0002070,POL0001149,39671.15,2020-01-07,Theft,0,69193.23
CLM0002071,POL0002285,45437.66,2023-03-23,Medical,0,7706.25
CLM0002072,POL0002701,74100.54,2022-08-20,Medical,0,64079.61
CLM0002073,POL0001829,59334.32,2021-11-15,Medical,0,19382.17
CLM0002074,POL0000158,96139.51,2019-10-09,Natural Disaster,0,43360.0
CLM0002075,POL0000908,33610.08,2022-01-11,Fire,1,79322.66
CLM0002076,POL0001529,54379.66,2022-09-19,Fire,0,78728.95
CLM0002077,POL0002901,81426.19,2023-01-10,Natural Disaster,0,25469.07
CLM0002078,POL0001141,37616.33,2022-10-30,Medical,0,10801.51
CLM0002079,POL0002934,46797.27,2021-10-23,Medical,0,75073.35
CLM0002080,POL0001560,68654.97,2020-04-14,Theft,0,71514.3
CLM0002081,POL0002108,86144.05,2023-04-08,Medical,0,49397.74
CLM0002082,POL0002449,41860.31,2023-08-21,Accident,1,2883.11
CLM0002083,POL0001898,53429.07,2019-03-08,Medical,1,60177.04
CLM0002084,POL0000828,97524.67,2021-02-26,Theft,0,13120.16
CLM0002085,POL0001801,4725.68,2019-08-05,Accident,0,75458.8
CLM0002086,POL0001204,45098.76,2022-01-05,Theft,0,34979.55
CLM0002087,POL0002524,63780.19,2018-05-28,Theft,0,49324.71
CLM0002088,POL0002703,1338.53,2024-07-24,Fire,0,22702.07
CLM0002089,POL0000845,59880.26,2023-06-10,Natural Disaster,0,38163.55
CLM0002090,POL0002972,6091.9,2024-10-03,Theft,1,60444.45
CLM0002091,POL0001269,85827.06,2020-03-07,Medical,0,39513.72
CLM0002092,POL0000638,80805.07,2022-09-06,Fire,0,67821.63
CLM0002093,POL0000649,3709.39,2018-04-12,Accident,0,57128.29
CLM0002094,POL0002261,5356.0,2019-11-24,Natural Disaster,0,6465.56
CLM0002095,POL0001630,75484.59,2022-07-17,Fire,0,48664.78
CLM0002096,POL0000990,37269.72,2023-02-25,Theft,0,49124.17
CLM0002097,POL0000804,57715.07,2024-02-03,Fire,0,30657.6
CLM0002098,POL0000128,27397.66,2019-05-03,Medical,0,26021.1
CLM0002099,POL0000952,17710.4,2024-11-12,Medical,1,5312.14
CLM0002100,POL0002265,29959.67,2023-01-15,Medical,0,35858.67
CLM0002101,POL0002759,25048.01,2021-02-23,Natural Disaster,1,27126.74
CLM0002102,POL0000020,45106.59,2018-06-04,Fire,0,76099.71
CLM0002103,POL0001782,74794.28,2022-02-12,Fire,0,54031.7
CLM0002104,POL0000675,55635.88,2020-10-23,Theft,0,36966.89
CLM0002105,POL0002762,61113.24,2022-08-31,Accident,0,60442.57
CLM0002106,POL0000739,47272.82,2018-12-15,Medical,0,62367.94
CLM0002107,POL0000557,32811.0,2018-07-25,Accident,1,38592.33
CLM0002108,POL0002245,14779.13,2022-02-21,Accident,0,6337.9
CLM0002109,POL0002984,35779.26,2018-12-02,Medical,0,62509.93
CLM0002110,POL0002726,66687.26,2018-09-24,Medical,1,7495.64
CLM0002111,POL0000504,73510.85,2024-01-24,Theft,0,67846.29
CLM0002112,POL0001271,47183.56,2021-03-17,Natural Disaster,0,26932.3
CLM0002113,POL0000738,64677.23,2024-03-12,Medical,0,51167.8
CLM0002114,POL0000792,21448.84,2023-11-18,Accident,0,59310.23
CLM0002115,POL0001371,86076.6,2022-09-03,Theft,0,3104.84
CLM0002116,POL0000197,86660.68,2022-11-02,Fire,0,30953.76
CLM0002117,POL0001131,32372.63,2021-11-07,Theft,1,48450.2
CLM0002118,POL0002829,54997.37,2024-09-13,Medical,0,67897.1
CLM0002119,POL0000744,60862.87,2024-05-05,Medical,0,57506.24
CLM0002120,POL0001637,47506.79,2024-09-12,Natural Disaster,0,71722.45
CLM0002121,POL0001184,91158.64,2018-10-25,Theft,0,6893.0
CLM0002122,POL0002470,74101.84,2021-10-02,Medical,0,6024.21
CLM0002123,POL0001631,67414.79,2022-08-19,Accident,0,57167.94
CLM0002124,POL0001952,52249.28,2021-11-14,Accident,0,32062.7
CLM0002125,POL0002039,8942.31,2023-11-20,Theft,0,38686.01
CLM0002126,POL0001337,11228.23,2021-11-24,Natural Disaster,0,48463.99
CLM0002127,POL0002480,30251.38,2024-09-01,Theft,0,78879.53
CLM0002128,POL0000926,21546.47,2019-04-10,Natural Disaster,0,5653.14
CLM0002129,POL0000235,95276.83,2024-03-28,Accident,0,8978.92
CLM0002130,POL0002375,41276.35,2022-07-27,Medical,0,66396.26
CLM0002131,POL0002982,87722.24,2023-02-22,Fire,0,1935.78
CLM0002132,POL0000479,81898.93,2020-02-27,Medical,0,36201.25
CLM0002133,POL0002476,81350.74,2024-06-11,Accident,0,61997.23
CLM0002134,POL0000666,21962.9,2024-08-20,Accident,0,15862.93
CLM0002135,POL0001124,45008.52,2018-12-26,Medical,0,15204.71
CLM0002136,POL0002906,32136.22,2024-03-15,Medical,0,25027.11
CLM0002137,POL0001388,97055.89,2020-10-04,Accident,0,12255.82
CLM0002138,POL0000642,87736.06,2024-06-26,Medical,0,54380.66
CLM0002139,POL0002859,25367.4,2023-01-04,Fire,0,16250.96
CLM0002140,POL0001517,31695.28,2019-04-13,Fire,0,18380.55
CLM0002141,POL0000575,53126.47,2024-10-04,Theft,0,46122.33
CLM0002142,POL0001722,28221.28,2019-08-10,Fire,0,77397.08
CLM0002143,POL0001019,82540.73,2024-12-10,Accident,0,73136.44
CLM0002144,POL0001328,82013.51,2023-07-22,Accident,0,69200.39
CLM0002145,POL0002851,72571.87,2024-07-22,Theft,0,42614.63
CLM0002146,POL0000400,69086.37,2018-09-10,Natural Disaster,0,24030.82
CLM0002147,POL0000595,54956.5,2019-05-17,Theft,0,56549.64
CLM0002148,POL0001457,35037.67,2022-03-13,Natural Disaster,0,31349.31
CLM0002149,POL0001596,83775.38,2021-01-19,Natural Disaster,0,62299.35
CLM0002150,POL0000117,85953.8,2020-01-17,Medical,0,1590.46
CLM0002151,POL0000383,5426.19,2018-12-23,Fire,0,42504.34
CLM0002152,POL0000859,40162.63,2021-04-25,Natural Disaster,1,27186.83
CLM0002153,POL0002130,3149.44,2019-08-16,Medical,1,20149.21
CLM0002154,POL0001851,84028.0,2019-02-04,Theft,0,53048.4
CLM0002155,POL0000832,18120.78,2022-05-12,Theft,0,52772.35
CLM0002156,POL0000873,67549.74,2022-12-12,Natural Disaster,0,3254.25
CLM0002157,POL0002701,36058.89,2024-01-23,Medical,0,75831.6
CLM0002158,POL0002782,81698.51,2024-07-21,Accident,0,29139.69
CLM0002159,POL0002118,51213.85,2023-09-22,Fire,0,73417.4
CLM0002160,POL0000387,32777.99,2018-04-29,Natural Disaster,0,46822.48
CLM0002161,POL0002007,32725.13,2021-04-09,Accident,0,52311.46
CLM0002162,POL0002572,33029.26,2022-08-01,Fire,0,76853.09
CLM0002163,POL0000297,78963.63,2020-07-14,Accident,1,65829.12
CLM0002164,POL0002665,71256.0,2018-11-23,Medical,0,11460.79
CLM0002165,POL0000719,32261.8,2021-06-30,Natural Disaster,0,716.11
CLM0002166,POL0001599,49275.7,2024-07-10,Accident,0,24894.41
CLM0002167,POL0002226,8077.26,2023-11-27,Accident,0,39236.45
CLM0002168,POL0001967,82836.28,2019-05-08,Accident,0,58652.35
CLM0002169,POL0001183,26962.5,2018-05-11,Natural Disaster,0,52985.56
CLM0002170,POL0000011,88977.9,2022-01-22,Medical,0,25234.64
CLM0002171,POL0000785,59881.27,2022-09-28,Medical,0,43497.08
CLM0002172,POL0000411,56998.11,2022-02-11,Accident,1,52179.39
CLM0002173,POL0002940,16690.51,2022-08-01,Medical,0,41245.89
CLM0002174,POL0002655,7418.77,2018-10-28,Fire,0,55211.25
CLM0002175,POL0002203,55485.35,2019-10-22,Medical,0,38971.89
CLM0002176,POL0001230,47064.92,2023-08-16,Accident,0,42515.9
CLM0002177,POL0000599,12408.46,2018-12-10,Fire,0,75279.79
CLM0002178,POL0000824,83640.98,2020-05-12,Natural Disaster,0,31315.9
CLM0002179,POL0002398,42015.39,2021-01-14,Theft,0,60529.87
CLM0002180,POL0001122,26415.55,2021-07-08,Medical,0,26973.72
CLM0002181,POL0002991,78933.07,2020-09-04,Fire,0,26748.81
CLM0002182,POL0000019,91349.88,2021-01-10,Theft,0,74155.73
CLM0002183,POL0000313,30943.29,2022-12-06,Natural Disaster,0,55984.12
CLM0002184,POL0002975,77707.01,2020-05-20,Theft,0,74337.98
CLM0002185,POL0002576,65425.71,2024-04-04,Natural Disaster,0,79568.14
CLM0002186,POL0002605,98977.91,2021-12-03,Accident,0,316.19
CLM0002187,POL0002493,20797.27,2021-12-06,Accident,0,78657.07
CLM0002188,POL0001946,96087.56,2020-03-20,Natural Disaster,0,8339.4
CLM0002189,POL0000231,31869.57,2023-10-16,Theft,0,5911.79
CLM0002190,POL0002673,41489.45,2024-11-22,Medical,0,61494.44
CLM0002191,POL0002937,36203.17,2024-12-03,Theft,0,28209.71
CLM0002192,POL0002407,27210.84,2019-10-31,Theft,0,73449.61
CLM0002193,POL0000044,69475.65,2022-01-10,Medical,0,43697.17
CLM0002194,POL0002925,59119.96,2021-08-19,Theft,0,31073.1
CLM0002195,POL0002271,30916.35,2021-12-19,Theft,0,6152.96
CLM0002196,POL0002950,13655.14,2018-10-07,Fire,0,37331.48
CLM0002197,POL0001289,32078.88,2020-09-28,Natural Disaster,0,22448.45
CLM0002198,POL0002319,38432.52,2019-04-28,Accident,0,6406.06
CLM0002199,POL0002260,38375.02,2022-01-12,Natural Disaster,0,53729.97
CLM0002200,POL0001520,36047.32,2019-11-16,Theft,0,78193.75
CLM0002201,POL0001411,5347.89,2023-06-28,Medical,0,30499.48
CLM0002202,POL0002295,46671.29,2023-04-09,Medical,0,23992.01
CLM0002203,POL0002996,83702.71,2018-04-11,Accident,1,7469.83
CLM0002204,POL0000821,18446.45,2019-02-04,Accident,0,18084.67
CLM0002205,POL0002120,14992.91,2023-08-28,Accident,0,23012.29
CLM0002206,POL0002343,47449.18,2021-07-16,Medical,0,27730.8
CLM0002207,POL0000171,37375.0,2022-09-11,Theft,0,50827.17
CLM0002208,POL0000246,56347.42,2024-12-19,Accident,0,9455.35
CLM0002209,POL0001165,94733.89,2020-07-11,Accident,0,4956.39
CLM0002210,POL0001640,76208.18,2018-12-26,Medical,0,74467.37
CLM0002211,POL0000617,68862.29,2020-05-17,Theft,0,63995.34
CLM0002212,POL0000240,41885.73,2023-12-22,Accident,0,22474.3
CLM0002213,POL0001957,29092.3,2024-04-28,Theft,0,51211.74
CLM0002214,POL0002359,54256.28,2019-11-02,Fire,0,47521.63
CLM0002215,POL0001440,88601.63,2022-10-18,Accident,0,59517.94
CLM0002216,POL0000398,87735.88,2024-10-15,Accident,0,68785.77
CLM0002217,POL0001857,44828.74,2018-09-12,Medical,0,28812.84
CLM0002218,POL0000923,24998.93,2018-02-16,Fire,0,52968.31
CLM0002219,POL0000792,22921.77,2020-10-20,Fire,0,64222.66
CLM0002220,POL0001907,3881.85,2024-07-07,Fire,0,56033.76
CLM0002221,POL0001905,84345.09,2018-02-27,Natural Disaster,0,73794.21
CLM0002222,POL0002070,26851.38,2022-10-14,Medical,0,39726.59
CLM0002223,POL0000813,36220.41,2021-06-17,Medical,0,64270.46
CLM0002224,POL0000904,81017.01,2019-06-15,Accident,0,72806.39
CLM0002225,POL0001731,12442.39,2021-06-03,Medical,0,44697.11
CLM0002226,POL0000832,46392.79,2022-05-16,Accident,0,1678.29
CLM0002227,POL0001395,12672.97,2022-05-19,Accident,0,65495.27
CLM0002228,POL0001967,44463.93,2021-09-28,Natural Disaster,0,67728.91
CLM0002229,POL0001045,5190.39,2019-01-18,Medical,1,32168.1
CLM0002230,POL0002555,52003.47,2018-01-08,Medical,0,18557.52
CLM0002231,POL0002208,79673.12,2024-06-21,Natural Disaster,0,78258.5
CLM0002232,POL0000744,67791.52,2023-02-08,Natural Disaster,0,44264.4
CLM0002233,POL0000813,51162.32,2020-01-22,Medical,0,41439.52
CLM0002234,POL0001580,82961.49,2019-11-02,Medical,0,75702.12
CLM0002235,POL0001376,23164.9,2020-01-26,Accident,0,32825.34
CLM0002236,POL0002228,83164.23,2018-09-12,Theft,0,67896.44
CLM0002237,POL0001651,27998.17,2024-08-08,Accident,0,56141.89
CLM0002238,POL0002261,36567.39,2021-10-29,Fire,1,77426.92
CLM0002239,POL0000530,13278.81,2023-01-04,Fire,0,34463.48
CLM0002240,POL0001419,10624.6,2021-01-21,Theft,0,72637.78
CLM0002241,POL0002075,93245.1,2021-12-01,Natural Disaster,0,45639.79
CLM0002242,POL0000939,19402.84,2024-03-20,Fire,0,38227.35
CLM0002243,POL0002918,33662.97,2022-05-30,Natural Disaster,0,24661.38
CLM0002244,POL0002486,53150.59,2023-09-21,Natural Disaster,0,44350.03
CLM0002245,POL0000285,35112.78,2020-02-15,Accident,1,45932.39
CLM0002246,POL0002709,87078.26,2019-01-30,Natural Disaster,0,71901.77
CLM0002247,POL0001821,90121.12,2023-01-19,Theft,0,56413.75
CLM0002248,POL0000649,32936.05,2018-12-21,Accident,0,66169.95
CLM0002249,POL0000189,9656.76,2021-02-26,Theft,0,61599.66
CLM0002250,POL0001726,21410.74,2021-11-19,Natural Disaster,0,22348.73
CLM0002251,POL0001223,47702.1,2020-11-08,Fire,0,16702.07
CLM0002252,POL0001126,29203.86,2023-10-05,Natural Disaster,0,20900.96
CLM0002253,POL0000479,45620.49,2023-02-14,Theft,0,11982.38
CLM0002254,POL0002651,75991.0,2018-06-26,Medical,0,31061.17
CLM0002255,POL0002044,42353.52,2023-12-27,Medical,0,52415.89
CLM0002256,POL0002026,20101.25,2021-05-08,Fire,0,43097.11
CLM0002257,POL0000517,36117.78,2023-12-12,Theft,0,54433.38
CLM0002258,POL0001889,74426.63,2023-01-07,Fire,0,28681.05
CLM0002259,POL0001551,42694.18,2021-11-09,Accident,1,16660.64
CLM0002260,POL0001541,25329.02,2022-10-14,Natural Disaster,0,16459.82
CLM0002261,POL0002964,43027.46,2020-01-13,Accident,0,48188.74
CLM0002262,POL0002278,45753.27,2022-07-02,Medical,0,13394.29
CLM0002263,POL0002917,29989.53,2018-05-20,Natural Disaster,0,31954.22
CLM0002264,POL0001138,99570.67,2024-06-26,Accident,0,17262.77
CLM0002265,POL0001540,76878.79,2020-03-14,Medical,0,53122.0
CLM0002266,POL0001749,69399.27,2024-06-12,Accident,0,49349.04
CLM0002267,POL0002807,85559.26,2018-09-12,Natural Disaster,0,30675.66
CLM0002268,POL0000034,66808.71,2022-03-01,Accident,0,10558.79
CLM0002269,POL0000296,79202.54,2024-12-19,Natural Disaster,0,17181.8
CLM0002270,POL0002501,41546.3,2019-07-13,Accident,1,37935.06
CLM0002271,POL0001430,50286.99,2020-11-11,Fire,0,77774.97
CLM0002272,POL0001151,5176.14,2024-05-08,Accident,0,21880.75
CLM0002273,POL0002190,28424.32,2019-07-04,Accident,1,15537.87
CLM0002274,POL0001988,37117.23,2023-03-05,Fire,0,17888.47
CLM0002275,POL0000648,62734.29,2018-06-03,Medical,0,56738.69
CLM0002276,POL0002176,46689.02,2018-07-24,Natural Disaster,0,73200.33
CLM0002277,POL0002883,60979.91,2024-08-30,Theft,0,6291.18
CLM0002278,POL0001710,71476.07,2019-07-20,Medical,0,60018.3
CLM0002279,POL0002973,4750.51,2023-10-29,Natural Disaster,1,39720.15
CLM0002280,POL0002778,26198.64,2020-09-08,Accident,0,66067.68
CLM0002281,POL0001548,17504.94,2018-04-30,Medical,0,33893.97
CLM0002282,POL0000463,19151.78,2022-02-23,Accident,0,715.74
CLM0002283,POL0002612,50560.98,2024-10-28,Medical,0,54718.87
CLM0002284,POL0001210,74127.89,2024-08-24,Medical,0,64695.32
CLM0002285,POL0000514,27641.31,2019-02-26,Theft,0,72191.08
CLM0002286,POL0000001,82532.7,2019-12-23,Fire,1,45653.39
CLM0002287,POL0001263,89299.42,2023-07-12,Medical,1,10027.27
CLM0002288,POL0001079,35378.12,2020-05-16,Accident,0,29775.82
CLM0002289,POL0001472,68294.98,2021-06-30,Theft,0,62804.74
CLM0002290,POL0000338,12146.4,2023-01-10,Medical,0,39704.71
CLM0002291,POL0002956,74530.81,2019-05-30,Fire,0,56029.79
CLM0002292,POL0002866,16919.88,2018-12-30,Accident,0,673.77
CLM0002293,POL0001128,68897.87,2018-11-30,Theft,0,6118.29
CLM0002294,POL0002393,42479.05,2019-03-12,Natural Disaster,0,54588.74
CLM0002295,POL0000977,92881.4,2019-02-01,Fire,0,23429.09
CLM0002296,POL0000883,46713.83,2024-02-17,Natural Disaster,0,31238.48
CLM0002297,POL0002246,3574.83,2024-04-17,Natural Disaster,0,51477.99
CLM0002298,POL0001038,48326.57,2024-09-11,Theft,0,9227.56
CLM0002299,POL0001704,79652.13,2024-10-26,Theft,0,66666.86
CLM0002300,POL0000872,64884.89,2021-04-18,Theft,0,11811.41
CLM0002301,POL0002590,96648.36,2018-02-10,Natural Disaster,0,58742.62
CLM0002302,POL0000457,84405.61,2023-08-11,Accident,0,23632.28
CLM0002303,POL0001550,52891.89,2020-01-27,Theft,0,21019.69
CLM0002304,POL0002798,21048.8,2023-01-15,Fire,0,65754.8
CLM0002305,POL0000366,875.58,2022-09-26,Theft,0,44310.48
CLM0002306,POL0002449,98059.99,2022-09-26,Theft,0,16678.17
CLM0002307,POL0002622,93862.81,2024-10-27,Theft,0,502.94
CLM0002308,POL0002530,27777.33,2021-09-18,Natural Disaster,0,77850.88
CLM0002309,POL0002158,64002.47,2021-07-21,Accident,0,34681.48
CLM0002310,POL0002454,73059.34,2019-11-25,Theft,0,31974.6
CLM0002311,POL0002357,58012.34,2023-01-08,Natural Disaster,0,4310.07
CLM0002312,POL0000160,84374.69,2021-07-05,Fire,0,71583.96
CLM0002313,POL0000844,8243.55,2021-04-10,Accident,0,11504.84
CLM0002314,POL0002103,89701.16,2024-03-11,Natural Disaster,0,27035.82
CLM0002315,POL0002809,39505.89,2018-05-20,Medical,0,33861.98
CLM0002316,POL0002000,48328.66,2023-09-09,Fire,0,64865.43
CLM0002317,POL0002304,44751.0,2019-06-13,Fire,1,28949.49
CLM0002318,POL0002582,53362.98,2024-12-16,Medical,0,42657.56
CLM0002319,POL0002470,60017.76,2018-10-30,Natural Disaster,0,34469.9
CLM0002320,POL0002994,71179.17,2019-10-19,Natural Disaster,0,25154.02
CLM0002321,POL0001639,52731.56,2020-01-18,Fire,0,75720.36
CLM0002322,POL0002861,68634.94,2020-02-06,Natural Disaster,1,63811.08
CLM0002323,POL0002935,34160.6,2020-03-21,Medical,0,14195.93
CLM0002324,POL0002312,93699.75,2023-04-21,Natural Disaster,0,44510.09
CLM0002325,POL0002796,6920.84,2019-11-05,Fire,0,63785.84
CLM0002326,POL0002881,54781.29,2023-09-15,Natural Disaster,0,46509.26
CLM0002327,POL0000233,9195.92,2018-03-26,Accident,0,39654.21
CLM0002328,POL0002728,44555.32,2019-08-19,Medical,0,6043.13
CLM0002329,POL0000233,26129.44,2020-06-28,Medical,0,8753.52
CLM0002330,POL0000558,93721.89,2018-12-13,Theft,0,19845.59
CLM0002331,POL0002961,1801.0,2019-12-30,Natural Disaster,0,41217.72
CLM0002332,POL0002729,39424.76,2019-04-28,Medical,0,78987.55
CLM0002333,POL0001950,78313.25,2022-11-20,Natural Disaster,0,64240.62
CLM0002334,POL0001460,19251.91,2023-10-07,Accident,0,9071.06
CLM0002335,POL0000335,81651.03,2021-05-18,Fire,0,57465.57
CLM0002336,POL0002452,86042.65,2021-02-21,Fire,0,64894.57
CLM0002337,POL0000256,70946.3,2018-10-14,Theft,0,33316.78
CLM0002338,POL0001090,21302.38,2021-03-16,Theft,0,26612.77
CLM0002339,POL0002989,27567.85,2019-10-27,Medical,0,46893.82
CLM0002340,POL0000772,17110.01,2021-11-06,Medical,0,41676.54
CLM0002341,POL0000946,18814.34,2022-11-15,Medical,1,21437.52
CLM0002342,POL0001112,4130.98,2022-10-10,Accident,0,31971.01
CLM0002343,POL0000311,85802.85,2023-08-21,Theft,0,43691.67
CLM0002344,POL0001595,53085.98,2018-08-27,Theft,0,46519.97
CLM0002345,POL0002730,33112.04,2024-06-20,Fire,0,42680.44
CLM0002346,POL0001282,29312.91,2021-01-10,Theft,0,67734.77
CLM0002347,POL0001582,54697.28,2018-12-05,Theft,0,2830.08
CLM0002348,POL0002177,33005.14,2024-06-06,Accident,0,26838.8
CLM0002349,POL0002829,86439.94,2024-12-29,Medical,0,60061.74
CLM0002350,POL0002374,21490.26,2023-12-02,Accident,1,52247.07
CLM0002351,POL0000790,88289.03,2023-06-08,Natural Disaster,0,73485.85
CLM0002352,POL0002065,66577.2,2020-10-18,Fire,0,47165.28
CLM0002353,POL0002747,95684.61,2020-12-18,Fire,0,51160.63
CLM0002354,POL0000342,2003.17,2019-09-18,Fire,0,56484.29
CLM0002355,POL0001003,6380.01,2019-11-17,Medical,1,15140.19
CLM0002356,POL0000838,50339.01,2019-02-09,Medical,0,60333.55
CLM0002357,POL0000628,91281.69,2019-09-10,Medical,0,24201.2
CLM0002358,POL0002819,73214.1,2024-10-06,Fire,0,34132.74
CLM0002359,POL0002926,62402.53,2019-08-13,Fire,0,1416.32
CLM0002360,POL0001273,3644.41,2020-03-14,Fire,1,67532.2
CLM0002361,POL0000710,35739.3,2023-12-25,Natural Disaster,0,76293.38
CLM0002362,POL0002897,34912.36,2022-05-31,Natural Disaster,0,5097.22
CLM0002363,POL0000739,54437.53,2021-01-28,Fire,0,50925.45
CLM0002364,POL0002225,26153.86,2019-07-17,Medical,0,76874.06
CLM0002365,POL0001779,27081.99,2019-04-28,Medical,0,48669.99
CLM0002366,POL0000946,62275.65,2021-03-15,Natural Disaster,0,63896.69
CLM0002367,POL0002405,94484.47,2024-07-01,Natural Disaster,1,9714.86
CLM0002368,POL0000495,66187.82,2024-04-13,Fire,0,19814.53
CLM0002369,POL0000035,66978.95,2022-08-16,Fire,0,27855.07
CLM0002370,POL0001431,98628.37,2019-05-14,Medical,0,78498.98
CLM0002371,POL0001992,15771.08,2023-12-22,Theft,0,62607.7
CLM0002372,POL0000818,3866.56,2020-08-21,Medical,0,70887.33
CLM0002373,POL0000010,74678.64,2024-02-23,Medical,1,39119.99
CLM0002374,POL0000986,44159.35,2019-08-30,Fire,0,57429.39
CLM0002375,POL0001738,43167.92,2019-08-21,Theft,0,58605.73
CLM0002376,POL0002579,22917.69,2020-06-07,Theft,0,45643.17
CLM0002377,POL0001559,50932.87,2019-09-28,Fire,0,70274.14
CLM0002378,POL0002143,44496.15,2020-03-21,Accident,0,12912.62
CLM0002379,POL0002624,34872.28,2021-03-27,Fire,1,4884.32
CLM0002380,POL0000450,44553.14,2023-09-16,Natural Disaster,0,24533.3
CLM0002381,POL0001244,38691.56,2024-08-05,Theft,0,7335.26
CLM0002382,POL0002144,94019.69,2023-06-02,Fire,0,5107.2
CLM0002383,POL0000865,98035.04,2023-05-03,Medical,0,33701.46
CLM0002384,POL0001801,84070.14,2019-04-30,Medical,0,16280.3
CLM0002385,POL0002717,99046.2,2022-09-23,Medical,0,63274.76
CLM0002386,POL0000207,26939.08,2019-09-14,Fire,0,46508.82
CLM0002387,POL0001810,84371.05,2021-12-27,Accident,0,29039.25
CLM0002388,POL0000850,40959.59,2019-03-27,Natural Disaster,0,23137.57
CLM0002389,POL0000246,74740.57,2024-07-13,Medical,0,45182.11
CLM0002390,POL0001735,20538.57,2018-08-31,Fire,0,34889.97
CLM0002391,POL0001998,81289.63,2020-07-26,Accident,0,4742.09
CLM0002392,POL0002932,8804.71,2024-08-01,Theft,1,53315.69
CLM0002393,POL0002131,27420.49,2021-03-28,Theft,1,40130.68
CLM0002394,POL0000317,82284.29,2022-10-10,Natural Disaster,0,22368.9
CLM0002395,POL0002693,74842.34,2018-08-12,Fire,0,23446.08
CLM0002396,POL0002418,50374.05,2019-05-07,Fire,0,36386.93
CLM0002397,POL0002797,67442.88,2019-04-26,Medical,0,66259.12
CLM0002398,POL0001720,18964.62,2024-08-29,Accident,0,34017.13
CLM0002399,POL0002678,66942.48,2018-10-02,Natural Disaster,0,67214.59
CLM0002400,POL0002228,1293.63,2024-08-28,Accident,0,34161.6
CLM0002401,POL0001807,83404.98,2019-08-15,Natural Disaster,0,66444.08
CLM0002402,POL0002650,51870.62,2021-04-05,Fire,1,74542.94
CLM0002403,POL0000600,94415.91,2020-12-14,Fire,0,1939.74
CLM0002404,POL0001107,48077.34,2022-02-17,Natural Disaster,0,5261.36
CLM0002405,POL0001556,43592.18,2018-01-25,Accident,0,10981.34
CLM0002406,POL0000841,45280.25,2021-11-29,Theft,1,10033.0
CLM0002407,POL0000348,36293.0,2021-06-27,Theft,1,36521.89
CLM0002408,POL0001296,17084.17,2022-04-11,Medical,0,61193.52
CLM0002409,POL0000331,84285.24,2018-02-20,Medical,0,76917.87
CLM0002410,POL0000610,39214.0,2023-01-02,Accident,0,33597.13
CLM0002411,POL0001945,53146.29,2019-01-20,Fire,0,55171.95
CLM0002412,POL0000744,2478.75,2022-09-03,Accident,0,50949.9
CLM0002413,POL0000569,6495.26,2020-08-29,Natural Disaster,0,31636.73
CLM0002414,POL0001685,59919.73,2024-01-13,Theft,0,57773.54
CLM0002415,POL0002437,87983.19,2019-07-17,Medical,0,47478.5
CLM0002416,POL0000971,49592.88,2024-07-28,Accident,0,60867.18
CLM0002417,POL0000747,16914.97,2018-01-22,Accident,0,15733.8
CLM0002418,POL0002185,12054.67,2019-12-20,Natural Disaster,0,29013.63
CLM0002419,POL0001765,90028.91,2023-10-25,Fire,0,53796.39
CLM0002420,POL0001385,70312.97,2022-01-02,Fire,0,10246.84
CLM0002421,POL0002330,96636.46,2024-11-16,Theft,0,61700.69
CLM0002422,POL0001226,8693.69,2024-12-16,Medical,0,10935.15
CLM0002423,POL0001019,90309.98,2022-12-16,Fire,0,26159.0
CLM0002424,POL0002792,84640.42,2022-05-10,Fire,0,19231.04
CLM0002425,POL0002579,89371.93,2018-11-27,Fire,0,5160.55
CLM0002426,POL0000016,1073.41,2021-10-04,Accident,0,21871.35
CLM0002427,POL0000568,74319.4,2018-09-03,Fire,0,72947.44
CLM0002428,POL0002025,55119.34,2019-04-10,Natural Disaster,1,2446.21
CLM0002429,POL0001614,57531.35,2018-03-01,Theft,1,1641.27
CLM0002430,POL0002078,47185.6,2024-04-08,Fire,1,56430.07
CLM0002431,POL0001543,74396.35,2019-07-03,Medical,0,29539.53
CLM0002432,POL0001932,99984.01,2023-06-05,Accident,0,18610.36
CLM0002433,POL0002712,71198.57,2022-01-14,Natural Disaster,0,40857.11
CLM0002434,POL0002923,67966.02,2020-08-16,Theft,0,21554.04
CLM0002435,POL0002070,65616.55,2019-06-05,Accident,0,31543.83
CLM0002436,POL0001455,69673.56,2021-04-04,Natural Disaster,0,57312.31
CLM0002437,POL0001703,34540.19,2020-05-03,Accident,0,9617.49
CLM0002438,POL0002708,32361.86,2021-02-09,Theft,0,76784.6
CLM0002439,POL0001434,78541.63,2019-01-22,Theft,0,3689.54
CLM0002440,POL0000325,5782.26,2024-11-17,Fire,0,64581.03
CLM0002441,POL0001322,76045.15,2020-10-20,Medical,0,58049.92
CLM0002442,POL0002229,81477.24,2020-07-21,Fire,0,22782.54
CLM0002443,POL0000122,52399.0,2019-05-15,Accident,1,9730.33
CLM0002444,POL0002172,91059.74,2019-09-19,Fire,0,68234.28
CLM0002445,POL0001477,47572.2,2023-09-06,Theft,0,54465.05
CLM0002446,POL0000266,18219.62,2021-12-11,Theft,0,23483.23
CLM0002447,POL0000028,36459.17,2020-02-07,Theft,0,1649.25
CLM0002448,POL0001283,90633.82,2021-04-18,Fire,0,75097.68
CLM0002449,POL0002125,99376.96,2022-04-02,Natural Disaster,1,32518.98
CLM0002450,POL0000432,42474.47,2022-08-22,Fire,0,14348.47
CLM0002451,POL0000879,17101.23,2019-02-11,Fire,0,72973.17
CLM0002452,POL0002942,28989.76,2022-08-16,Fire,0,28913.95
CLM0002453,POL0001059,55552.99,2022-02-27,Fire,0,37221.16
CLM0002454,POL0000436,57423.54,2024-09-08,Theft,0,55979.91
CLM0002455,POL0001086,63190.91,2018-11-16,Medical,0,65607.68
CLM0002456,POL0002100,83617.66,2019-12-13,Fire,0,8284.17
CLM0002457,POL0002164,71265.81,2018-01-24,Fire,0,71924.31
CLM0002458,POL0002095,26453.6,2020-01-11,Medical,0,74623.42
CLM0002459,POL0002486,39806.88,2024-03-04,Fire,0,20963.8
CLM0002460,POL0000101,84061.75,2024-02-25,Medical,0,39941.82
CLM0002461,POL0001303,63521.58,2020-10-02,Theft,0,68672.66
CLM0002462,POL0002155,17058.6,2023-04-23,Natural Disaster,0,39141.66
CLM0002463,POL0000983,32891.11,2023-08-07,Fire,0,38713.37
CLM0002464,POL0002407,79213.55,2022-10-08,Natural Disaster,0,49596.3
CLM0002465,POL0000887,17623.37,2023-03-03,Fire,0,61464.91
CLM0002466,POL0000800,69259.54,2021-07-16,Accident,0,53349.71
CLM0002467,POL0001026,56571.89,2024-03-04,Accident,0,50237.36
CLM0002468,POL0001516,15173.75,2020-11-29,Theft,0,29922.21
CLM0002469,POL0001904,69043.45,2018-08-10,Natural Disaster,0,50516.87
CLM0002470,POL0001914,14663.72,2023-06-07,Natural Disaster,0,8530.85
CLM0002471,POL0001296,40144.34,2019-02-03,Medical,0,32941.78
CLM0002472,POL0001168,31201.71,2023-06-25,Medical,0,15311.6
CLM0002473,POL0000435,69155.99,2019-04-13,Fire,0,43144.16
CLM0002474,POL0001475,78345.05,2021-08-25,Medical,0,21185.0
CLM0002475,POL0002652,17247.5,2024-09-23,Medical,0,40623.01
CLM0002476,POL0002614,81293.68,2021-02-23,Natural Disaster,0,62252.81
CLM0002477,POL0000916,1217.8,2020-02-06,Accident,0,34889.22
CLM0002478,POL0002276,53240.83,2018-05-27,Natural Disaster,0,17732.67
CLM0002479,POL0000545,51920.49,2024-04-10,Medical,0,18071.64
CLM0002480,POL0001238,62570.23,2022-11-15,Fire,0,72528.48
CLM0002481,POL0000648,24350.2,2018-10-31,Accident,0,62538.11
CLM0002482,POL0002296,1480.75,2024-06-21,Medical,0,3214.84
CLM0002483,POL0001432,45748.91,2022-08-24,Medical,0,75435.01
CLM0002484,POL0001077,7604.92,2018-11-01,Fire,0,9271.45
CLM0002485,POL0001600,89273.29,2024-03-06,Fire,0,52339.51
CLM0002486,POL0002362,17779.8,2018-04-10,Medical,0,44254.8
CLM0002487,POL0000037,42810.68,2018-10-15,Medical,0,4019.83
CLM0002488,POL0000724,43683.04,2019-10-08,Natural Disaster,0,23825.31
CLM0002489,POL0001548,55510.03,2023-05-02,Theft,0,62135.53
CLM0002490,POL0000980,78361.97,2020-11-12,Fire,0,24758.32
CLM0002491,POL0000084,47478.74,2024-10-15,Fire,0,38582.49
CLM0002492,POL0002948,3062.45,2023-04-16,Natural Disaster,0,55926.66
CLM0002493,POL0001118,77225.49,2023-03-20,Accident,0,6004.36
CLM0002494,POL0001366,8676.24,2019-05-02,Accident,0,66658.68
CLM0002495,POL0000719,64334.55,2020-10-11,Accident,0,3614.02
CLM0002496,POL0000550,80441.24,2024-05-03,Fire,0,21212.28
CLM0002497,POL0001372,28627.67,2020-12-25,Theft,0,61116.46
CLM0002498,POL0002763,45186.09,2024-12-17,Theft,0,72976.45
CLM0002499,POL0000587,1926.42,2019-03-28,Natural Disaster,0,60899.39
CLM0002500,POL0001865,80485.58,2018-04-27,Accident,0,18391.85
CLM0002501,POL0000152,70474.48,2021-07-28,Accident,0,78862.19
CLM0002502,POL0001062,23523.05,2021-07-08,Medical,0,33242.74
CLM0002503,POL0002213,39327.51,2018-02-13,Natural Disaster,0,30303.16
CLM0002504,POL0002986,69683.99,2018-03-05,Natural Disaster,0,69259.27
CLM0002505,POL0001568,36137.23,2019-07-29,Fire,0,5576.86
CLM0002506,POL0000212,16660.27,2021-06-21,Fire,0,44619.69
CLM0002507,POL0002574,52091.3,2022-10-03,Natural Disaster,0,77260.38
CLM0002508,POL0000742,72494.97,2018-12-22,Theft,0,8280.39
CLM0002509,POL0002180,32420.55,2023-01-22,Natural Disaster,1,43405.67
CLM0002510,POL0000096,12616.34,2018-12-06,Theft,0,10856.79
CLM0002511,POL0001527,83039.64,2021-12-30,Fire,0,71231.24
CLM0002512,POL0000522,25653.79,2021-11-02,Natural Disaster,0,47143.55
CLM0002513,POL0002422,51525.09,2020-05-05,Theft,0,18997.89
CLM0002514,POL0001040,69288.64,2020-09-07,Medical,0,24771.33
CLM0002515,POL0001703,32048.98,2020-08-21,Medical,1,41475.49
CLM0002516,POL0002656,65039.34,2018-05-13,Natural Disaster,0,58110.24
CLM0002517,POL0000018,46241.1,2019-07-01,Accident,0,39153.29
CLM0002518,POL0001720,57258.45,2020-04-23,Natural Disaster,0,15384.5
CLM0002519,POL0000978,59262.32,2018-01-18,Fire,0,56738.06
CLM0002520,POL0000879,82502.99,2023-11-17,Fire,0,9733.59
CLM0002521,POL0000594,65804.46,2023-08-09,Medical,0,64809.76
CLM0002522,POL0000643,26798.52,2019-06-29,Theft,0,31829.33
CLM0002523,POL0002177,6430.63,2021-01-05,Medical,0,52321.03
CLM0002524,POL0000801,697.56,2020-11-27,Theft,1,27772.6
CLM0002525,POL0000455,90489.53,2018-06-09,Natural Disaster,0,53625.16
CLM0002526,POL0001610,94239.95,2018-08-14,Accident,0,71168.2
CLM0002527,POL0000876,9864.09,2024-06-18,Fire,0,56201.92
CLM0002528,POL0002619,48961.84,2021-05-28,Natural Disaster,0,53811.3
CLM0002529,POL0001096,15583.72,2024-04-15,Medical,0,60665.64
CLM0002530,POL0001014,94900.53,2020-12-18,Natural Disaster,0,40166.9
CLM0002531,POL0001111,25059.84,2020-11-10,Accident,0,17857.33
CLM0002532,POL0002449,50413.89,2019-08-19,Theft,0,65297.11
CLM0002533,POL0000462,16979.21,2021-10-11,Accident,0,51984.02
CLM0002534,POL0002137,33609.73,2018-05-15,Medical,0,25311.52
CLM0002535,POL0002871,27047.23,2018-06-06,Accident,0,22286.85
CLM0002536,POL0002054,47804.89,2021-08-15,Fire,0,40144.34
CLM0002537,POL0000945,42268.31,2022-11-30,Accident,0,16822.26
CLM0002538,POL0000084,33414.38,2022-11-10,Natural Disaster,0,70295.63
CLM0002539,POL0001440,11034.82,2020-10-02,Theft,0,63149.29
CLM0002540,POL0002669,48706.46,2021-10-05,Fire,0,24872.7
CLM0002541,POL0001136,85095.7,2024-09-27,Fire,0,4237.46
CLM0002542,POL0002220,73157.22,2023-02-14,Fire,0,4433.89
CLM0002543,POL0000699,72197.2,2024-04-27,Medical,0,23980.44
CLM0002544,POL0001821,36926.13,2018-05-12,Medical,0,12056.34
CLM0002545,POL0002321,70987.7,2022-06-20,Natural Disaster,0,69904.58
CLM0002546,POL0000530,46820.38,2024-01-06,Theft,0,33836.39
CLM0002547,POL0000319,15452.47,2024-02-07,Accident,0,28037.71
CLM0002548,POL0001099,42195.45,2023-02-28,Natural Disaster,0,17666.56
CLM0002549,POL0002477,13707.49,2018-08-08,Medical,1,67343.72
CLM0002550,POL0002895,11891.04,2023-10-15,Natural Disaster,0,63459.62
CLM0002551,POL0000249,2794.4,2022-08-12,Theft,0,30930.82
CLM0002552,POL0000387,28644.0,2024-10-11,Natural Disaster,0,13797.82
CLM0002553,POL0001958,33422.04,2020-06-01,Fire,0,76173.46
CLM0002554,POL0001891,70094.65,2024-02-11,Accident,0,25474.04
CLM0002555,POL0000363,54031.48,2020-09-23,Medical,0,61756.01
CLM0002556,POL0002116,85915.75,2018-09-01,Medical,0,37205.05
CLM0002557,POL0002486,18058.83,2018-02-26,Theft,0,62597.18
CLM0002558,POL0001556,26962.69,2022-09-29,Theft,0,38684.26
CLM0002559,POL0001807,94137.07,2023-04-27,Theft,1,74067.12
CLM0002560,POL0000296,44682.5,2021-07-31,Medical,0,64093.74
CLM0002561,POL0002695,79010.57,2019-10-21,Fire,1,21045.04
CLM0002562,POL0001992,49470.68,2019-12-22,Accident,0,34601.11
CLM0002563,POL0002081,47373.02,2018-01-31,Theft,0,8317.01
CLM0002564,POL0001398,15237.57,2022-11-15,Medical,0,72306.66
CLM0002565,POL0000032,85194.36,2018-11-25,Fire,0,5822.92
CLM0002566,POL0000555,8296.35,2020-11-21,Theft,0,1753.86
CLM0002567,POL0000305,31370.98,2024-01-12,Theft,0,39865.72
CLM0002568,POL0000793,67510.07,2018-04-04,Accident,0,48369.39
CLM0002569,POL0001132,50972.13,2024-11-23,Accident,0,18090.19
CLM0002570,POL0000096,88197.14,2019-03-12,Natural Disaster,0,45772.76
CLM0002571,POL0001090,4410.15,2021-08-14,Theft,0,71676.28
CLM0002572,POL0002569,65116.05,2024-09-22,Natural Disaster,0,50201.38
CLM0002573,POL0000230,48007.81,2020-05-14,Medical,1,36622.54
CLM0002574,POL0002781,15854.03,2020-06-14,Accident,0,11810.99
CLM0002575,POL0000358,74453.56,2022-11-15,Fire,0,13764.66
CLM0002576,POL0000402,41425.03,2019-08-01,Theft,0,38903.07
CLM0002577,POL0000790,53392.4,2024-07-16,Theft,0,37210.77
CLM0002578,POL0000099,96742.97,2019-10-12,Natural Disaster,0,41934.38
CLM0002579,POL0000271,48879.89,2018-11-12,Accident,0,40778.87
CLM0002580,POL0001799,82425.6,2018-10-27,Natural Disaster,0,27499.93
CLM0002581,POL0000362,77072.96,2021-11-15,Theft,0,55760.33
CLM0002582,POL0001188,66444.08,2024-07-19,Accident,0,17213.23
CLM0002583,POL0002576,89732.81,2019-11-19,Theft,0,68230.61
CLM0002584,POL0000540,25534.36,2023-12-03,Accident,1,15793.37
CLM0002585,POL0001866,82166.74,2019-12-20,Theft,1,33446.23
CLM0002586,POL0002643,38089.86,2022-02-02,Fire,0,17096.25
CLM0002587,POL0000833,81342.84,2020-04-28,Natural Disaster,0,49590.69
CLM0002588,POL0002445,49631.97,2018-01-20,Accident,0,38367.73
CLM0002589,POL0001060,85842.07,2021-06-08,Natural Disaster,0,30132.82
CLM0002590,POL0002543,89536.93,2023-03-22,Accident,1,38168.14
CLM0002591,POL0000314,59965.57,2023-12-13,Accident,0,33872.86
CLM0002592,POL0002538,51008.88,2022-07-02,Accident,0,68456.69
CLM0002593,POL0001300,78436.37,2019-12-09,Theft,0,10204.04
CLM0002594,POL0000233,27065.13,2023-06-11,Medical,0,63516.56
CLM0002595,POL0001640,2027.19,2023-11-09,Theft,0,52529.77
CLM0002596,POL0001030,41005.91,2019-03-15,Medical,0,28061.13
CLM0002597,POL0002712,51023.53,2023-05-12,Theft,0,73552.43
CLM0002598,POL0000244,30077.64,2020-01-17,Medical,0,14402.57
CLM0002599,POL0002289,38644.51,2021-11-05,Accident,0,25029.98
CLM0002600,POL0002606,13739.29,2021-01-05,Accident,0,30174.83
CLM0002601,POL0002123,28090.35,2022-08-24,Medical,0,51929.36
CLM0002602,POL0002331,24389.49,2022-06-27,Medical,0,75728.98
CLM0002603,POL0001559,30448.19,2018-06-28,Natural Disaster,1,47597.79
CLM0002604,POL0000087,30255.88,2022-04-04,Accident,0,68547.6
CLM0002605,POL0000881,56117.35,2023-05-09,Theft,0,72426.37
CLM0002606,POL0002978,25434.4,2020-05-11,Natural Disaster,1,37477.16
CLM0002607,POL0001173,94125.65,2020-08-17,Medical,0,37953.0
CLM0002608,POL0000160,51371.85,2021-04-02,Theft,0,20224.82
CLM0002609,POL0002494,13332.12,2020-08-28,Fire,1,48246.45
CLM0002610,POL0002130,28320.82,2022-03-21,Fire,0,9866.22
CLM0002611,POL0002230,73110.87,2023-11-29,Fire,0,50856.0
CLM0002612,POL0002918,1859.07,2019-03-26,Theft,0,71463.9
CLM0002613,POL0001550,93812.89,2022-02-12,Medical,0,60934.62
CLM0002614,POL0000478,44795.1,2023-11-07,Theft,0,52040.31
CLM0002615,POL0002231,52347.36,2020-04-30,Natural Disaster,0,67120.8
CLM0002616,POL0001580,98847.02,2024-05-07,Natural Disaster,0,58466.27
CLM0002617,POL0002222,50588.61,2020-02-03,Fire,0,42514.06
CLM0002618,POL0002062,94800.53,2023-12-23,Medical,0,41828.83
CLM0002619,POL0001961,91565.5,2018-04-07,Natural Disaster,0,8828.15
CLM0002620,POL0002121,94160.9,2024-02-14,Accident,0,34922.86
CLM0002621,POL0002562,81331.12,2019-07-03,Accident,1,41939.22
CLM0002622,POL0001746,29991.61,2020-09-08,Fire,0,37752.39
CLM0002623,POL0000602,34965.06,2021-05-25,Fire,0,62148.31
CLM0002624,POL0002391,36815.91,2021-12-07,Fire,1,13128.67
CLM0002625,POL0001420,97928.49,2021-08-10,Natural Disaster,0,63653.44
CLM0002626,POL0001919,36395.17,2022-06-12,Medical,0,59410.52
CLM0002627,POL0000333,11314.59,2022-06-26,Fire,0,72095.54
CLM0002628,POL0000355,77943.73,2023-08-17,Theft,0,30064.36
CLM0002629,POL0000847,36923.3,2021-10-20,Fire,0,14370.51
CLM0002630,POL0000163,62283.12,2021-09-04,Natural Disaster,1,60762.7
CLM0002631,POL0000116,92473.86,2019-06-27,Medical,1,47197.94
CLM0002632,POL0001103,57762.8,2018-06-10,Fire,0,57085.64
CLM0002633,POL0001471,63951.17,2022-03-09,Accident,0,79740.22
CLM0002634,POL0001907,64464.83,2024-09-17,Fire,0,15804.82
CLM0002635,POL0001047,61433.72,2021-10-02,Fire,0,33060.81
CLM0002636,POL0002839,16397.05,2021-03-05,Medical,1,15657.93
CLM0002637,POL0000543,45913.33,2019-05-31,Theft,0,68891.67
CLM0002638,POL0000414,1262.57,2023-11-06,Fire,0,1653.39
CLM0002639,POL0000682,62813.35,2022-08-29,Fire,0,11077.28
CLM0002640,POL0000642,57748.15,2021-03-09,Natural Disaster,0,20055.26
CLM0002641,POL0001433,32154.65,2024-08-31,Medical,0,61774.46
CLM0002642,POL0000669,52627.6,2020-04-04,Natural Disaster,0,50387.8
CLM0002643,POL0002070,49559.25,2020-09-24,Fire,0,31272.4
CLM0002644,POL0000969,25466.06,2024-08-31,Fire,0,12948.41
CLM0002645,POL0001705,29682.11,2021-04-16,Accident,0,25932.21
CLM0002646,POL0001181,76372.83,2023-10-09,Natural Disaster,0,59550.59
CLM0002647,POL0002378,75695.37,2022-12-14,Medical,0,30741.55
CLM0002648,POL0001046,47243.32,2021-07-08,Fire,0,37168.85
CLM0002649,POL0001496,71892.14,2021-09-15,Accident,0,48807.49
CLM0002650,POL0001288,45354.73,2023-07-14,Accident,0,73057.14
CLM0002651,POL0002950,85211.72,2020-12-29,Theft,0,20233.39
CLM0002652,POL0001799,33614.26,2021-09-16,Medical,0,36005.33
CLM0002653,POL0000724,92765.6,2018-08-30,Accident,0,25032.61
CLM0002654,POL0001160,54457.22,2020-04-13,Medical,0,37455.1
CLM0002655,POL0000252,53800.94,2024-10-01,Fire,0,55807.99
CLM0002656,POL0000205,67245.63,2022-01-08,Theft,0,38720.51
CLM0002657,POL0001880,34415.17,2023-10-25,Medical,0,66812.55
CLM0002658,POL0002880,72570.79,2018-10-27,Theft,0,44394.67
CLM0002659,POL0000791,32382.3,2021-10-05,Medical,0,31045.48
CLM0002660,POL0001085,40055.11,2020-08-05,Medical,0,62650.99
CLM0002661,POL0000465,67632.99,2024-08-17,Natural Disaster,0,34676.52
CLM0002662,POL0001842,38155.69,2019-07-14,Theft,0,41389.55
CLM0002663,POL0001326,20397.43,2021-12-09,Medical,0,79575.23
CLM0002664,POL0001496,87254.2,2022-12-04,Natural Disaster,1,62978.61
CLM0002665,POL0000394,92254.46,2023-08-15,Natural Disaster,0,68454.83
CLM0002666,POL0001631,62859.74,2018-06-22,Theft,0,47550.23
CLM0002667,POL0002029,81209.5,2021-03-30,Fire,0,28052.85
CLM0002668,POL0002708,98671.91,2020-02-07,Theft,0,79304.19
CLM0002669,POL0000912,61670.09,2020-11-19,Medical,0,19748.4
CLM0002670,POL0001283,90924.87,2023-03-28,Fire,0,69863.51
CLM0002671,POL0002578,36245.85,2022-02-04,Theft,0,72930.72
CLM0002672,POL0001211,70197.01,2019-01-11,Theft,0,65459.12
CLM0002673,POL0001236,6052.64,2024-12-09,Theft,0,9392.5
CLM0002674,POL0001059,79002.67,2022-10-13,Theft,0,68372.81
CLM0002675,POL0001171,83065.41,2023-09-18,Fire,0,53203.1
CLM0002676,POL0001273,40416.96,2019-09-18,Medical,0,54561.67
CLM0002677,POL0000057,64076.02,2023-10-11,Natural Disaster,0,62986.57
CLM0002678,POL0001893,85906.93,2018-04-30,Theft,0,39395.83
CLM0002679,POL0002570,88419.01,2019-06-18,Natural Disaster,0,21592.43
CLM0002680,POL0001749,11099.89,2020-08-18,Natural Disaster,0,46122.09
CLM0002681,POL0000361,82835.03,2019-05-03,Natural Disaster,0,8961.43
CLM0002682,POL0002282,27787.21,2024-06-11,Theft,0,54081.97
CLM0002683,POL0001949,72867.04,2021-06-13,Theft,0,38790.39
CLM0002684,POL0000223,32853.83,2019-08-11,Theft,0,40335.78
CLM0002685,POL0001640,6104.8,2021-12-02,Theft,1,15110.02
CLM0002686,POL0000327,21382.14,2021-10-29,Accident,1,3590.24
CLM0002687,POL0001122,41162.84,2020-02-27,Medical,0,49018.2
CLM0002688,POL0001250,74252.25,2024-12-01,Accident,0,52808.83
CLM0002689,POL0001758,10520.01,2018-04-26,Fire,0,40013.87
CLM0002690,POL0000836,81386.95,2020-09-24,Accident,1,61328.78
CLM0002691,POL0002537,99696.63,2022-01-20,Accident,0,45228.18
CLM0002692,POL0002526,78931.64,2018-02-17,Accident,0,67901.22
CLM0002693,POL0000985,47636.78,2022-01-07,Medical,0,23263.05
CLM0002694,POL0001358,57031.94,2024-06-26,Natural Disaster,0,19675.73
CLM0002695,POL0000792,1112.97,2021-09-16,Fire,0,21113.28
CLM0002696,POL0001887,21322.75,2019-07-11,Fire,1,2732.32
CLM0002697,POL0002560,89949.32,2024-12-19,Medical,0,72079.74
CLM0002698,POL0000382,2662.08,2018-05-24,Accident,0,79935.17
CLM0002699,POL0001447,90527.1,2021-04-03,Natural Disaster,0,65376.85
CLM0002700,POL0001372,11768.63,2024-05-05,Theft,0,33183.91
CLM0002701,POL0001875,13740.88,2021-08-14,Medical,0,28508.5
CLM0002702,POL0002500,17947.32,2019-05-24,Natural Disaster,0,62042.2
CLM0002703,POL0002009,80038.84,2021-01-01,Medical,0,40942.63
CLM0002704,POL0001143,48079.56,2024-01-05,Medical,0,75174.79
CLM0002705,POL0000214,14947.06,2019-08-23,Theft,0,22582.5
CLM0002706,POL0000565,68836.78,2022-03-13,Natural Disaster,0,26108.29
CLM0002707,POL0000732,94098.49,2023-01-13,Accident,0,79906.35
CLM0002708,POL0000439,57458.92,2020-11-11,Natural Disaster,0,78260.53
CLM0002709,POL0002803,10320.65,2021-08-21,Natural Disaster,0,70849.78
CLM0002710,POL0001589,5947.69,2018-04-30,Accident,0,32548.91
CLM0002711,POL0000629,79689.3,2020-02-13,Theft,0,67057.73
CLM0002712,POL0000903,62795.32,2023-02-28,Natural Disaster,0,22886.44
CLM0002713,POL0001471,92304.41,2018-03-01,Accident,0,20603.95
CLM0002714,POL0000395,54951.39,2018-07-12,Medical,0,43851.08
CLM0002715,POL0000247,6708.34,2019-12-29,Medical,0,68862.95
CLM0002716,POL0002953,40666.84,2024-06-23,Accident,0,8068.61
CLM0002717,POL0002296,65970.07,2022-04-26,Medical,1,45354.88
CLM0002718,POL0001637,38796.09,2021-09-02,Natural Disaster,0,48896.15
CLM0002719,POL0002647,99959.34,2018-02-10,Accident,0,46509.88
CLM0002720,POL0002913,40835.17,2020-12-11,Natural Disaster,0,17714.23
CLM0002721,POL0001473,54850.49,2023-08-10,Fire,0,5411.09
CLM0002722,POL0002132,22926.51,2024-03-27,Theft,0,71630.85
CLM0002723,POL0002821,15637.75,2019-01-28,Theft,0,46088.64
CLM0002724,POL0001245,64707.9,2020-10-08,Theft,0,61501.98
CLM0002725,POL0002099,59066.97,2019-10-31,Accident,0,29345.63
CLM0002726,POL0002598,931.72,2018-03-17,Fire,0,3687.43
CLM0002727,POL0002819,28835.76,2018-05-26,Theft,0,20987.36
CLM0002728,POL0000981,64536.17,2022-12-27,Natural Disaster,0,6147.24
CLM0002729,POL0001211,81318.81,2024-09-01,Theft,0,6535.83
CLM0002730,POL0001549,31580.68,2021-12-03,Fire,0,17392.41
CLM0002731,POL0002513,64919.92,2020-11-16,Natural Disaster,0,50796.18
CLM0002732,POL0000419,26893.16,2022-07-16,Natural Disaster,0,65476.34
CLM0002733,POL0002135,69192.8,2019-08-31,Accident,0,65762.16
CLM0002734,POL0000259,69945.83,2020-07-06,Accident,0,75039.2
CLM0002735,POL0002359,13457.23,2018-12-06,Medical,0,52613.61
CLM0002736,POL0002221,66676.43,2020-01-28,Fire,0,1882.92
CLM0002737,POL0001520,33689.93,2019-02-21,Natural Disaster,0,30378.97
CLM0002738,POL0001269,17673.2,2021-10-11,Fire,0,9183.4
CLM0002739,POL0000940,50285.94,2022-01-24,Theft,0,62263.94
CLM0002740,POL0002553,45503.52,2023-08-11,Theft,0,9839.22
CLM0002741,POL0002377,77500.54,2018-09-05,Medical,0,8742.02
CLM0002742,POL0000196,8909.29,2022-02-15,Natural Disaster,0,2548.23
CLM0002743,POL0000062,79080.45,2024-06-05,Natural Disaster,0,76453.57
CLM0002744,POL0000562,11055.2,2021-05-02,Medical,0,62921.09
CLM0002745,POL0002945,21142.17,2020-12-24,Theft,0,26864.87
CLM0002746,POL0002892,51830.27,2022-02-16,Natural Disaster,0,30302.22
CLM0002747,POL0000040,46585.87,2024-01-10,Fire,0,5036.45
CLM0002748,POL0001768,98891.47,2024-07-31,Natural Disaster,0,12885.98
CLM0002749,POL0002776,59152.63,2021-06-27,Theft,0,25122.67
CLM0002750,POL0002038,33079.84,2023-08-28,Natural Disaster,0,31213.08
CLM0002751,POL0002505,90064.81,2022-05-17,Natural Disaster,0,49712.12
CLM0002752,POL0002926,31565.39,2022-06-19,Accident,0,28221.49
CLM0002753,POL0001876,27740.68,2024-09-27,Natural Disaster,0,76381.66
CLM0002754,POL0000788,49689.99,2021-10-13,Medical,0,27620.7
CLM0002755,POL0001877,91360.89,2023-10-19,Medical,0,75345.15
CLM0002756,POL0000002,70997.17,2020-09-22,Fire,0,58469.82
CLM0002757,POL0001493,67909.58,2019-06-06,Natural Disaster,0,72021.83
CLM0002758,POL0001130,72744.69,2018-08-17,Fire,0,56341.63
CLM0002759,POL0002264,66134.24,2019-07-04,Theft,0,45616.15
CLM0002760,POL0000777,76099.74,2023-07-26,Theft,0,40873.9
CLM0002761,POL0002727,19679.82,2019-08-13,Accident,0,23519.65
CLM0002762,POL0001783,18137.2,2019-11-07,Accident,0,24064.47
CLM0002763,POL0000414,36535.25,2021-06-29,Natural Disaster,0,18089.51
CLM0002764,POL0000210,85170.5,2024-09-19,Natural Disaster,0,31027.6
CLM0002765,POL0001964,71588.19,2019-08-17,Fire,0,10419.75
CLM0002766,POL0002091,56864.1,2019-02-22,Fire,0,31192.12
CLM0002767,POL0002186,2435.02,2019-08-29,Natural Disaster,0,66749.38
CLM0002768,POL0001645,23962.33,2020-04-17,Natural Disaster,0,69662.3
CLM0002769,POL0001584,80449.64,2020-11-06,Accident,0,51533.58
CLM0002770,POL0002686,24627.43,2020-07-16,Accident,1,20767.74
CLM0002771,POL0002517,73163.87,2018-09-14,Accident,1,19455.85
CLM0002772,POL0000726,18871.11,2020-02-26,Natural Disaster,0,22450.93
CLM0002773,POL0001413,60833.57,2021-01-04,Fire,0,40153.13
CLM0002774,POL0001222,63007.03,2018-08-20,Medical,0,78122.62
CLM0002775,POL0002250,75320.64,2018-07-24,Medical,0,9002.0
CLM0002776,POL0002240,44115.07,2019-09-29,Fire,0,40190.81
CLM0002777,POL0000107,63451.13,2019-12-12,Fire,0,54674.88
CLM0002778,POL0000327,48953.49,2018-01-03,Fire,1,19879.17
CLM0002779,POL0002798,94760.14,2023-10-22,Accident,0,77538.25
CLM0002780,POL0000644,52427.13,2022-05-06,Theft,0,28117.03
CLM0002781,POL0000357,21354.99,2019-10-20,Natural Disaster,0,74608.74
CLM0002782,POL0002643,66955.31,2019-04-23,Accident,0,47909.23
CLM0002783,POL0002549,55072.5,2018-11-18,Medical,0,625.13
CLM0002784,POL0001308,80481.03,2022-11-26,Natural Disaster,0,25095.64
CLM0002785,POL0002516,18102.7,2024-05-22,Fire,0,2017.43
CLM0002786,POL0000508,26463.49,2018-01-27,Medical,0,30703.62
CLM0002787,POL0002154,92202.1,2019-10-20,Fire,0,74622.96
CLM0002788,POL0001090,93037.6,2023-02-06,Fire,0,62387.66
CLM0002789,POL0000195,44504.55,2021-01-26,Fire,1,49724.53
CLM0002790,POL0001212,5251.24,2022-12-05,Natural Disaster,0,43222.6
CLM0002791,POL0000047,31002.23,2024-01-17,Medical,0,29994.78
CLM0002792,POL0001386,25088.7,2023-12-11,Medical,0,17159.71
CLM0002793,POL0002585,41760.35,2018-09-07,Fire,0,5283.24
CLM0002794,POL0001602,32121.16,2020-08-22,Accident,0,15454.69
CLM0002795,POL0001511,82984.74,2021-01-06,Theft,0,28316.15
CLM0002796,POL0000847,802.08,2020-01-22,Accident,0,41743.29
CLM0002797,POL0001603,64640.87,2023-03-03,Natural Disaster,0,16590.99
CLM0002798,POL0000709,66594.89,2020-11-11,Theft,0,77953.99
CLM0002799,POL0000808,66232.34,2019-07-07,Accident,0,6424.96
CLM0002800,POL0002660,52299.17,2021-02-26,Medical,0,7854.91
CLM0002801,POL0000115,61304.86,2019-06-22,Accident,0,54703.41
CLM0002802,POL0002728,81144.18,2024-04-09,Fire,0,60478.41
CLM0002803,POL0000631,78527.58,2020-04-30,Natural Disaster,0,77804.38
CLM0002804,POL0002267,3945.23,2020-07-29,Accident,0,42576.4
CLM0002805,POL0000197,3528.44,2022-03-03,Accident,0,13524.93
CLM0002806,POL0000401,83975.01,2022-03-08,Theft,0,75052.94
CLM0002807,POL0002797,57685.6,2024-05-30,Fire,0,78424.68
CLM0002808,POL0002729,95764.02,2024-03-28,Theft,0,73904.06
CLM0002809,POL0002040,43443.36,2024-12-14,Natural Disaster,0,69771.0
CLM0002810,POL0000076,18085.81,2018-01-13,Natural Disaster,0,6482.66
CLM0002811,POL0001450,47586.87,2023-05-08,Fire,0,68433.39
CLM0002812,POL0000287,43936.16,2021-12-20,Theft,0,76272.18
CLM0002813,POL0001569,51959.15,2020-03-24,Fire,0,44319.46
CLM0002814,POL0001323,80890.75,2020-10-03,Theft,0,61875.25
CLM0002815,POL0000861,65730.61,2019-12-30,Medical,0,52973.38
CLM0002816,POL0000742,18934.9,2019-07-18,Fire,0,23258.23
CLM0002817,POL0001731,73580.49,2024-02-10,Natural Disaster,0,47125.33
CLM0002818,POL0002342,59393.67,2020-03-06,Theft,0,71183.06
CLM0002819,POL0000809,58041.92,2019-07-19,Medical,0,39861.91
CLM0002820,POL0002934,67986.56,2022-11-01,Natural Disaster,0,47334.58
CLM0002821,POL0001960,56614.56,2022-12-28,Theft,0,42657.66
CLM0002822,POL0000414,46022.62,2020-05-01,Medical,0,22807.67
CLM0002823,POL0000431,64217.84,2024-10-07,Natural Disaster,0,51599.95
CLM0002824,POL0001814,72510.84,2018-11-23,Natural Disaster,0,40904.76
CLM0002825,POL0001254,22963.81,2021-02-03,Medical,0,18833.92
CLM0002826,POL0001919,49956.46,2022-02-23,Natural Disaster,0,71661.64
CLM0002827,POL0002219,46088.16,2022-09-23,Theft,0,76018.65
CLM0002828,POL0001341,4470.38,2021-10-01,Theft,0,4713.2
CLM0002829,POL0000544,83526.65,2020-01-02,Natural Disaster,0,49901.2
CLM0002830,POL0001515,38049.51,2019-02-16,Accident,0,33379.14
CLM0002831,POL0001412,7732.58,2018-05-30,Medical,0,42218.56
CLM0002832,POL0000072,46060.96,2020-04-07,Accident,1,30094.23
CLM0002833,POL0001023,16567.34,2022-06-22,Theft,0,38106.37
CLM0002834,POL0000532,70589.23,2020-03-06,Natural Disaster,0,26077.68
CLM0002835,POL0002287,57391.27,2018-08-09,Fire,0,9672.98
CLM0002836,POL0002759,27376.32,2021-12-29,Fire,0,24372.0
CLM0002837,POL0000577,95072.15,2023-09-03,Accident,0,53725.48
CLM0002838,POL0001113,29528.66,2018-04-28,Accident,0,4315.41
CLM0002839,POL0001946,55722.19,2018-05-19,Accident,0,30803.77
CLM0002840,POL0000713,80256.0,2018-12-21,Theft,0,3671.24
CLM0002841,POL0001559,51632.28,2024-08-06,Theft,0,28694.42
CLM0002842,POL0000642,96105.14,2023-05-05,Natural Disaster,0,7282.65
CLM0002843,POL0002638,84463.53,2020-11-01,Theft,1,27369.32
CLM0002844,POL0002238,92141.39,2023-07-10,Natural Disaster,0,67095.59
CLM0002845,POL0000812,37583.91,2023-09-12,Natural Disaster,0,49188.67
CLM0002846,POL0001015,55061.36,2022-09-23,Accident,0,54678.87
CLM0002847,POL0002673,84096.55,2018-12-12,Fire,1,40452.87
CLM0002848,POL0001363,90398.25,2023-01-03,Accident,0,73813.82
CLM0002849,POL0002022,94464.18,2022-01-19,Theft,0,43430.34
CLM0002850,POL0002677,87975.62,2024-09-13,Medical,0,8612.24
CLM0002851,POL0001541,73210.11,2020-04-29,Theft,0,74668.31
CLM0002852,POL0002937,2909.37,2020-06-15,Fire,0,10905.15
CLM0002853,POL0001862,31837.87,2024-07-15,Theft,0,79933.88
CLM0002854,POL0000784,13329.16,2018-07-15,Fire,0,35000.13
CLM0002855,POL0000671,15898.48,2020-07-29,Medical,0,6156.79
CLM0002856,POL0002770,29445.27,2023-04-06,Medical,0,69168.94
CLM0002857,POL0002574,7936.68,2022-09-28,Natural Disaster,0,7702.77
CLM0002858,POL0002585,24681.67,2023-07-12,Theft,1,14202.26
CLM0002859,POL0000847,95719.39,2020-12-27,Natural Disaster,0,33562.56
CLM0002860,POL0001242,31538.39,2023-09-11,Accident,0,54192.05
CLM0002861,POL0001278,16391.45,2019-03-31,Accident,0,9954.86
CLM0002862,POL0001385,71970.87,2024-04-10,Accident,0,49923.23
CLM0002863,POL0001765,82936.26,2019-06-27,Accident,0,62496.79
CLM0002864,POL0002962,31746.77,2022-05-24,Accident,0,10142.64
CLM0002865,POL0000178,28210.48,2020-05-04,Theft,0,51911.38
CLM0002866,POL0000276,24555.08,2024-07-19,Natural Disaster,0,76722.41
CLM0002867,POL0002360,39629.49,2023-10-23,Natural Disaster,0,77401.38
CLM0002868,POL0001666,9179.56,2021-09-19,Fire,1,13184.51
CLM0002869,POL0000791,67078.36,2021-07-20,Accident,0,60848.42
CLM0002870,POL0001677,82311.52,2020-05-12,Medical,0,67776.61
CLM0002871,POL0001425,66536.39,2020-01-07,Fire,0,71150.37
CLM0002872,POL0001241,42409.37,2021-09-15,Fire,0,26097.41
CLM0002873,POL0002746,29251.74,2023-06-20,Theft,0,21828.44
CLM0002874,POL0000027,41239.89,2020-06-16,Fire,0,4114.53
CLM0002875,POL0002961,42671.83,2020-11-09,Medical,0,32137.9
CLM0002876,POL0002470,66769.07,2023-05-26,Natural Disaster,0,10179.33
CLM0002877,POL0002549,92842.01,2024-11-26,Fire,0,62964.71
CLM0002878,POL0002956,7523.36,2018-10-25,Theft,0,11694.44
CLM0002879,POL0002373,95358.68,2022-09-03,Accident,0,65566.76
CLM0002880,POL0001348,91065.03,2021-03-20,Medical,1,8876.8
CLM0002881,POL0001591,12214.36,2024-09-29,Accident,0,38605.05
CLM0002882,POL0001727,18766.71,2019-07-05,Fire,0,30955.35
CLM0002883,POL0000285,31503.76,2024-04-09,Natural Disaster,0,48243.04
CLM0002884,POL0001113,56186.77,2021-09-09,Theft,0,41646.12
CLM0002885,POL0001069,13880.38,2020-12-23,Medical,0,48010.53
CLM0002886,POL0002546,20433.33,2020-08-20,Natural Disaster,0,376.81
CLM0002887,POL0000912,90316.19,2024-07-26,Medical,0,10462.04
CLM0002888,POL0001815,11375.41,2020-09-21,Theft,0,41514.48
CLM0002889,POL0002193,40188.39,2023-03-01,Theft,0,18604.39
CLM0002890,POL0002996,76418.68,2020-08-01,Fire,1,6382.48
CLM0002891,POL0000082,88914.02,2020-05-02,Medical,0,17650.78
CLM0002892,POL0000980,33936.23,2021-05-23,Fire,0,62454.81
CLM0002893,POL0001191,16861.53,2021-12-19,Medical,0,43473.02
CLM0002894,POL0001773,73832.66,2018-05-26,Medical,0,15449.13
CLM0002895,POL0001826,77369.5,2022-06-12,Accident,0,1573.48
CLM0002896,POL0002536,98013.33,2019-02-17,Fire,0,28800.37
CLM0002897,POL0001774,14384.41,2024-02-23,Medical,0,28790.33
CLM0002898,POL0001334,71087.38,2022-09-08,Medical,0,58889.48
CLM0002899,POL0002008,42020.61,2022-03-24,Theft,0,73579.06
CLM0002900,POL0000082,91505.63,2020-10-01,Accident,1,29949.52
CLM0002901,POL0000094,41079.17,2024-07-20,Theft,0,55144.17
CLM0002902,POL0001345,44873.06,2019-04-08,Fire,0,50901.97
CLM0002903,POL0000343,13116.26,2019-04-24,Fire,0,33939.8
CLM0002904,POL0002845,32433.21,2018-04-17,Medical,0,5551.44
CLM0002905,POL0002409,40383.63,2023-04-17,Natural Disaster,1,38035.12
CLM0002906,POL0001855,2242.12,2020-12-28,Theft,0,28524.84
CLM0002907,POL0001090,44038.66,2019-02-25,Fire,0,44150.49
CLM0002908,POL0000624,33963.7,2024-04-01,Medical,0,10294.15
CLM0002909,POL0000868,80482.05,2024-05-11,Medical,0,58021.91
CLM0002910,POL0002477,11157.71,2020-06-09,Theft,0,63083.71
CLM0002911,POL0000171,76141.01,2024-07-31,Medical,1,31260.39
CLM0002912,POL0001783,71544.15,2018-09-18,Accident,0,14269.49
CLM0002913,POL0000578,24557.34,2024-02-11,Natural Disaster,0,49999.17
CLM0002914,POL0000068,8785.53,2018-09-12,Theft,0,76478.21
CLM0002915,POL0001516,84262.43,2021-03-17,Theft,0,56130.1
CLM0002916,POL0001058,25318.29,2018-12-04,Theft,1,10141.53
CLM0002917,POL0000001,14983.23,2024-04-14,Medical,0,31958.44
CLM0002918,POL0002199,36224.14,2019-05-09,Medical,0,73254.9
CLM0002919,POL0000902,40387.84,2019-11-27,Theft,0,50863.48
CLM0002920,POL0001808,32945.75,2024-06-12,Theft,0,12028.03
CLM0002921,POL0002306,97659.87,2022-04-09,Accident,0,58050.0
CLM0002922,POL0000750,88141.66,2024-04-25,Fire,0,28475.45
CLM0002923,POL0002676,87361.06,2020-05-10,Accident,0,39315.89
CLM0002924,POL0000795,40177.38,2023-11-16,Theft,0,33379.21
CLM0002925,POL0002067,96305.53,2022-12-27,Medical,0,58138.02
CLM0002926,POL0001820,68559.52,2018-01-08,Medical,0,17667.12
CLM0002927,POL0002083,83283.47,2020-09-01,Theft,1,31253.07
CLM0002928,POL0000371,50337.07,2019-01-23,Fire,0,59640.29
CLM0002929,POL0002539,16481.42,2022-09-21,Natural Disaster,0,56471.19
CLM0002930,POL0002865,88745.11,2020-02-08,Natural Disaster,0,16379.02
CLM0002931,POL0002055,48899.46,2019-06-07,Accident,0,28247.92
CLM0002932,POL0002597,96871.21,2018-10-16,Fire,0,1444.81
CLM0002933,POL0000371,25858.67,2020-10-09,Natural Disaster,1,42554.75
CLM0002934,POL0001689,99241.71,2018-05-22,Fire,0,22691.03
CLM0002935,POL0000757,22631.26,2024-03-24,Medical,0,1245.71
CLM0002936,POL0001139,37132.59,2022-04-18,Medical,0,34148.99
CLM0002937,POL0001361,59604.64,2024-11-26,Fire,0,74171.52
CLM0002938,POL0002622,69485.64,2023-07-22,Theft,0,73895.07
CLM0002939,POL0002729,72168.08,2024-04-23,Natural Disaster,0,29956.6
CLM0002940,POL0001166,47887.11,2020-08-02,Natural Disaster,0,36099.48
CLM0002941,POL0001509,8144.28,2022-12-05,Medical,0,19641.71
CLM0002942,POL0001462,49856.79,2024-08-29,Accident,0,5744.13
CLM0002943,POL0002136,33801.45,2023-11-18,Natural Disaster,0,55605.96
CLM0002944,POL0000463,65936.73,2023-05-16,Medical,0,64064.2
CLM0002945,POL0000481,18636.42,2019-08-10,Medical,0,70444.34
CLM0002946,POL0000823,39694.28,2022-11-19,Fire,0,74842.4
CLM0002947,POL0000524,96628.86,2022-11-19,Fire,0,73302.28
CLM0002948,POL0002259,9342.31,2018-07-31,Fire,0,2482.46
CLM0002949,POL0000244,60432.25,2022-05-16,Accident,1,78254.16
CLM0002950,POL0000239,9519.5,2022-01-21,Natural Disaster,0,30546.31
CLM0002951,POL0001221,16121.07,2023-08-14,Accident,1,70922.78
CLM0002952,POL0000769,60690.97,2021-05-18,Accident,0,35428.59
CLM0002953,POL0000235,44677.55,2019-10-20,Fire,0,33948.58
CLM0002954,POL0002235,55075.65,2020-02-12,Medical,0,1191.89
CLM0002955,POL0002761,88047.28,2021-02-24,Theft,0,4479.58
CLM0002956,POL0000497,81815.4,2018-03-23,Medical,0,53800.94
CLM0002957,POL0001520,88854.15,2018-03-03,Medical,0,75029.96
CLM0002958,POL0001904,61817.36,2019-06-02,Medical,0,18184.7
CLM0002959,POL0002235,49219.5,2023-08-01,Medical,0,7785.35
CLM0002960,POL0001635,46190.16,2022-12-18,Accident,0,17344.41
CLM0002961,POL0000936,74110.95,2024-02-12,Fire,0,17221.89
CLM0002962,POL0001269,52369.34,2020-07-03,Fire,0,23662.91
CLM0002963,POL0002361,11024.0,2022-01-22,Medical,0,7851.05
CLM0002964,POL0000819,14622.93,2022-03-04,Theft,0,19071.48
CLM0002965,POL0000022,36029.74,2020-06-03,Natural Disaster,0,73725.6
CLM0002966,POL0002116,7248.43,2020-10-22,Medical,0,71250.47
CLM0002967,POL0002440,24303.51,2020-12-14,Medical,0,25509.46
CLM0002968,POL0001089,65811.88,2023-10-06,Theft,0,79752.41
CLM0002969,POL0001828,1736.82,2020-04-18,Accident,0,24078.74
CLM0002970,POL0001991,60607.24,2019-06-06,Medical,0,57829.84
CLM0002971,POL0000729,77349.51,2019-08-10,Theft,0,51627.5
CLM0002972,POL0002589,17430.3,2021-01-25,Accident,0,5444.97
CLM0002973,POL0002616,18506.37,2019-02-05,Accident,0,27581.06
CLM0002974,POL0001874,3371.21,2023-02-08,Medical,0,76134.52
CLM0002975,POL0002948,51488.78,2022-12-05,Accident,1,4354.09
CLM0002976,POL0000212,65631.46,2024-09-24,Medical,1,14238.28
CLM0002977,POL0001774,45962.5,2021-12-23,Medical,0,77684.38
CLM0002978,POL0000200,39250.16,2023-08-12,Fire,0,3471.48
CLM0002979,POL0000987,45714.08,2024-07-02,Natural Disaster,0,35894.61
CLM0002980,POL0000178,78262.06,2023-08-02,Natural Disaster,0,73492.58
CLM0002981,POL0001447,3834.67,2021-08-02,Fire,0,75511.2
CLM0002982,POL0000931,78489.95,2020-11-03,Medical,0,78351.88
CLM0002983,POL0002037,66801.04,2019-01-03,Theft,0,38661.3
CLM0002984,POL0001486,24521.94,2024-04-09,Accident,0,7192.46
CLM0002985,POL0002092,52711.6,2023-01-29,Fire,0,61884.45
CLM0002986,POL0001455,5404.42,2023-05-10,Fire,0,56805.98
CLM0002987,POL0000168,38269.07,2024-06-20,Fire,0,46495.19
CLM0002988,POL0002335,17817.23,2023-02-02,Fire,0,71092.4
CLM0002989,POL0002757,2718.89,2018-06-11,Natural Disaster,0,72952.14
CLM0002990,POL0002385,36030.41,2018-05-10,Medical,0,54754.57
CLM0002991,POL0000586,72748.19,2018-01-09,Fire,1,9234.37
CLM0002992,POL0001916,92141.68,2019-03-31,Fire,0,7913.36
CLM0002993,POL0002231,66395.22,2021-11-18,Fire,0,32867.79
CLM0002994,POL0000016,40496.03,2024-10-22,Theft,0,23628.24
CLM0002995,POL0001604,99949.86,2024-06-10,Theft,0,10898.76
CLM0002996,POL0002935,28652.88,2022-06-20,Accident,0,49011.91
CLM0002997,POL0000837,19119.58,2024-12-24,Medical,0,54777.33
CLM0002998,POL0002158,46636.39,2022-12-28,Fire,1,55928.07
CLM0002999,POL0001577,50738.69,2023-03-27,Accident,0,14269.6
CLM0003000,POL0000306,35804.93,2023-05-02,Accident,0,24675.75
