claim_id,anomaly_score,network_flag,fraud_reason
CLM0001131,0.31,1,Inflated Amount
CLM0001615,0.371,1,Duplicate Claim
CLM0000331,0.063,0,Duplicate Claim
CLM0001567,0.776,0,Fake Identity
CLM0002110,0.603,1,Fake Identity
CLM0002844,0.582,0,Inflated Amount
CLM0001318,0.658,1,Fake Identity
CLM0002864,0.664,0,Suspicious Pattern
CLM0000586,0.352,0,Duplicate Claim
CLM0001386,0.274,1,Duplicate Claim
CLM0002191,0.298,1,Inflated Amount
CLM0002305,0.811,0,Suspicious Pattern
CLM0000972,0.169,0,Inflated Amount
CLM0002741,0.487,0,Inflated Amount
CLM0001780,0.626,1,Duplicate Claim
CLM0002910,0.516,1,Inflated Amount
CLM0002164,0.553,0,Suspicious Pattern
CLM0001605,0.839,1,Inflated Amount
CLM0001881,0.329,1,Fake Identity
CLM0000316,0.346,0,Fake Identity
CLM0001560,0.166,1,Inflated Amount
CLM0000983,0.75,1,Duplicate Claim
CLM0000159,0.207,1,Duplicate Claim
CLM0000813,0.52,0,Duplicate Claim
CLM0000411,0.854,1,Inflated Amount
CLM0000531,0.098,0,Suspicious Pattern
CLM0000012,0.169,1,Inflated Amount
CLM0001367,0.183,1,Suspicious Pattern
CLM0000818,0.134,1,Inflated Amount
CLM0000594,0.945,0,Fake Identity
CLM0001932,0.74,0,Inflated Amount
CLM0002873,0.455,1,Suspicious Pattern
CLM0002067,0.298,1,Fake Identity
CLM0000017,0.115,0,Inflated Amount
CLM0001979,0.024,1,Inflated Amount
CLM0002121,0.65,0,Duplicate Claim
CLM0000566,0.505,0,Fake Identity
CLM0001214,0.592,1,Fake Identity
CLM0001670,0.167,1,Inflated Amount
CLM0001940,0.589,1,Suspicious Pattern
CLM0002706,0.204,0,Suspicious Pattern
CLM0001660,0.041,1,Fake Identity
CLM0001622,0.872,1,Fake Identity
CLM0001719,0.827,0,Inflated Amount
CLM0002514,0.589,0,Suspicious Pattern
CLM0001300,0.915,1,Inflated Amount
CLM0001217,0.772,1,Inflated Amount
CLM0002206,0.275,0,Suspicious Pattern
CLM0001174,0.915,0,Duplicate Claim
CLM0002825,0.388,1,Suspicious Pattern
CLM0001333,0.983,1,Duplicate Claim
CLM0002036,0.698,0,Duplicate Claim
CLM0002653,0.208,0,Fake Identity
CLM0001874,0.396,0,Inflated Amount
CLM0001256,0.665,0,Inflated Amount
CLM0001756,0.788,1,Duplicate Claim
CLM0002889,0.576,1,Duplicate Claim
CLM0000262,0.74,1,Suspicious Pattern
CLM0002944,0.482,1,Inflated Amount
CLM0001750,0.285,1,Suspicious Pattern
CLM0002342,0.705,0,Inflated Amount
CLM0002370,0.825,0,Suspicious Pattern
CLM0000485,0.318,1,Suspicious Pattern
CLM0002183,0.428,1,Suspicious Pattern
CLM0002080,0.338,1,Inflated Amount
CLM0002991,0.146,0,Suspicious Pattern
CLM0000584,0.767,0,Duplicate Claim
CLM0000415,0.51,1,Inflated Amount
CLM0000757,0.162,1,Duplicate Claim
CLM0002725,0.346,1,Fake Identity
CLM0000404,0.741,0,Inflated Amount
CLM0002503,0.378,1,Suspicious Pattern
CLM0001954,0.072,0,Duplicate Claim
CLM0001558,0.105,0,Suspicious Pattern
CLM0000076,0.998,0,Suspicious Pattern
CLM0002102,0.428,0,Inflated Amount
CLM0001706,0.636,0,Duplicate Claim
CLM0001710,0.619,0,Suspicious Pattern
CLM0000249,0.166,0,Duplicate Claim
CLM0002650,0.399,0,Inflated Amount
CLM0001276,0.714,0,Duplicate Claim
CLM0001481,0.425,0,Fake Identity
CLM0000411,0.589,0,Duplicate Claim
CLM0001191,0.371,1,Fake Identity
CLM0001628,0.265,0,Duplicate Claim
CLM0000628,0.019,0,Duplicate Claim
CLM0000736,0.424,0,Suspicious Pattern
CLM0002786,0.397,1,Duplicate Claim
CLM0000568,0.461,1,Inflated Amount
CLM0001248,0.007,0,Inflated Amount
CLM0000970,0.517,0,Fake Identity
CLM0001827,0.118,1,Fake Identity
CLM0002962,0.496,0,Duplicate Claim
CLM0002469,0.342,1,Inflated Amount
CLM0001304,0.044,0,Inflated Amount
CLM0000542,0.166,1,Fake Identity
CLM0000155,0.258,0,Fake Identity
CLM0002718,0.233,1,Inflated Amount
CLM0002843,0.604,1,Suspicious Pattern
CLM0001133,0.044,0,Inflated Amount
CLM0002499,0.444,0,Suspicious Pattern
CLM0000134,0.816,1,Suspicious Pattern
CLM0001543,0.285,0,Duplicate Claim
CLM0000341,0.605,0,Suspicious Pattern
CLM0000457,0.922,1,Duplicate Claim
CLM0002800,0.789,1,Fake Identity
CLM0002083,0.831,1,Suspicious Pattern
CLM0000213,0.438,0,Inflated Amount
CLM0002833,0.084,0,Duplicate Claim
CLM0002886,0.487,1,Fake Identity
CLM0001167,0.073,0,Fake Identity
CLM0001548,0.497,0,Inflated Amount
CLM0002721,0.497,1,Duplicate Claim
CLM0002954,0.817,1,Duplicate Claim
CLM0001706,0.546,1,Fake Identity
CLM0002721,0.101,0,Suspicious Pattern
CLM0001912,0.457,1,Inflated Amount
CLM0000013,0.732,0,Suspicious Pattern
CLM0002769,0.104,0,Inflated Amount
CLM0002824,0.49,1,Suspicious Pattern
CLM0000477,0.505,0,Fake Identity
CLM0001926,0.931,1,Inflated Amount
CLM0000719,0.777,0,Fake Identity
CLM0000607,0.244,0,Suspicious Pattern
CLM0001453,0.808,1,Suspicious Pattern
CLM0000980,0.429,0,Inflated Amount
CLM0002714,0.499,1,Duplicate Claim
CLM0000660,0.37,1,Suspicious Pattern
CLM0000440,0.091,1,Inflated Amount
CLM0002108,0.99,1,Suspicious Pattern
CLM0002856,0.087,0,Suspicious Pattern
CLM0001456,0.083,1,Inflated Amount
CLM0001552,0.12,0,Duplicate Claim
CLM0000866,0.277,1,Duplicate Claim
CLM0000195,0.545,0,Fake Identity
CLM0001855,0.774,1,Inflated Amount
CLM0002342,0.764,1,Inflated Amount
CLM0002929,0.502,0,Fake Identity
CLM0002259,0.846,0,Suspicious Pattern
CLM0002506,0.021,0,Duplicate Claim
CLM0002186,0.04,1,Suspicious Pattern
CLM0002277,0.646,1,Inflated Amount
CLM0001913,0.465,1,Suspicious Pattern
CLM0002275,0.505,0,Suspicious Pattern
CLM0001713,0.218,1,Suspicious Pattern
CLM0000947,0.837,0,Fake Identity
CLM0002783,0.503,1,Fake Identity
CLM0002404,0.211,0,Inflated Amount
CLM0000211,0.138,0,Fake Identity
CLM0001910,0.995,1,Fake Identity
CLM0001799,0.727,0,Fake Identity
CLM0000393,0.533,1,Suspicious Pattern
CLM0002199,0.566,0,Suspicious Pattern
CLM0001911,0.11,1,Fake Identity
CLM0001578,0.722,0,Inflated Amount
CLM0001379,0.919,1,Duplicate Claim
CLM0001442,0.897,0,Suspicious Pattern
CLM0000557,0.788,0,Fake Identity
CLM0000267,0.653,1,Duplicate Claim
CLM0002868,0.267,1,Suspicious Pattern
CLM0002643,0.345,1,Fake Identity
CLM0000828,0.832,0,Duplicate Claim
CLM0002864,0.717,1,Inflated Amount
CLM0001820,0.99,1,Suspicious Pattern
CLM0001008,0.085,0,Suspicious Pattern
CLM0001721,0.348,0,Inflated Amount
CLM0000422,0.88,1,Suspicious Pattern
CLM0000398,0.026,1,Suspicious Pattern
CLM0001223,0.336,0,Suspicious Pattern
CLM0001782,0.974,0,Inflated Amount
CLM0002720,0.547,1,Inflated Amount
CLM0000696,0.308,0,Duplicate Claim
CLM0001793,0.93,0,Fake Identity
CLM0002109,0.347,1,Inflated Amount
CLM0000470,0.133,1,Suspicious Pattern
CLM0001164,0.579,1,Fake Identity
CLM0002845,0.714,0,Duplicate Claim
CLM0000801,0.079,0,Inflated Amount
CLM0002849,0.622,1,Suspicious Pattern
CLM0002326,0.372,0,Suspicious Pattern
CLM0002035,0.125,1,Suspicious Pattern
CLM0001631,0.636,1,Suspicious Pattern
CLM0001785,0.269,0,Suspicious Pattern
CLM0001748,0.17,0,Inflated Amount
CLM0000929,0.094,1,Suspicious Pattern
CLM0001954,0.401,0,Inflated Amount
CLM0001253,0.621,1,Duplicate Claim
CLM0002487,0.975,1,Fake Identity
CLM0000229,0.338,0,Inflated Amount
CLM0002239,0.612,0,Inflated Amount
CLM0001030,0.118,0,Fake Identity
CLM0002860,0.936,0,Fake Identity
CLM0002433,0.741,0,Suspicious Pattern
CLM0000037,0.712,1,Inflated Amount
CLM0000982,0.548,1,Inflated Amount
CLM0002450,0.563,1,Duplicate Claim
CLM0000102,0.447,1,Inflated Amount
CLM0000093,0.046,0,Duplicate Claim
CLM0002753,0.07,1,Duplicate Claim
CLM0002886,0.192,1,Fake Identity
CLM0000752,0.188,0,Suspicious Pattern
CLM0002559,0.057,1,Suspicious Pattern
CLM0000667,0.497,0,Suspicious Pattern
CLM0000874,0.509,1,Suspicious Pattern
CLM0001870,0.599,1,Suspicious Pattern
CLM0002443,0.787,0,Duplicate Claim
CLM0000005,0.936,1,Duplicate Claim
CLM0002387,0.948,1,Inflated Amount
CLM0001499,0.9,0,Inflated Amount
CLM0000110,0.742,1,Duplicate Claim
CLM0002425,0.67,1,Duplicate Claim
CLM0002625,0.118,1,Duplicate Claim
CLM0002089,0.656,1,Suspicious Pattern
CLM0000353,0.157,1,Duplicate Claim
CLM0001949,0.746,1,Suspicious Pattern
CLM0001985,0.162,1,Duplicate Claim
CLM0000374,0.682,1,Duplicate Claim
CLM0002749,0.072,1,Duplicate Claim
CLM0001065,0.313,1,Suspicious Pattern
CLM0001088,0.374,0,Duplicate Claim
CLM0000491,0.314,0,Suspicious Pattern
CLM0000479,0.311,0,Fake Identity
CLM0000875,0.532,1,Inflated Amount
CLM0001525,0.824,0,Fake Identity
CLM0002157,0.873,1,Inflated Amount
CLM0001538,0.073,0,Fake Identity
CLM0001011,0.192,0,Inflated Amount
CLM0002279,0.309,0,Suspicious Pattern
CLM0000560,0.684,1,Duplicate Claim
CLM0002260,0.402,1,Duplicate Claim
CLM0001399,0.477,0,Inflated Amount
CLM0002134,0.784,1,Fake Identity
CLM0001307,0.642,0,Suspicious Pattern
CLM0001231,0.587,1,Duplicate Claim
CLM0001295,0.58,0,Inflated Amount
CLM0001375,0.199,1,Suspicious Pattern
CLM0001931,0.111,1,Duplicate Claim
CLM0001422,0.327,0,Duplicate Claim
CLM0002820,0.768,0,Suspicious Pattern
CLM0002912,0.853,1,Duplicate Claim
CLM0000306,0.797,1,Inflated Amount
CLM0000334,0.158,1,Suspicious Pattern
CLM0002804,0.919,0,Suspicious Pattern
CLM0001979,0.388,0,Duplicate Claim
CLM0002341,0.838,0,Inflated Amount
CLM0001969,0.626,1,Duplicate Claim
CLM0001815,0.793,0,Duplicate Claim
CLM0000342,0.03,1,Fake Identity
CLM0001970,0.435,0,Fake Identity
CLM0001780,0.606,0,Inflated Amount
CLM0001008,0.37,0,Fake Identity
CLM0001525,0.789,0,Suspicious Pattern
CLM0002934,0.724,1,Suspicious Pattern
CLM0000620,0.39,1,Inflated Amount
CLM0002302,0.439,1,Suspicious Pattern
CLM0001151,0.491,1,Duplicate Claim
CLM0002276,0.545,0,Duplicate Claim
CLM0000782,0.298,1,Fake Identity
CLM0001594,0.229,0,Suspicious Pattern
CLM0001233,0.113,1,Suspicious Pattern
CLM0001277,0.14,0,Fake Identity
CLM0001679,0.468,1,Inflated Amount
CLM0002363,0.664,0,Inflated Amount
CLM0000603,0.666,0,Fake Identity
CLM0000256,0.456,0,Fake Identity
CLM0001145,0.619,0,Fake Identity
CLM0000239,0.959,1,Suspicious Pattern
CLM0000721,0.982,1,Inflated Amount
CLM0000642,0.845,1,Duplicate Claim
CLM0002649,0.914,0,Fake Identity
CLM0002376,0.136,1,Duplicate Claim
CLM0001290,0.279,1,Duplicate Claim
CLM0001722,0.954,0,Fake Identity
CLM0002418,0.13,0,Duplicate Claim
CLM0001512,0.875,0,Duplicate Claim
CLM0001955,0.439,1,Inflated Amount
CLM0002298,0.975,1,Fake Identity
CLM0001076,0.717,0,Inflated Amount
CLM0002625,0.337,0,Duplicate Claim
CLM0002646,0.118,0,Duplicate Claim
CLM0000196,0.239,1,Suspicious Pattern
CLM0001212,0.704,1,Suspicious Pattern
CLM0001126,0.321,0,Duplicate Claim
CLM0000075,0.949,1,Fake Identity
CLM0000543,0.535,1,Duplicate Claim
CLM0001367,0.525,0,Inflated Amount
CLM0002092,0.807,0,Fake Identity
CLM0002020,0.797,1,Inflated Amount
CLM0001524,0.687,1,Suspicious Pattern
CLM0001560,0.952,1,Fake Identity
CLM0001061,0.58,1,Fake Identity
CLM0002444,0.9,0,Inflated Amount
CLM0002238,0.47,0,Fake Identity
CLM0001589,0.762,0,Inflated Amount
CLM0001513,0.234,0,Inflated Amount
CLM0001034,0.85,0,Duplicate Claim
CLM0001462,0.353,1,Duplicate Claim
CLM0001636,0.726,0,Duplicate Claim
CLM0002974,0.322,0,Suspicious Pattern
CLM0000143,0.953,1,Inflated Amount
CLM0000583,0.191,0,Fake Identity
CLM0001568,0.527,1,Suspicious Pattern
CLM0000455,0.395,1,Suspicious Pattern
CLM0000812,0.535,1,Duplicate Claim
CLM0002654,0.231,0,Fake Identity
CLM0001260,0.504,1,Fake Identity
CLM0002736,0.132,1,Suspicious Pattern
CLM0001509,0.231,0,Inflated Amount
CLM0002374,0.672,0,Suspicious Pattern
CLM0000539,0.469,0,Fake Identity
CLM0000306,0.497,1,Inflated Amount
CLM0002985,0.932,1,Inflated Amount
CLM0001962,0.215,0,Inflated Amount
CLM0001604,0.552,0,Inflated Amount
CLM0000720,0.532,0,Inflated Amount
CLM0001743,0.445,1,Inflated Amount
CLM0002997,0.83,1,Fake Identity
CLM0002585,0.567,0,Duplicate Claim
CLM0000822,0.82,0,Suspicious Pattern
CLM0001568,0.86,0,Duplicate Claim
CLM0001529,0.071,1,Duplicate Claim
CLM0000628,0.938,0,Suspicious Pattern
CLM0002623,0.763,0,Fake Identity
CLM0002413,0.484,1,Fake Identity
CLM0000325,0.82,0,Inflated Amount
CLM0000933,0.23,1,Duplicate Claim
CLM0002397,0.819,1,Fake Identity
CLM0001813,0.556,0,Suspicious Pattern
CLM0001735,0.444,1,Inflated Amount
CLM0002118,0.571,1,Duplicate Claim
CLM0001363,0.717,1,Inflated Amount
CLM0000764,0.277,1,Duplicate Claim
CLM0001320,0.097,0,Suspicious Pattern
CLM0001550,0.907,0,Duplicate Claim
CLM0000518,0.951,1,Suspicious Pattern
CLM0002235,0.625,0,Duplicate Claim
CLM0002569,0.511,0,Fake Identity
CLM0002016,0.054,1,Inflated Amount
CLM0001736,0.416,1,Suspicious Pattern
CLM0001532,0.34,0,Inflated Amount
CLM0000105,0.383,1,Suspicious Pattern
CLM0000200,0.719,1,Fake Identity
CLM0000364,0.361,1,Duplicate Claim
CLM0002494,0.791,0,Duplicate Claim
CLM0000290,0.991,1,Duplicate Claim
CLM0002441,0.546,0,Inflated Amount
CLM0001994,0.278,1,Inflated Amount
CLM0000426,0.958,1,Inflated Amount
CLM0000499,0.732,0,Suspicious Pattern
CLM0002760,0.225,0,Duplicate Claim
CLM0002787,0.994,0,Duplicate Claim
CLM0001790,0.01,1,Duplicate Claim
CLM0001226,0.576,1,Inflated Amount
CLM0001950,0.684,1,Suspicious Pattern
CLM0000635,0.182,1,Suspicious Pattern
CLM0002502,0.051,0,Duplicate Claim
CLM0001309,0.007,1,Duplicate Claim
CLM0000294,0.926,1,Fake Identity
CLM0000005,0.583,0,Inflated Amount
CLM0000263,0.171,0,Suspicious Pattern
CLM0001051,0.616,1,Inflated Amount
CLM0002127,0.003,0,Inflated Amount
CLM0000349,0.374,1,Inflated Amount
CLM0000268,0.768,0,Fake Identity
CLM0000443,0.1,0,Suspicious Pattern
CLM0000826,0.604,1,Fake Identity
CLM0000294,0.316,1,Suspicious Pattern
CLM0002849,0.099,1,Fake Identity
CLM0000931,0.825,1,Fake Identity
CLM0000889,0.548,0,Suspicious Pattern
CLM0001840,0.791,1,Duplicate Claim
CLM0001889,0.968,0,Duplicate Claim
CLM0001935,0.184,1,Fake Identity
CLM0001764,0.137,1,Duplicate Claim
CLM0002413,0.981,0,Inflated Amount
CLM0001207,0.233,0,Duplicate Claim
CLM0000863,0.427,0,Duplicate Claim
CLM0001260,0.836,0,Suspicious Pattern
CLM0000042,0.23,0,Suspicious Pattern
CLM0002818,0.711,0,Duplicate Claim
CLM0000041,0.787,0,Duplicate Claim
CLM0002988,0.496,1,Suspicious Pattern
CLM0001330,0.487,0,Fake Identity
CLM0001626,0.229,1,Suspicious Pattern
CLM0000839,0.626,0,Duplicate Claim
CLM0000556,0.201,0,Duplicate Claim
CLM0001114,0.263,0,Inflated Amount
CLM0001723,0.596,0,Suspicious Pattern
CLM0001064,0.278,0,Fake Identity
CLM0001531,0.464,1,Inflated Amount
CLM0001167,0.95,1,Duplicate Claim
CLM0000606,0.595,0,Duplicate Claim
CLM0002108,0.751,0,Inflated Amount
CLM0001141,0.703,0,Inflated Amount
CLM0001959,0.953,1,Suspicious Pattern
CLM0001754,0.107,0,Duplicate Claim
CLM0000397,0.184,1,Inflated Amount
CLM0000096,0.686,0,Suspicious Pattern
CLM0001389,0.846,0,Duplicate Claim
CLM0002663,0.747,0,Duplicate Claim
CLM0000490,0.148,1,Suspicious Pattern
CLM0000270,0.68,0,Suspicious Pattern
CLM0000591,0.628,0,Fake Identity
CLM0000761,0.537,1,Inflated Amount
CLM0000362,0.564,0,Fake Identity
CLM0000840,0.607,0,Duplicate Claim
CLM0002122,0.181,1,Fake Identity
CLM0000912,0.332,1,Suspicious Pattern
CLM0001993,0.612,1,Suspicious Pattern
CLM0001118,0.079,0,Fake Identity
CLM0002817,0.71,0,Duplicate Claim
CLM0000971,0.746,0,Duplicate Claim
CLM0000418,0.144,0,Fake Identity
CLM0002950,0.284,0,Fake Identity
CLM0001483,0.231,1,Inflated Amount
CLM0002954,0.21,1,Fake Identity
CLM0001661,0.367,1,Inflated Amount
CLM0000465,0.755,0,Suspicious Pattern
CLM0002227,0.407,0,Suspicious Pattern
CLM0000710,0.535,0,Fake Identity
CLM0002770,0.123,1,Suspicious Pattern
CLM0001656,0.614,0,Inflated Amount
CLM0002563,0.999,1,Fake Identity
CLM0001233,0.729,1,Duplicate Claim
CLM0002159,0.485,1,Suspicious Pattern
CLM0001728,0.471,0,Duplicate Claim
CLM0001066,0.923,0,Fake Identity
CLM0002486,0.408,0,Suspicious Pattern
CLM0002191,0.726,0,Fake Identity
CLM0001040,0.61,0,Fake Identity
CLM0000948,0.627,0,Duplicate Claim
CLM0001855,0.084,1,Fake Identity
CLM0002152,0.666,0,Duplicate Claim
CLM0001454,0.642,0,Suspicious Pattern
CLM0001940,0.742,0,Fake Identity
CLM0001142,0.677,1,Fake Identity
CLM0000322,0.88,1,Suspicious Pattern
CLM0002563,0.997,1,Suspicious Pattern
CLM0001266,0.191,0,Fake Identity
CLM0001964,0.888,1,Suspicious Pattern
CLM0000969,0.292,0,Suspicious Pattern
CLM0001876,0.262,1,Suspicious Pattern
CLM0002764,0.225,0,Duplicate Claim
CLM0000195,0.546,0,Inflated Amount
CLM0002715,0.527,1,Fake Identity
CLM0001554,0.851,1,Duplicate Claim
CLM0001902,0.439,1,Fake Identity
CLM0002466,0.784,1,Duplicate Claim
CLM0001460,0.974,1,Duplicate Claim
CLM0002891,0.194,1,Inflated Amount
CLM0000460,0.084,0,Suspicious Pattern
CLM0001095,0.35,0,Fake Identity
CLM0000510,0.958,0,Fake Identity
CLM0002128,0.783,1,Suspicious Pattern
CLM0002003,0.454,1,Duplicate Claim
CLM0002588,0.093,0,Suspicious Pattern
CLM0002217,0.296,0,Fake Identity
CLM0002183,0.887,1,Inflated Amount
CLM0000946,0.154,1,Fake Identity
CLM0001513,0.654,1,Duplicate Claim
CLM0001087,0.613,0,Duplicate Claim
CLM0002365,0.311,1,Suspicious Pattern
CLM0001058,0.59,1,Duplicate Claim
CLM0002295,0.737,0,Fake Identity
CLM0000957,0.059,0,Duplicate Claim
CLM0001407,0.797,0,Suspicious Pattern
CLM0001423,0.46,1,Duplicate Claim
CLM0000284,0.222,1,Fake Identity
CLM0000172,0.539,0,Suspicious Pattern
CLM0000655,0.059,1,Fake Identity
CLM0000721,0.842,1,Duplicate Claim
CLM0000845,0.992,1,Suspicious Pattern
CLM0000042,0.678,0,Suspicious Pattern
CLM0000959,0.318,0,Suspicious Pattern
CLM0002197,0.893,0,Duplicate Claim
CLM0002713,0.312,0,Duplicate Claim
CLM0000275,0.361,0,Suspicious Pattern
CLM0000112,0.922,0,Duplicate Claim
CLM0002307,0.621,0,Inflated Amount
CLM0001944,0.38,0,Inflated Amount
CLM0000021,0.442,1,Duplicate Claim
CLM0001281,0.68,0,Fake Identity
CLM0001145,0.653,0,Fake Identity
CLM0001202,0.364,0,Inflated Amount
CLM0002567,0.119,1,Inflated Amount
CLM0002720,0.421,0,Suspicious Pattern
CLM0001067,0.67,1,Inflated Amount
CLM0001124,0.266,1,Fake Identity
CLM0001731,0.884,0,Inflated Amount
CLM0002236,0.339,1,Suspicious Pattern
CLM0001217,0.205,1,Suspicious Pattern
CLM0001802,0.42,0,Fake Identity
CLM0000281,0.238,0,Fake Identity
CLM0002523,0.455,1,Suspicious Pattern
CLM0002395,0.089,0,Inflated Amount
CLM0000061,0.437,1,Duplicate Claim
CLM0001364,0.739,0,Duplicate Claim
CLM0002609,0.282,1,Fake Identity
CLM0001532,0.984,1,Fake Identity
CLM0001513,0.185,0,Inflated Amount
CLM0002592,0.343,0,Duplicate Claim
CLM0000855,0.492,0,Inflated Amount
CLM0000065,0.843,0,Duplicate Claim
CLM0001023,0.435,0,Fake Identity
CLM0002195,0.736,0,Inflated Amount
CLM0001417,0.015,0,Fake Identity
CLM0000809,0.026,1,Inflated Amount
CLM0002589,0.038,0,Suspicious Pattern
CLM0000303,0.023,0,Suspicious Pattern
CLM0001986,0.204,0,Inflated Amount
CLM0002671,0.596,1,Fake Identity
CLM0002675,0.79,0,Suspicious Pattern
CLM0002271,0.568,0,Fake Identity
CLM0001402,0.081,1,Inflated Amount
CLM0001695,0.704,0,Duplicate Claim
CLM0002711,0.553,0,Inflated Amount
CLM0002271,0.316,0,Suspicious Pattern
CLM0001160,0.177,1,Fake Identity
CLM0001484,0.081,1,Fake Identity
CLM0000897,0.495,0,Inflated Amount
CLM0001724,0.841,0,Fake Identity
CLM0000680,0.101,0,Inflated Amount
CLM0002062,0.106,1,Inflated Amount
CLM0000193,0.274,1,Fake Identity
CLM0000470,0.38,1,Inflated Amount
CLM0000493,0.993,0,Suspicious Pattern
CLM0002972,0.539,0,Fake Identity
CLM0001101,0.828,0,Inflated Amount
CLM0001786,0.225,0,Suspicious Pattern
CLM0002227,0.91,1,Duplicate Claim
CLM0002695,0.744,1,Inflated Amount
CLM0001155,0.334,0,Fake Identity
CLM0002139,0.754,1,Duplicate Claim
CLM0000787,0.887,1,Suspicious Pattern
CLM0000366,0.359,0,Fake Identity
CLM0001301,0.832,0,Duplicate Claim
CLM0002045,0.445,1,Inflated Amount
CLM0002240,0.745,0,Duplicate Claim
CLM0000065,0.294,1,Fake Identity
CLM0001886,0.691,0,Inflated Amount
CLM0001940,0.876,1,Suspicious Pattern
CLM0001156,0.48,0,Suspicious Pattern
CLM0002396,0.779,1,Duplicate Claim
CLM0000319,0.557,0,Suspicious Pattern
CLM0000451,0.849,1,Suspicious Pattern
CLM0002301,0.237,1,Duplicate Claim
CLM0002887,0.023,0,Inflated Amount
CLM0001026,0.67,0,Fake Identity
CLM0002425,0.777,0,Inflated Amount
CLM0001229,0.079,1,Inflated Amount
CLM0001997,0.659,0,Fake Identity
CLM0001633,0.21,0,Duplicate Claim
CLM0002158,0.99,1,Duplicate Claim
CLM0000801,0.783,0,Inflated Amount
CLM0000108,0.155,1,Fake Identity
CLM0001385,0.475,1,Duplicate Claim
CLM0000816,0.788,0,Duplicate Claim
CLM0002700,0.522,1,Inflated Amount
CLM0002150,0.979,0,Inflated Amount
CLM0001725,0.433,0,Duplicate Claim
CLM0001856,0.887,1,Fake Identity
CLM0002220,0.092,1,Fake Identity
CLM0000675,0.549,0,Inflated Amount
CLM0000544,0.995,1,Fake Identity
CLM0002114,0.679,1,Fake Identity
CLM0002111,0.154,1,Inflated Amount
CLM0000684,0.661,1,Duplicate Claim
CLM0001095,0.425,1,Duplicate Claim
CLM0001147,0.704,0,Inflated Amount
CLM0002280,0.351,0,Fake Identity
CLM0001471,0.494,0,Inflated Amount
CLM0000632,0.217,1,Duplicate Claim
CLM0002553,0.161,0,Inflated Amount
CLM0000847,0.299,0,Inflated Amount
CLM0001466,0.776,1,Duplicate Claim
CLM0001222,0.793,1,Suspicious Pattern
CLM0001030,0.544,1,Suspicious Pattern
CLM0000268,0.187,1,Inflated Amount
CLM0001250,0.809,1,Inflated Amount
CLM0000546,0.867,1,Duplicate Claim
CLM0001735,0.102,0,Fake Identity
CLM0001483,0.414,1,Inflated Amount
CLM0001377,0.551,1,Fake Identity
CLM0001915,0.806,1,Fake Identity
CLM0002055,0.632,0,Fake Identity
CLM0001495,0.412,1,Fake Identity
CLM0001929,0.464,1,Inflated Amount
CLM0001053,0.429,0,Duplicate Claim
CLM0001275,0.127,0,Inflated Amount
CLM0000179,0.786,1,Suspicious Pattern
CLM0001287,0.064,1,Fake Identity
CLM0002680,0.686,1,Fake Identity
CLM0002066,0.153,0,Inflated Amount
CLM0001748,0.419,0,Fake Identity
CLM0000863,0.121,1,Suspicious Pattern
CLM0002836,0.591,0,Fake Identity
CLM0001471,0.901,0,Inflated Amount
CLM0001815,0.609,1,Inflated Amount
CLM0000726,0.393,1,Duplicate Claim
CLM0001839,0.938,0,Fake Identity
CLM0001046,0.296,0,Suspicious Pattern
CLM0000438,0.256,1,Fake Identity
CLM0002476,0.715,1,Inflated Amount
CLM0002729,0.957,0,Suspicious Pattern
CLM0002895,0.778,0,Suspicious Pattern
CLM0001291,0.386,1,Inflated Amount
CLM0001819,0.275,0,Suspicious Pattern
CLM0000474,0.464,0,Fake Identity
CLM0000303,0.741,0,Suspicious Pattern
CLM0001042,0.28,0,Inflated Amount
CLM0000348,0.839,0,Suspicious Pattern
CLM0000642,0.636,0,Inflated Amount
CLM0002937,0.483,1,Inflated Amount
CLM0002564,0.09,0,Fake Identity
CLM0001833,0.42,1,Suspicious Pattern
CLM0000784,0.24,1,Fake Identity
CLM0001697,0.509,1,Duplicate Claim
CLM0002988,0.654,1,Duplicate Claim
CLM0001083,0.318,0,Duplicate Claim
CLM0001986,0.813,0,Duplicate Claim
CLM0001775,0.867,1,Fake Identity
CLM0000727,0.236,0,Inflated Amount
CLM0002076,0.028,1,Fake Identity
CLM0001527,0.171,1,Suspicious Pattern
CLM0002300,0.454,1,Fake Identity
CLM0002555,0.673,1,Fake Identity
CLM0001200,0.597,0,Duplicate Claim
CLM0000344,0.583,0,Suspicious Pattern
CLM0000999,0.231,1,Inflated Amount
CLM0001435,0.16,0,Inflated Amount
CLM0000013,0.036,1,Fake Identity
CLM0002234,0.431,1,Duplicate Claim
CLM0002050,0.301,0,Fake Identity
CLM0001404,0.548,1,Inflated Amount
CLM0001373,0.602,1,Inflated Amount
CLM0000444,0.288,1,Suspicious Pattern
CLM0000910,0.553,0,Suspicious Pattern
CLM0002394,0.609,1,Fake Identity
CLM0002500,0.88,1,Suspicious Pattern
CLM0001286,0.146,0,Suspicious Pattern
CLM0000400,0.384,1,Inflated Amount
CLM0002475,0.318,1,Duplicate Claim
CLM0000175,0.255,1,Inflated Amount
CLM0001224,0.425,0,Fake Identity
CLM0002811,0.943,1,Inflated Amount
CLM0001199,0.843,0,Fake Identity
CLM0002887,0.522,0,Fake Identity
CLM0002635,0.399,0,Duplicate Claim
CLM0001323,0.432,1,Fake Identity
CLM0001001,0.253,0,Fake Identity
CLM0001632,0.658,0,Suspicious Pattern
CLM0001363,0.264,1,Inflated Amount
CLM0002751,0.111,0,Suspicious Pattern
CLM0001587,0.321,1,Inflated Amount
CLM0002250,0.487,0,Suspicious Pattern
CLM0001520,0.728,1,Suspicious Pattern
CLM0000174,0.487,1,Suspicious Pattern
CLM0000095,0.035,0,Suspicious Pattern
CLM0001702,0.704,1,Suspicious Pattern
CLM0001153,0.774,1,Suspicious Pattern
CLM0002133,0.103,0,Suspicious Pattern
CLM0002009,0.721,0,Suspicious Pattern
CLM0000270,0.657,0,Inflated Amount
CLM0000550,0.39,1,Suspicious Pattern
CLM0001828,0.796,0,Duplicate Claim
CLM0001984,0.711,0,Suspicious Pattern
CLM0000637,0.569,0,Duplicate Claim
CLM0001630,0.763,1,Inflated Amount
CLM0001917,0.436,1,Suspicious Pattern
CLM0002085,0.609,1,Duplicate Claim
CLM0000598,0.041,1,Inflated Amount
CLM0000188,0.451,1,Suspicious Pattern
CLM0001183,0.605,0,Duplicate Claim
CLM0000302,0.004,0,Fake Identity
CLM0000820,0.397,1,Suspicious Pattern
CLM0000096,0.534,0,Inflated Amount
CLM0000396,0.37,0,Inflated Amount
CLM0002196,0.362,0,Suspicious Pattern
CLM0001431,0.858,0,Duplicate Claim
CLM0001552,0.964,1,Duplicate Claim
CLM0001636,0.097,1,Suspicious Pattern
CLM0001440,0.911,1,Fake Identity
CLM0000056,0.379,1,Duplicate Claim
CLM0002305,0.238,0,Inflated Amount
CLM0002985,0.15,0,Suspicious Pattern
CLM0001381,0.748,0,Fake Identity
CLM0000859,0.724,0,Inflated Amount
CLM0000850,0.095,0,Duplicate Claim
CLM0002038,0.959,0,Inflated Amount
CLM0002333,0.072,1,Suspicious Pattern
CLM0001352,0.497,1,Fake Identity
CLM0001112,0.645,1,Suspicious Pattern
CLM0002186,0.888,0,Inflated Amount
CLM0002279,0.27,0,Suspicious Pattern
CLM0001002,0.268,1,Duplicate Claim
CLM0002032,0.781,1,Inflated Amount
CLM0000579,0.411,1,Suspicious Pattern
CLM0000753,0.206,0,Inflated Amount
CLM0000155,0.021,1,Fake Identity
CLM0001578,0.746,1,Suspicious Pattern
CLM0001560,0.015,0,Suspicious Pattern
CLM0000319,0.638,1,Suspicious Pattern
CLM0001416,0.429,0,Duplicate Claim
CLM0001034,0.634,0,Fake Identity
CLM0001498,0.76,0,Fake Identity
CLM0001532,0.648,1,Fake Identity
CLM0000051,0.466,0,Duplicate Claim
CLM0000993,0.907,0,Suspicious Pattern
CLM0002539,0.004,0,Inflated Amount
CLM0002717,0.048,1,Duplicate Claim
CLM0002037,0.487,1,Inflated Amount
CLM0000596,0.247,1,Fake Identity
CLM0001896,0.43,1,Inflated Amount
CLM0000395,0.287,0,Duplicate Claim
CLM0001160,0.231,0,Duplicate Claim
CLM0001793,0.923,0,Duplicate Claim
CLM0001231,0.217,0,Inflated Amount
CLM0002931,0.091,1,Inflated Amount
CLM0002836,0.226,0,Duplicate Claim
CLM0002270,0.427,0,Duplicate Claim
CLM0002933,0.223,1,Inflated Amount
CLM0000047,0.098,0,Fake Identity
CLM0002326,0.269,1,Duplicate Claim
CLM0001510,0.906,1,Inflated Amount
CLM0001495,0.753,1,Duplicate Claim
CLM0001046,0.233,0,Suspicious Pattern
CLM0001662,0.607,0,Fake Identity
CLM0000335,0.856,0,Fake Identity
CLM0001101,0.971,1,Suspicious Pattern
CLM0000022,0.074,1,Suspicious Pattern
CLM0001740,0.204,1,Suspicious Pattern
CLM0002672,0.943,1,Fake Identity
CLM0001964,0.885,0,Inflated Amount
CLM0002129,0.299,0,Fake Identity
CLM0002554,0.198,1,Suspicious Pattern
CLM0002493,0.815,1,Duplicate Claim
CLM0001914,0.105,1,Suspicious Pattern
CLM0000992,0.62,1,Suspicious Pattern
CLM0001453,0.908,0,Fake Identity
CLM0002217,0.18,0,Suspicious Pattern
CLM0002098,0.125,0,Duplicate Claim
CLM0001354,0.643,1,Duplicate Claim
CLM0001773,0.614,0,Suspicious Pattern
CLM0001909,0.067,1,Suspicious Pattern
CLM0001938,0.361,0,Duplicate Claim
CLM0000979,0.927,1,Duplicate Claim
CLM0000091,0.23,0,Duplicate Claim
CLM0002568,0.529,0,Fake Identity
CLM0002425,0.353,0,Inflated Amount
CLM0000530,0.904,1,Fake Identity
CLM0002926,0.521,1,Fake Identity
CLM0000862,0.45,1,Inflated Amount
CLM0001177,0.892,1,Fake Identity
CLM0001075,0.644,1,Inflated Amount
CLM0000641,0.357,0,Suspicious Pattern
CLM0001382,0.993,0,Suspicious Pattern
CLM0002225,0.916,0,Duplicate Claim
CLM0001486,0.265,1,Fake Identity
CLM0002701,0.034,1,Suspicious Pattern
CLM0001007,0.121,1,Duplicate Claim
CLM0000345,0.155,0,Duplicate Claim
CLM0000320,0.735,1,Inflated Amount
CLM0002568,0.376,0,Fake Identity
CLM0000147,0.339,1,Duplicate Claim
CLM0001086,0.559,0,Suspicious Pattern
CLM0000936,0.136,0,Duplicate Claim
CLM0000374,0.276,0,Duplicate Claim
CLM0001333,0.485,0,Suspicious Pattern
CLM0000625,0.469,0,Inflated Amount
CLM0002409,0.612,1,Inflated Amount
CLM0000882,0.31,0,Suspicious Pattern
CLM0000873,0.382,1,Duplicate Claim
CLM0002051,0.063,0,Fake Identity
CLM0000890,0.649,1,Inflated Amount
CLM0002589,0.499,1,Duplicate Claim
CLM0002128,0.042,0,Duplicate Claim
CLM0001415,0.505,0,Suspicious Pattern
CLM0002033,0.261,1,Inflated Amount
CLM0001973,0.147,0,Duplicate Claim
CLM0002645,0.005,1,Suspicious Pattern
CLM0001262,0.982,0,Suspicious Pattern
CLM0000683,0.948,0,Fake Identity
CLM0001806,0.825,1,Suspicious Pattern
CLM0002983,0.216,0,Suspicious Pattern
CLM0000280,0.869,0,Inflated Amount
CLM0001246,0.897,1,Inflated Amount
CLM0000248,0.082,0,Suspicious Pattern
CLM0002849,0.521,0,Fake Identity
CLM0002420,0.107,0,Duplicate Claim
CLM0000854,0.533,1,Suspicious Pattern
CLM0001598,0.844,1,Suspicious Pattern
CLM0000459,0.627,0,Inflated Amount
CLM0000463,0.063,0,Fake Identity
CLM0001394,0.01,1,Fake Identity
CLM0000368,0.094,0,Duplicate Claim
CLM0001463,0.909,1,Inflated Amount
CLM0002041,0.985,1,Inflated Amount
CLM0002062,0.483,1,Suspicious Pattern
CLM0000608,0.357,0,Suspicious Pattern
CLM0002622,0.344,1,Fake Identity
CLM0002586,0.425,0,Suspicious Pattern
CLM0001789,0.395,0,Fake Identity
CLM0001029,0.767,0,Inflated Amount
CLM0000943,0.528,1,Duplicate Claim
CLM0001228,0.086,0,Duplicate Claim
CLM0002589,0.088,1,Duplicate Claim
CLM0002485,0.111,0,Fake Identity
CLM0002015,0.389,1,Fake Identity
CLM0002388,0.269,1,Duplicate Claim
CLM0001503,0.37,0,Inflated Amount
CLM0001020,0.094,0,Fake Identity
CLM0002123,0.907,0,Fake Identity
CLM0001908,0.828,1,Inflated Amount
CLM0001469,0.559,1,Suspicious Pattern
CLM0000240,0.571,0,Fake Identity
CLM0001672,0.504,0,Fake Identity
CLM0001224,0.228,1,Duplicate Claim
CLM0000386,0.654,1,Duplicate Claim
CLM0002852,0.092,1,Suspicious Pattern
CLM0000919,0.584,0,Inflated Amount
CLM0000297,0.44,1,Duplicate Claim
CLM0001421,0.058,1,Fake Identity
CLM0002527,0.433,0,Duplicate Claim
CLM0001645,0.591,0,Suspicious Pattern
CLM0000699,0.08,0,Duplicate Claim
CLM0002196,0.298,0,Fake Identity
CLM0001882,0.202,0,Fake Identity
CLM0002404,0.024,0,Suspicious Pattern
CLM0002700,0.082,0,Suspicious Pattern
CLM0002563,0.189,0,Suspicious Pattern
CLM0000629,0.6,0,Fake Identity
CLM0000389,0.943,0,Duplicate Claim
CLM0002117,0.657,1,Duplicate Claim
CLM0002007,0.98,0,Duplicate Claim
CLM0000462,0.968,1,Inflated Amount
CLM0001521,0.521,0,Duplicate Claim
CLM0002215,0.222,1,Suspicious Pattern
CLM0002851,0.913,1,Inflated Amount
CLM0000870,0.535,0,Fake Identity
CLM0001461,0.152,0,Fake Identity
CLM0000785,0.379,0,Inflated Amount
CLM0001991,0.334,0,Fake Identity
CLM0001812,0.36,1,Fake Identity
CLM0000546,0.099,1,Inflated Amount
CLM0000638,0.462,0,Inflated Amount
CLM0000626,0.526,1,Suspicious Pattern
CLM0000808,0.876,0,Suspicious Pattern
CLM0002445,0.064,0,Duplicate Claim
CLM0000902,0.811,1,Duplicate Claim
CLM0000824,0.628,1,Inflated Amount
CLM0002423,0.967,1,Suspicious Pattern
CLM0002419,0.828,0,Inflated Amount
CLM0000505,0.451,0,Inflated Amount
CLM0001115,0.779,1,Inflated Amount
CLM0000637,0.923,1,Inflated Amount
CLM0001112,0.496,1,Duplicate Claim
CLM0000359,0.266,1,Inflated Amount
CLM0001429,0.405,1,Fake Identity
CLM0001564,0.423,1,Duplicate Claim
CLM0001285,0.602,1,Fake Identity
CLM0002410,0.426,0,Suspicious Pattern
CLM0000850,0.6,0,Duplicate Claim
CLM0001800,0.033,1,Fake Identity
CLM0002928,0.377,0,Fake Identity
CLM0001186,0.668,0,Inflated Amount
CLM0000567,0.111,0,Inflated Amount
CLM0000790,0.215,1,Duplicate Claim
CLM0001111,0.731,0,Duplicate Claim
CLM0000311,0.661,1,Inflated Amount
CLM0000411,0.346,1,Fake Identity
CLM0000334,0.992,1,Duplicate Claim
CLM0000922,0.311,1,Duplicate Claim
CLM0000041,0.247,0,Inflated Amount
CLM0000967,0.341,0,Inflated Amount
CLM0001752,0.751,0,Duplicate Claim
CLM0000073,0.092,1,Fake Identity
CLM0000747,0.288,0,Duplicate Claim
CLM0002119,0.608,0,Inflated Amount
CLM0000741,0.865,0,Duplicate Claim
CLM0001471,0.436,0,Duplicate Claim
CLM0001732,0.381,0,Fake Identity
CLM0002268,0.351,1,Duplicate Claim
CLM0000177,0.053,0,Fake Identity
CLM0001873,0.938,0,Inflated Amount
CLM0002408,0.044,1,Suspicious Pattern
CLM0002694,0.562,0,Inflated Amount
CLM0002513,0.793,1,Duplicate Claim
CLM0001259,0.857,1,Inflated Amount
CLM0002485,0.185,0,Suspicious Pattern
CLM0000140,0.033,1,Inflated Amount
CLM0000488,0.768,1,Duplicate Claim
CLM0000602,0.061,0,Duplicate Claim
CLM0000698,0.437,0,Duplicate Claim
CLM0001502,0.355,0,Inflated Amount
CLM0001310,0.134,1,Suspicious Pattern
CLM0000320,0.531,1,Fake Identity
CLM0002682,0.151,0,Suspicious Pattern
CLM0001203,0.664,1,Suspicious Pattern
CLM0000132,0.797,1,Suspicious Pattern
CLM0000600,0.231,0,Inflated Amount
CLM0002248,0.74,1,Inflated Amount
CLM0000607,0.646,1,Suspicious Pattern
CLM0002642,0.27,0,Suspicious Pattern
CLM0000674,0.195,0,Fake Identity
CLM0001339,0.874,0,Suspicious Pattern
CLM0001825,0.201,0,Fake Identity
CLM0002121,0.079,1,Suspicious Pattern
CLM0000852,0.318,1,Fake Identity
CLM0000808,0.905,1,Fake Identity
CLM0000943,0.586,0,Inflated Amount
CLM0001643,0.718,1,Fake Identity
CLM0002727,0.219,0,Inflated Amount
CLM0000021,0.494,0,Inflated Amount
CLM0000462,0.791,0,Suspicious Pattern
CLM0002398,0.37,0,Suspicious Pattern
CLM0000814,0.716,0,Suspicious Pattern
CLM0000115,0.583,0,Duplicate Claim
CLM0000371,0.335,0,Duplicate Claim
CLM0000017,0.414,1,Fake Identity
CLM0002337,0.736,0,Inflated Amount
CLM0002090,0.749,0,Duplicate Claim
CLM0002032,0.891,1,Fake Identity
CLM0000229,0.539,0,Fake Identity
CLM0002824,0.444,0,Duplicate Claim
CLM0001156,0.781,1,Inflated Amount
CLM0000487,0.386,1,Duplicate Claim
CLM0002666,0.593,1,Fake Identity
CLM0000139,0.76,1,Fake Identity
CLM0000149,0.925,1,Duplicate Claim
CLM0002436,0.889,0,Suspicious Pattern
CLM0001263,0.661,1,Duplicate Claim
CLM0001771,0.021,0,Fake Identity
CLM0001311,0.738,0,Fake Identity
CLM0001973,0.331,1,Duplicate Claim
CLM0000255,0.833,0,Fake Identity
CLM0001296,0.027,0,Fake Identity
CLM0002931,0.113,0,Suspicious Pattern
CLM0002152,0.69,0,Suspicious Pattern
CLM0001014,0.266,0,Duplicate Claim
CLM0000049,0.318,0,Duplicate Claim
CLM0002346,0.4,0,Fake Identity
CLM0002390,0.19,0,Fake Identity
CLM0002360,0.859,0,Suspicious Pattern
CLM0001502,0.088,1,Suspicious Pattern
CLM0002896,0.17,1,Inflated Amount
CLM0002930,0.381,1,Inflated Amount
CLM0001524,0.376,0,Inflated Amount
CLM0001881,0.052,1,Duplicate Claim
CLM0001575,0.338,1,Fake Identity
CLM0002733,0.764,1,Duplicate Claim
CLM0000319,0.891,1,Suspicious Pattern
CLM0000535,0.124,0,Inflated Amount
CLM0000366,0.652,1,Inflated Amount
CLM0002349,0.927,0,Duplicate Claim
CLM0000898,0.3,0,Fake Identity
CLM0002837,0.877,0,Inflated Amount
CLM0001288,0.156,0,Duplicate Claim
CLM0002535,0.861,1,Fake Identity
CLM0000219,0.427,1,Suspicious Pattern
CLM0002596,0.825,1,Fake Identity
CLM0002800,0.211,1,Inflated Amount
CLM0000624,0.069,0,Suspicious Pattern
CLM0001864,0.596,1,Fake Identity
CLM0002869,0.266,1,Fake Identity
CLM0002161,0.807,1,Inflated Amount
CLM0002278,0.825,1,Duplicate Claim
CLM0002996,0.723,1,Duplicate Claim
CLM0002797,0.498,0,Inflated Amount
CLM0000394,0.923,1,Fake Identity
CLM0001249,0.586,0,Inflated Amount
CLM0002997,0.18,0,Fake Identity
CLM0001958,0.582,0,Inflated Amount
CLM0001307,0.576,0,Inflated Amount
CLM0002974,0.64,0,Duplicate Claim
CLM0001098,0.099,1,Inflated Amount
CLM0000296,0.689,1,Duplicate Claim
CLM0001128,0.403,1,Inflated Amount
CLM0002702,0.61,1,Suspicious Pattern
CLM0002751,0.921,1,Suspicious Pattern
CLM0002951,0.339,0,Duplicate Claim
CLM0000651,0.552,1,Suspicious Pattern
CLM0002719,0.77,1,Suspicious Pattern
CLM0001721,0.121,1,Fake Identity
CLM0002039,0.354,1,Fake Identity
CLM0000666,0.136,0,Fake Identity
CLM0002876,0.84,0,Inflated Amount
CLM0001942,0.772,0,Suspicious Pattern
CLM0001862,0.317,0,Suspicious Pattern
CLM0001835,0.029,0,Duplicate Claim
CLM0000894,0.41,0,Suspicious Pattern
CLM0002511,0.017,1,Duplicate Claim
CLM0002546,0.292,0,Suspicious Pattern
CLM0000927,0.21,1,Suspicious Pattern
CLM0001418,0.233,0,Inflated Amount
CLM0000050,0.69,1,Suspicious Pattern
CLM0000846,0.709,0,Suspicious Pattern
CLM0001278,0.706,0,Duplicate Claim
CLM0000521,0.82,0,Inflated Amount
CLM0002392,0.793,0,Duplicate Claim
CLM0000211,0.627,0,Inflated Amount
CLM0002589,0.227,0,Duplicate Claim
CLM0002099,0.354,0,Fake Identity
CLM0002357,0.412,0,Suspicious Pattern
CLM0001192,0.707,1,Duplicate Claim
CLM0002496,0.536,0,Suspicious Pattern
CLM0001339,0.742,0,Inflated Amount
CLM0000996,0.159,0,Duplicate Claim
CLM0000377,0.232,1,Duplicate Claim
CLM0000789,0.057,1,Duplicate Claim
CLM0001252,0.585,0,Inflated Amount
CLM0002844,0.965,1,Inflated Amount
CLM0002812,0.543,1,Duplicate Claim
CLM0000038,0.22,1,Inflated Amount
CLM0001206,0.616,0,Suspicious Pattern
CLM0002694,0.68,1,Inflated Amount
CLM0001861,0.578,1,Suspicious Pattern
CLM0000365,0.372,1,Fake Identity
CLM0002671,0.83,0,Duplicate Claim
CLM0000499,0.492,0,Fake Identity
CLM0001816,0.989,0,Inflated Amount
CLM0001571,0.243,0,Duplicate Claim
CLM0000880,0.223,0,Inflated Amount
CLM0002386,0.075,1,Fake Identity
CLM0000688,0.399,0,Fake Identity
CLM0000662,0.248,0,Suspicious Pattern
CLM0001950,0.833,0,Fake Identity
CLM0002090,0.52,1,Inflated Amount
CLM0002283,0.06,0,Duplicate Claim
CLM0000143,0.357,0,Suspicious Pattern
CLM0001707,0.696,1,Suspicious Pattern
CLM0000532,0.486,1,Duplicate Claim
CLM0002881,0.352,0,Fake Identity
CLM0002233,0.155,0,Duplicate Claim
CLM0002450,0.666,1,Suspicious Pattern
CLM0000028,0.178,0,Duplicate Claim
CLM0000711,0.87,1,Fake Identity
CLM0002318,0.989,1,Duplicate Claim
CLM0001788,0.553,1,Suspicious Pattern
CLM0001274,0.117,1,Fake Identity
CLM0001394,0.686,0,Suspicious Pattern
CLM0000294,0.133,0,Inflated Amount
CLM0002874,0.902,0,Inflated Amount
CLM0000198,0.586,1,Inflated Amount
CLM0001213,0.8,0,Fake Identity
CLM0000154,0.625,0,Duplicate Claim
CLM0002756,0.526,1,Fake Identity
CLM0000220,0.525,1,Inflated Amount
CLM0000461,0.739,0,Duplicate Claim
CLM0002658,0.903,1,Duplicate Claim
CLM0002258,0.219,1,Duplicate Claim
CLM0001176,0.114,1,Suspicious Pattern
CLM0000138,0.056,1,Duplicate Claim
CLM0002987,0.867,1,Inflated Amount
CLM0000823,0.122,0,Fake Identity
CLM0000733,0.629,1,Duplicate Claim
CLM0002625,0.313,0,Duplicate Claim
CLM0002838,0.563,0,Duplicate Claim
CLM0000187,0.085,0,Inflated Amount
CLM0000858,0.58,1,Suspicious Pattern
CLM0001400,0.878,0,Inflated Amount
CLM0001866,0.266,1,Suspicious Pattern
CLM0002440,0.322,1,Suspicious Pattern
CLM0002295,0.218,0,Fake Identity
CLM0001620,0.13,1,Fake Identity
CLM0001558,0.072,1,Duplicate Claim
CLM0001465,0.67,1,Inflated Amount
CLM0001460,0.346,1,Duplicate Claim
CLM0001328,0.458,1,Inflated Amount
CLM0001144,0.322,0,Suspicious Pattern
CLM0002136,0.744,0,Inflated Amount
CLM0002454,0.683,1,Fake Identity
CLM0002481,0.666,0,Suspicious Pattern
CLM0002690,0.766,0,Fake Identity
CLM0002884,0.583,0,Suspicious Pattern
CLM0001573,0.097,0,Inflated Amount
CLM0000149,0.423,1,Suspicious Pattern
CLM0001532,0.317,0,Suspicious Pattern
CLM0002330,0.342,1,Duplicate Claim
CLM0001679,0.196,1,Inflated Amount
CLM0000483,0.161,0,Inflated Amount
CLM0000559,0.466,0,Inflated Amount
CLM0001295,0.971,1,Fake Identity
CLM0002646,0.022,0,Inflated Amount
CLM0000474,0.283,0,Inflated Amount
CLM0001418,0.966,1,Fake Identity
CLM0002174,0.357,0,Fake Identity
CLM0001684,0.655,0,Suspicious Pattern
CLM0000956,0.268,1,Inflated Amount
CLM0000249,0.542,1,Inflated Amount
CLM0001356,0.174,0,Duplicate Claim
CLM0000382,0.539,0,Fake Identity
CLM0000809,0.479,0,Inflated Amount
CLM0002072,0.835,1,Fake Identity
CLM0002752,0.804,0,Fake Identity
CLM0002539,0.182,0,Suspicious Pattern
CLM0001394,0.94,1,Fake Identity
CLM0002494,0.389,1,Inflated Amount
CLM0000916,0.051,0,Duplicate Claim
CLM0002963,0.077,0,Suspicious Pattern
CLM0001639,0.419,1,Suspicious Pattern
CLM0002049,0.887,1,Fake Identity
CLM0002628,0.156,1,Suspicious Pattern
CLM0000771,0.481,0,Inflated Amount
CLM0000420,0.539,1,Suspicious Pattern
CLM0001739,0.891,1,Inflated Amount
CLM0002323,0.012,0,Duplicate Claim
CLM0002249,0.89,1,Fake Identity
CLM0002218,0.27,0,Fake Identity
CLM0001321,0.871,1,Suspicious Pattern
CLM0000020,0.424,1,Duplicate Claim
CLM0002962,0.327,0,Fake Identity
CLM0001517,0.99,1,Fake Identity
CLM0002489,0.782,0,Inflated Amount
CLM0000228,0.485,1,Inflated Amount
CLM0001578,0.374,0,Inflated Amount
CLM0001760,0.319,1,Inflated Amount
CLM0002628,0.692,0,Suspicious Pattern
CLM0000990,0.417,0,Suspicious Pattern
CLM0001547,0.65,0,Inflated Amount
CLM0002003,0.416,0,Duplicate Claim
CLM0002541,0.371,0,Suspicious Pattern
CLM0001400,0.332,1,Inflated Amount
CLM0000261,0.919,1,Inflated Amount
CLM0002938,0.766,0,Duplicate Claim
CLM0000491,0.655,1,Duplicate Claim
CLM0002278,0.665,1,Duplicate Claim
CLM0002899,0.182,0,Fake Identity
CLM0001684,0.936,1,Fake Identity
CLM0000962,0.106,1,Duplicate Claim
CLM0000186,0.224,1,Suspicious Pattern
CLM0001253,0.024,0,Suspicious Pattern
CLM0000363,0.369,0,Inflated Amount
CLM0001677,0.307,0,Inflated Amount
CLM0002112,0.842,1,Duplicate Claim
CLM0000382,0.667,0,Fake Identity
CLM0002986,0.793,0,Inflated Amount
CLM0002434,0.149,1,Suspicious Pattern
CLM0000434,0.571,0,Inflated Amount
CLM0002477,0.49,1,Suspicious Pattern
CLM0001540,0.426,0,Duplicate Claim
CLM0001213,0.993,1,Fake Identity
CLM0001264,0.447,1,Fake Identity
CLM0002370,0.107,1,Suspicious Pattern
CLM0002135,0.033,0,Inflated Amount
CLM0001793,0.798,1,Duplicate Claim
CLM0002417,0.01,0,Inflated Amount
CLM0000416,0.918,0,Suspicious Pattern
CLM0000275,0.209,0,Inflated Amount
CLM0000287,0.882,1,Suspicious Pattern
CLM0000822,0.794,1,Duplicate Claim
CLM0000004,0.21,0,Fake Identity
CLM0000903,0.836,0,Duplicate Claim
CLM0001056,0.321,1,Suspicious Pattern
CLM0000353,0.209,1,Suspicious Pattern
CLM0002054,0.214,1,Fake Identity
CLM0000354,0.874,0,Suspicious Pattern
CLM0002943,0.015,0,Duplicate Claim
CLM0000051,0.74,0,Duplicate Claim
CLM0002575,0.803,0,Fake Identity
CLM0000767,0.371,0,Suspicious Pattern
CLM0001564,0.706,0,Suspicious Pattern
CLM0000080,0.905,1,Duplicate Claim
CLM0002042,0.543,0,Suspicious Pattern
CLM0001045,0.653,0,Suspicious Pattern
CLM0000598,0.7,1,Duplicate Claim
CLM0000867,0.962,0,Suspicious Pattern
CLM0002457,0.42,1,Fake Identity
CLM0002728,0.559,1,Duplicate Claim
CLM0000794,0.467,0,Duplicate Claim
CLM0001428,0.316,0,Fake Identity
CLM0002474,0.943,0,Fake Identity
CLM0002415,0.489,1,Inflated Amount
CLM0000612,0.931,0,Fake Identity
CLM0001401,0.991,0,Duplicate Claim
CLM0001428,0.857,0,Fake Identity
CLM0001918,0.165,1,Suspicious Pattern
CLM0002420,0.038,0,Suspicious Pattern
CLM0000557,0.541,1,Fake Identity
CLM0002469,0.538,1,Duplicate Claim
CLM0002203,0.605,1,Suspicious Pattern
CLM0000864,0.057,1,Fake Identity
CLM0002862,0.29,0,Duplicate Claim
CLM0002568,0.497,1,Inflated Amount
CLM0002828,0.514,1,Suspicious Pattern
CLM0001881,0.947,1,Inflated Amount
CLM0002002,0.966,1,Suspicious Pattern
CLM0001601,0.89,1,Duplicate Claim
CLM0002880,0.25,1,Inflated Amount
CLM0000893,0.641,1,Fake Identity
CLM0002464,0.274,1,Duplicate Claim
CLM0001326,0.951,1,Inflated Amount
CLM0001572,0.506,0,Suspicious Pattern
CLM0001454,0.828,0,Fake Identity
CLM0002454,0.393,0,Fake Identity
CLM0000400,0.381,0,Inflated Amount
CLM0000381,0.034,0,Fake Identity
CLM0001052,0.459,1,Inflated Amount
CLM0000117,0.644,0,Suspicious Pattern
CLM0002724,0.13,1,Fake Identity
CLM0001656,0.185,0,Suspicious Pattern
CLM0000765,0.972,1,Fake Identity
CLM0002512,0.732,1,Suspicious Pattern
CLM0002785,0.909,0,Fake Identity
CLM0002855,0.476,1,Duplicate Claim
CLM0002252,0.179,1,Fake Identity
CLM0000932,0.166,0,Suspicious Pattern
CLM0002298,0.542,0,Duplicate Claim
CLM0001072,0.715,1,Suspicious Pattern
CLM0002724,0.916,1,Inflated Amount
CLM0001508,0.407,0,Inflated Amount
CLM0000305,0.325,1,Duplicate Claim
CLM0002932,0.935,0,Inflated Amount
CLM0001082,0.454,0,Duplicate Claim
CLM0001948,0.521,0,Duplicate Claim
CLM0000738,0.449,1,Fake Identity
CLM0001680,0.768,1,Duplicate Claim
CLM0000989,0.071,0,Suspicious Pattern
CLM0000628,0.836,0,Duplicate Claim
CLM0000989,0.392,0,Suspicious Pattern
CLM0002167,0.966,1,Inflated Amount
CLM0001559,0.3,1,Inflated Amount
CLM0000977,0.47,0,Fake Identity
CLM0002244,0.422,1,Fake Identity
CLM0002903,0.801,0,Inflated Amount
CLM0000598,0.672,1,Fake Identity
CLM0001830,0.647,1,Fake Identity
CLM0002206,0.714,1,Fake Identity
CLM0001398,0.959,0,Inflated Amount
CLM0001600,0.478,0,Fake Identity
CLM0002198,0.652,1,Duplicate Claim
CLM0002907,0.684,1,Inflated Amount
CLM0002326,0.857,1,Suspicious Pattern
CLM0002111,0.288,1,Duplicate Claim
CLM0000408,0.806,1,Suspicious Pattern
CLM0001019,0.499,0,Inflated Amount
CLM0002226,0.016,1,Suspicious Pattern
CLM0000225,0.153,1,Fake Identity
CLM0001110,0.839,0,Suspicious Pattern
CLM0002439,0.268,1,Duplicate Claim
CLM0000442,0.297,0,Inflated Amount
CLM0002505,0.735,0,Inflated Amount
CLM0002257,0.686,0,Duplicate Claim
CLM0001686,0.45,1,Inflated Amount
CLM0000992,0.73,0,Suspicious Pattern
CLM0000164,0.61,1,Suspicious Pattern
CLM0002734,0.183,1,Duplicate Claim
CLM0001674,0.277,1,Suspicious Pattern
CLM0002519,0.064,0,Suspicious Pattern
CLM0002437,0.662,0,Inflated Amount
CLM0002560,0.055,1,Duplicate Claim
CLM0001739,0.743,1,Fake Identity
CLM0001597,0.533,0,Duplicate Claim
CLM0002068,0.439,1,Fake Identity
CLM0001930,0.597,0,Fake Identity
CLM0001690,0.62,1,Fake Identity
CLM0001292,0.584,1,Duplicate Claim
CLM0002154,0.713,0,Fake Identity
CLM0000473,0.636,0,Inflated Amount
CLM0002696,0.483,1,Suspicious Pattern
CLM0001300,0.83,0,Duplicate Claim
CLM0002521,0.974,1,Duplicate Claim
CLM0002288,0.613,0,Duplicate Claim
CLM0000559,0.712,0,Inflated Amount
CLM0001374,0.508,0,Suspicious Pattern
CLM0001740,0.401,0,Duplicate Claim
CLM0001032,0.861,1,Fake Identity
CLM0000471,0.195,0,Inflated Amount
CLM0000644,0.69,0,Fake Identity
CLM0002753,0.137,0,Duplicate Claim
CLM0001317,0.767,1,Fake Identity
CLM0001441,0.235,0,Suspicious Pattern
CLM0000613,0.607,0,Suspicious Pattern
CLM0002175,0.139,1,Fake Identity
CLM0000419,0.001,0,Inflated Amount
CLM0001177,0.741,1,Inflated Amount
CLM0001215,0.875,0,Inflated Amount
CLM0002344,0.8,0,Duplicate Claim
CLM0001854,0.133,0,Suspicious Pattern
CLM0000668,0.235,0,Inflated Amount
CLM0000053,0.824,1,Suspicious Pattern
CLM0001891,0.017,1,Inflated Amount
CLM0001520,0.528,1,Inflated Amount
CLM0001603,0.836,1,Fake Identity
CLM0002370,0.195,0,Duplicate Claim
CLM0001872,0.144,1,Inflated Amount
CLM0000382,0.182,1,Inflated Amount
CLM0001265,0.756,0,Duplicate Claim
CLM0002799,0.965,0,Fake Identity
CLM0000238,0.211,0,Inflated Amount
CLM0002812,0.109,1,Inflated Amount
CLM0001377,0.271,0,Fake Identity
CLM0001799,0.111,0,Fake Identity
CLM0001815,0.005,0,Fake Identity
CLM0001146,0.45,1,Fake Identity
CLM0002143,0.751,0,Suspicious Pattern
CLM0001086,0.311,1,Inflated Amount
CLM0000850,0.331,1,Suspicious Pattern
CLM0002004,0.228,0,Inflated Amount
CLM0001928,0.132,1,Fake Identity
CLM0000094,0.067,0,Fake Identity
CLM0002317,0.57,0,Fake Identity
CLM0001766,0.764,0,Inflated Amount
CLM0002974,0.504,1,Duplicate Claim
CLM0001684,0.844,0,Inflated Amount
CLM0001098,0.462,1,Fake Identity
CLM0002413,0.071,1,Duplicate Claim
CLM0000403,0.604,0,Duplicate Claim
CLM0001666,0.715,0,Fake Identity
CLM0002605,0.123,0,Duplicate Claim
CLM0001342,0.524,1,Duplicate Claim
CLM0001972,0.297,0,Fake Identity
CLM0000429,0.963,1,Inflated Amount
CLM0001804,0.212,1,Duplicate Claim
CLM0002559,0.683,0,Fake Identity
CLM0000824,0.309,0,Inflated Amount
CLM0001640,0.416,0,Inflated Amount
CLM0002022,0.827,1,Duplicate Claim
CLM0001301,0.997,0,Fake Identity
CLM0001185,0.121,0,Suspicious Pattern
CLM0002904,0.46,0,Inflated Amount
CLM0001591,0.62,1,Inflated Amount
CLM0000380,0.393,1,Suspicious Pattern
CLM0002299,0.132,1,Inflated Amount
CLM0000592,0.024,0,Suspicious Pattern
CLM0001027,0.031,0,Inflated Amount
CLM0002135,0.498,0,Fake Identity
CLM0001463,0.411,1,Fake Identity
CLM0001034,0.979,1,Inflated Amount
CLM0000544,0.912,1,Suspicious Pattern
CLM0002284,0.611,0,Inflated Amount
CLM0000333,0.475,1,Duplicate Claim
CLM0000467,0.573,1,Fake Identity
CLM0001824,0.464,0,Suspicious Pattern
CLM0000295,0.347,0,Fake Identity
CLM0001869,0.61,1,Inflated Amount
CLM0000009,0.93,1,Duplicate Claim
CLM0001292,0.646,1,Fake Identity
CLM0001030,0.177,0,Duplicate Claim
CLM0001594,0.476,1,Inflated Amount
CLM0000468,0.173,1,Fake Identity
CLM0000106,0.119,1,Duplicate Claim
CLM0000952,0.33,1,Fake Identity
CLM0002746,0.199,0,Inflated Amount
CLM0000201,0.935,1,Fake Identity
CLM0000956,0.056,1,Suspicious Pattern
CLM0000763,0.964,1,Inflated Amount
CLM0002692,0.841,1,Suspicious Pattern
CLM0000277,0.261,1,Duplicate Claim
CLM0002616,0.093,0,Duplicate Claim
CLM0002339,0.567,0,Duplicate Claim
CLM0000490,0.246,0,Suspicious Pattern
CLM0001408,0.251,0,Inflated Amount
CLM0002822,0.574,1,Suspicious Pattern
CLM0001434,0.458,0,Duplicate Claim
CLM0002971,0.507,0,Inflated Amount
CLM0002002,0.319,1,Duplicate Claim
CLM0000631,0.324,1,Suspicious Pattern
CLM0002492,0.999,1,Suspicious Pattern
CLM0002981,0.393,1,Inflated Amount
CLM0000565,0.223,0,Fake Identity
CLM0002229,0.704,1,Duplicate Claim
CLM0002256,0.784,1,Fake Identity
CLM0002593,0.235,1,Inflated Amount
CLM0002152,0.109,1,Inflated Amount
CLM0000732,0.294,1,Duplicate Claim
CLM0002044,0.525,1,Fake Identity
CLM0001710,0.381,1,Inflated Amount
CLM0001079,0.155,1,Duplicate Claim
CLM0002091,0.025,0,Fake Identity
CLM0001172,0.506,0,Duplicate Claim
CLM0000150,0.871,1,Suspicious Pattern
CLM0002297,0.595,1,Fake Identity
CLM0001205,0.869,0,Inflated Amount
CLM0000990,0.766,1,Inflated Amount
CLM0000367,0.343,1,Inflated Amount
CLM0002467,0.413,0,Fake Identity
CLM0002309,0.862,0,Fake Identity
CLM0002191,0.705,0,Duplicate Claim
CLM0001994,0.559,0,Inflated Amount
CLM0002915,0.947,0,Suspicious Pattern
CLM0000096,0.047,0,Suspicious Pattern
CLM0002125,0.857,1,Fake Identity
CLM0001105,0.319,1,Suspicious Pattern
CLM0002117,0.649,0,Inflated Amount
CLM0002221,0.915,1,Fake Identity
CLM0001096,0.354,1,Fake Identity
CLM0000303,0.495,0,Suspicious Pattern
CLM0000268,0.323,1,Fake Identity
CLM0001575,0.704,1,Duplicate Claim
CLM0000941,0.13,1,Suspicious Pattern
CLM0001528,0.753,0,Inflated Amount
CLM0000497,0.781,0,Suspicious Pattern
CLM0000050,0.066,1,Fake Identity
CLM0002930,0.4,1,Fake Identity
CLM0002595,0.697,0,Suspicious Pattern
CLM0000845,0.094,0,Duplicate Claim
CLM0001709,0.793,1,Inflated Amount
CLM0000806,0.642,1,Fake Identity
CLM0001438,0.463,0,Inflated Amount
CLM0002829,0.095,0,Suspicious Pattern
CLM0000399,0.071,1,Duplicate Claim
CLM0002387,0.245,1,Suspicious Pattern
CLM0001023,0.79,0,Duplicate Claim
CLM0002342,0.89,1,Inflated Amount
CLM0002282,0.248,0,Inflated Amount
CLM0000608,0.304,0,Inflated Amount
CLM0001236,0.17,0,Inflated Amount
CLM0002388,0.686,0,Fake Identity
CLM0002417,0.028,1,Duplicate Claim
CLM0000816,0.931,1,Fake Identity
CLM0002641,0.275,1,Suspicious Pattern
CLM0000094,0.77,0,Fake Identity
CLM0000260,0.965,1,Fake Identity
CLM0000086,0.147,1,Suspicious Pattern
CLM0002924,0.124,0,Suspicious Pattern
CLM0001420,0.276,1,Fake Identity
CLM0002067,0.59,1,Suspicious Pattern
CLM0000865,0.001,0,Suspicious Pattern
CLM0000704,0.606,0,Duplicate Claim
CLM0001410,0.577,0,Duplicate Claim
CLM0002684,0.046,1,Suspicious Pattern
CLM0002943,0.523,1,Fake Identity
CLM0000711,0.834,0,Fake Identity
CLM0002307,0.299,0,Duplicate Claim
CLM0001140,0.818,1,Suspicious Pattern
CLM0000696,0.442,1,Duplicate Claim
CLM0000892,0.842,1,Duplicate Claim
CLM0000086,0.471,1,Suspicious Pattern
CLM0000446,0.901,1,Duplicate Claim
CLM0000585,0.914,0,Suspicious Pattern
CLM0000719,0.006,0,Suspicious Pattern
CLM0002000,0.386,1,Fake Identity
CLM0001324,0.887,1,Duplicate Claim
CLM0001354,0.014,1,Suspicious Pattern
CLM0002000,0.102,0,Suspicious Pattern
CLM0002188,0.431,1,Fake Identity
CLM0002090,0.98,0,Inflated Amount
CLM0002164,0.927,0,Fake Identity
CLM0001493,0.585,1,Duplicate Claim
CLM0001901,0.253,0,Fake Identity
CLM0000314,0.642,0,Duplicate Claim
CLM0000883,0.323,0,Inflated Amount
CLM0000824,0.653,1,Duplicate Claim
CLM0001687,0.169,1,Duplicate Claim
CLM0002262,0.602,1,Duplicate Claim
CLM0001010,0.692,0,Duplicate Claim
CLM0000693,0.715,0,Fake Identity
CLM0000397,0.977,0,Duplicate Claim
CLM0002655,0.026,0,Inflated Amount
CLM0001425,0.077,0,Suspicious Pattern
CLM0002666,0.605,1,Fake Identity
CLM0001192,0.483,0,Duplicate Claim
CLM0001342,0.629,0,Inflated Amount
CLM0001725,0.694,1,Fake Identity
CLM0001230,0.034,0,Fake Identity
CLM0000483,0.482,1,Duplicate Claim
CLM0001879,0.497,0,Inflated Amount
CLM0002442,0.621,1,Fake Identity
CLM0000203,0.358,1,Duplicate Claim
CLM0002089,0.068,0,Suspicious Pattern
CLM0001028,0.323,1,Duplicate Claim
CLM0000889,0.218,0,Inflated Amount
CLM0001323,0.786,1,Suspicious Pattern
CLM0000550,0.88,1,Duplicate Claim
CLM0001148,0.174,0,Inflated Amount
CLM0001367,0.609,0,Fake Identity
CLM0001004,0.201,0,Suspicious Pattern
CLM0001485,0.832,1,Fake Identity
CLM0001521,0.772,1,Duplicate Claim
CLM0001366,0.582,0,Inflated Amount
CLM0000049,0.317,1,Fake Identity
CLM0000888,0.983,1,Inflated Amount
CLM0001120,0.646,0,Fake Identity
CLM0000362,0.739,0,Inflated Amount
CLM0001383,0.88,1,Fake Identity
CLM0002736,0.824,0,Inflated Amount
CLM0001933,0.821,1,Fake Identity
CLM0000687,0.254,1,Duplicate Claim
CLM0002581,0.316,1,Inflated Amount
CLM0002936,0.393,0,Duplicate Claim
CLM0002768,0.917,0,Fake Identity
CLM0002170,0.057,0,Inflated Amount
CLM0000649,0.259,0,Fake Identity
CLM0000345,0.443,1,Fake Identity
CLM0002384,0.715,0,Duplicate Claim
CLM0001354,0.162,0,Duplicate Claim
CLM0002035,0.507,1,Duplicate Claim
CLM0002332,0.335,0,Fake Identity
CLM0000846,0.216,0,Duplicate Claim
CLM0000261,0.062,1,Duplicate Claim
CLM0000970,0.822,0,Inflated Amount
CLM0000458,0.685,1,Inflated Amount
CLM0002721,0.281,0,Duplicate Claim
CLM0000816,0.389,0,Suspicious Pattern
CLM0001492,0.548,0,Duplicate Claim
CLM0002240,0.321,0,Duplicate Claim
CLM0000863,0.187,0,Duplicate Claim
CLM0001799,0.211,1,Suspicious Pattern
CLM0002651,0.851,1,Fake Identity
CLM0000648,0.485,1,Fake Identity
CLM0001422,0.472,1,Suspicious Pattern
CLM0000264,0.388,0,Inflated Amount
CLM0000259,0.723,0,Suspicious Pattern
CLM0000660,0.83,0,Duplicate Claim
CLM0001471,0.721,1,Suspicious Pattern
CLM0002509,0.485,0,Inflated Amount
CLM0002180,0.201,0,Fake Identity
CLM0000854,0.542,0,Duplicate Claim
CLM0002475,0.726,0,Duplicate Claim
CLM0000051,0.413,0,Fake Identity
CLM0002643,0.991,0,Suspicious Pattern
CLM0001024,0.935,1,Inflated Amount
CLM0001495,0.933,1,Fake Identity
CLM0000785,0.594,1,Inflated Amount
CLM0000388,0.553,1,Duplicate Claim
CLM0001053,0.534,0,Fake Identity
CLM0002399,0.469,0,Suspicious Pattern
CLM0001877,0.161,0,Fake Identity
CLM0002762,0.877,0,Fake Identity
CLM0002217,0.818,0,Duplicate Claim
CLM0000805,0.743,1,Duplicate Claim
CLM0002350,0.69,0,Inflated Amount
CLM0002570,0.466,1,Duplicate Claim
CLM0002788,0.996,1,Duplicate Claim
CLM0002012,0.441,0,Inflated Amount
CLM0000468,0.263,1,Fake Identity
CLM0001175,0.334,0,Fake Identity
CLM0002432,0.715,1,Duplicate Claim
CLM0000698,0.301,0,Suspicious Pattern
CLM0000639,0.669,0,Suspicious Pattern
CLM0002865,0.711,0,Fake Identity
CLM0002842,0.905,0,Inflated Amount
CLM0001132,0.46,1,Fake Identity
CLM0000811,0.49,0,Duplicate Claim
CLM0002972,0.069,1,Inflated Amount
CLM0002133,0.176,0,Fake Identity
CLM0000133,0.252,0,Fake Identity
CLM0002708,0.932,1,Fake Identity
CLM0002217,0.641,1,Suspicious Pattern
CLM0001490,0.902,1,Suspicious Pattern
CLM0001855,0.312,1,Inflated Amount
CLM0001753,0.33,0,Inflated Amount
CLM0000310,0.499,0,Inflated Amount
CLM0002604,0.66,0,Suspicious Pattern
CLM0002938,0.147,0,Inflated Amount
CLM0000765,0.173,0,Fake Identity
CLM0001412,0.803,0,Duplicate Claim
CLM0001357,0.863,0,Duplicate Claim
CLM0000324,0.007,0,Fake Identity
CLM0001178,0.71,0,Fake Identity
CLM0001334,0.358,1,Inflated Amount
CLM0002128,0.343,0,Duplicate Claim
CLM0001314,0.557,1,Inflated Amount
CLM0002399,0.755,1,Inflated Amount
CLM0002666,0.928,0,Suspicious Pattern
CLM0001361,0.011,1,Fake Identity
CLM0002265,0.266,0,Inflated Amount
CLM0000278,0.388,0,Fake Identity
CLM0000340,0.078,1,Duplicate Claim
CLM0002985,0.036,1,Duplicate Claim
CLM0001489,0.994,0,Inflated Amount
CLM0001198,0.646,1,Suspicious Pattern
CLM0002436,0.268,1,Inflated Amount
CLM0001419,0.376,1,Duplicate Claim
CLM0001082,0.707,0,Duplicate Claim
CLM0000295,0.145,1,Suspicious Pattern
CLM0002190,0.425,1,Duplicate Claim
CLM0000244,0.863,0,Suspicious Pattern
CLM0001147,0.271,1,Fake Identity
CLM0002926,0.173,0,Suspicious Pattern
CLM0001233,0.885,0,Suspicious Pattern
CLM0000879,0.95,1,Suspicious Pattern
CLM0002036,0.88,1,Fake Identity
CLM0000763,0.922,0,Suspicious Pattern
CLM0001838,0.408,0,Inflated Amount
CLM0002518,0.468,0,Inflated Amount
CLM0001128,0.621,0,Inflated Amount
CLM0002178,0.059,1,Inflated Amount
CLM0001641,0.682,1,Suspicious Pattern
CLM0000974,0.543,1,Duplicate Claim
CLM0001581,0.937,0,Suspicious Pattern
CLM0000934,0.544,0,Inflated Amount
CLM0002916,0.991,1,Suspicious Pattern
CLM0000551,0.969,1,Suspicious Pattern
CLM0001350,0.402,0,Inflated Amount
CLM0001977,0.034,1,Suspicious Pattern
CLM0000277,0.808,1,Inflated Amount
CLM0001861,0.853,1,Duplicate Claim
CLM0000894,0.553,0,Inflated Amount
CLM0000203,0.733,1,Inflated Amount
CLM0000282,0.477,1,Duplicate Claim
CLM0000375,0.633,1,Fake Identity
CLM0001264,0.512,0,Inflated Amount
CLM0000015,0.48,1,Inflated Amount
CLM0001640,0.82,1,Fake Identity
CLM0002902,0.179,0,Fake Identity
CLM0000324,0.425,1,Inflated Amount
CLM0001069,0.674,1,Inflated Amount
CLM0001650,0.986,1,Fake Identity
CLM0000719,0.572,0,Inflated Amount
CLM0002850,0.55,1,Inflated Amount
CLM0002181,0.508,1,Fake Identity
CLM0002691,0.052,1,Duplicate Claim
CLM0001619,0.651,0,Fake Identity
CLM0001335,0.964,1,Fake Identity
CLM0001285,0.723,0,Duplicate Claim
CLM0000584,0.32,1,Suspicious Pattern
CLM0002389,0.657,0,Inflated Amount
CLM0002884,0.504,0,Inflated Amount
CLM0000404,0.667,1,Inflated Amount
CLM0000501,0.998,1,Duplicate Claim
CLM0001400,0.61,1,Fake Identity
CLM0000254,0.019,1,Suspicious Pattern
CLM0000696,0.254,0,Duplicate Claim
CLM0002054,0.423,1,Suspicious Pattern
CLM0002871,0.07,0,Duplicate Claim
CLM0001880,0.463,1,Fake Identity
CLM0000573,0.452,1,Suspicious Pattern
CLM0001669,0.877,1,Fake Identity
CLM0002205,0.289,1,Fake Identity
CLM0001092,0.408,0,Duplicate Claim
CLM0000622,0.236,1,Suspicious Pattern
CLM0000826,0.8,0,Suspicious Pattern
CLM0001204,0.791,0,Suspicious Pattern
CLM0001171,0.945,0,Fake Identity
CLM0001042,0.832,0,Suspicious Pattern
CLM0002554,0.807,0,Inflated Amount
CLM0001990,0.236,1,Fake Identity
CLM0001311,0.684,1,Duplicate Claim
CLM0001025,0.042,0,Fake Identity
CLM0000006,0.022,0,Inflated Amount
CLM0001061,0.304,0,Duplicate Claim
CLM0001282,0.869,1,Fake Identity
CLM0000058,0.275,0,Fake Identity
CLM0001259,0.929,1,Fake Identity
CLM0002981,0.221,1,Inflated Amount
CLM0001495,0.047,1,Fake Identity
CLM0002348,0.594,1,Fake Identity
CLM0002348,0.817,0,Duplicate Claim
CLM0001009,0.57,0,Inflated Amount
CLM0000283,0.505,0,Fake Identity
CLM0002523,0.439,0,Duplicate Claim
CLM0001573,0.716,1,Inflated Amount
CLM0002904,0.966,1,Duplicate Claim
CLM0001883,0.314,1,Inflated Amount
CLM0000607,0.343,0,Duplicate Claim
CLM0002136,0.067,1,Duplicate Claim
CLM0001601,0.165,1,Fake Identity
CLM0001384,0.526,1,Duplicate Claim
CLM0000992,0.315,0,Inflated Amount
CLM0001816,0.82,1,Inflated Amount
CLM0001035,0.622,0,Inflated Amount
CLM0002098,0.731,0,Suspicious Pattern
CLM0001566,0.442,0,Fake Identity
CLM0000623,0.1,1,Fake Identity
CLM0002721,0.562,1,Suspicious Pattern
CLM0000874,0.259,0,Inflated Amount
CLM0001667,0.522,1,Duplicate Claim
CLM0001400,0.112,0,Inflated Amount
CLM0001877,0.779,1,Duplicate Claim
CLM0002839,0.399,0,Duplicate Claim
CLM0001010,0.665,1,Duplicate Claim
CLM0001208,0.492,0,Duplicate Claim
CLM0001089,0.467,0,Duplicate Claim
CLM0000564,0.382,1,Suspicious Pattern
CLM0002311,0.483,1,Inflated Amount
CLM0002159,0.613,1,Inflated Amount
CLM0000337,0.224,0,Fake Identity
CLM0001699,0.714,0,Inflated Amount
CLM0001936,0.486,0,Duplicate Claim
CLM0000307,0.617,0,Inflated Amount
CLM0002741,0.473,1,Suspicious Pattern
CLM0001987,0.164,1,Duplicate Claim
CLM0002380,0.328,1,Suspicious Pattern
CLM0002356,0.341,0,Fake Identity
CLM0001878,0.405,0,Inflated Amount
CLM0001249,0.319,1,Inflated Amount
CLM0000199,0.675,0,Suspicious Pattern
CLM0001719,0.994,1,Inflated Amount
CLM0000421,0.706,0,Duplicate Claim
CLM0001799,0.959,0,Fake Identity
CLM0002711,0.738,0,Suspicious Pattern
CLM0001665,0.587,0,Duplicate Claim
CLM0002808,0.706,0,Suspicious Pattern
CLM0000233,0.817,0,Inflated Amount
CLM0002316,0.834,0,Fake Identity
CLM0000097,0.128,0,Duplicate Claim
CLM0002811,0.625,0,Suspicious Pattern
CLM0001307,0.16,1,Fake Identity
CLM0000976,0.73,1,Duplicate Claim
CLM0002865,0.006,1,Fake Identity
CLM0001661,0.641,1,Duplicate Claim
CLM0000959,0.049,0,Fake Identity
CLM0002611,0.901,1,Inflated Amount
CLM0000152,0.744,0,Suspicious Pattern
CLM0000313,0.921,1,Inflated Amount
CLM0000429,0.485,1,Inflated Amount
CLM0001825,0.003,0,Duplicate Claim
CLM0000206,0.934,0,Fake Identity
CLM0000587,0.269,1,Inflated Amount
CLM0000538,0.335,1,Duplicate Claim
CLM0000884,0.553,1,Duplicate Claim
CLM0000460,0.217,0,Suspicious Pattern
CLM0002274,0.96,1,Duplicate Claim
CLM0000633,0.13,0,Suspicious Pattern
CLM0002425,0.334,0,Suspicious Pattern
CLM0000101,0.962,0,Fake Identity
CLM0001769,0.991,0,Fake Identity
CLM0000987,0.642,0,Fake Identity
CLM0000080,0.785,1,Fake Identity
CLM0001986,0.577,0,Fake Identity
CLM0000778,0.464,1,Duplicate Claim
CLM0000130,0.346,1,Duplicate Claim
CLM0000305,0.235,1,Duplicate Claim
CLM0000975,0.266,1,Inflated Amount
CLM0001934,0.487,1,Fake Identity
CLM0001727,0.943,0,Duplicate Claim
CLM0000937,0.87,0,Fake Identity
CLM0000508,0.327,0,Suspicious Pattern
CLM0001127,0.952,0,Inflated Amount
CLM0001966,0.158,0,Inflated Amount
CLM0001573,0.543,0,Duplicate Claim
CLM0001391,0.689,0,Inflated Amount
CLM0001515,0.942,1,Fake Identity
CLM0001783,0.235,1,Suspicious Pattern
CLM0002934,0.308,1,Suspicious Pattern
CLM0002085,0.117,1,Fake Identity
CLM0000421,0.336,1,Duplicate Claim
CLM0000771,0.838,0,Inflated Amount
CLM0000444,0.416,1,Duplicate Claim
CLM0002431,0.989,1,Suspicious Pattern
CLM0001132,0.397,1,Suspicious Pattern
CLM0002416,0.718,1,Duplicate Claim
CLM0001659,0.4,1,Fake Identity
CLM0002721,0.238,0,Duplicate Claim
CLM0001750,0.178,0,Suspicious Pattern
CLM0000751,0.174,0,Fake Identity
CLM0001273,0.646,1,Duplicate Claim
CLM0000961,0.074,1,Suspicious Pattern
CLM0000432,0.638,1,Fake Identity
CLM0001600,0.415,0,Fake Identity
CLM0001084,0.663,1,Duplicate Claim
CLM0000659,0.022,0,Duplicate Claim
CLM0001467,0.138,1,Duplicate Claim
CLM0001834,0.873,0,Inflated Amount
CLM0000015,1.0,0,Duplicate Claim
CLM0001331,0.842,1,Fake Identity
CLM0002941,0.126,0,Fake Identity
CLM0000208,0.201,1,Fake Identity
CLM0001315,0.176,1,Duplicate Claim
CLM0001127,0.868,1,Inflated Amount
CLM0001291,0.827,0,Inflated Amount
CLM0001415,0.411,1,Fake Identity
CLM0002718,0.124,0,Suspicious Pattern
CLM0002606,0.889,0,Inflated Amount
CLM0001090,0.582,0,Inflated Amount
CLM0000513,0.977,0,Suspicious Pattern
CLM0001919,0.282,1,Duplicate Claim
CLM0000403,0.037,1,Fake Identity
CLM0002673,0.982,1,Fake Identity
CLM0000175,0.353,0,Inflated Amount
CLM0001687,0.448,0,Fake Identity
CLM0001296,0.087,1,Duplicate Claim
CLM0002062,0.593,1,Inflated Amount
CLM0001274,0.26,0,Inflated Amount
CLM0002310,0.681,0,Suspicious Pattern
CLM0002308,0.76,1,Suspicious Pattern
CLM0001861,0.288,0,Duplicate Claim
CLM0002851,0.441,0,Duplicate Claim
CLM0002714,0.345,1,Suspicious Pattern
CLM0001969,0.979,1,Duplicate Claim
CLM0002295,0.848,1,Duplicate Claim
CLM0000197,0.421,0,Inflated Amount
CLM0002861,0.514,1,Suspicious Pattern
CLM0001894,0.984,1,Fake Identity
CLM0001182,0.272,0,Suspicious Pattern
CLM0002108,0.885,1,Suspicious Pattern
CLM0001824,0.942,0,Duplicate Claim
CLM0000099,0.46,0,Fake Identity
CLM0001823,0.248,1,Fake Identity
CLM0000980,0.155,0,Duplicate Claim
CLM0000946,0.073,0,Fake Identity
CLM0001597,0.182,0,Fake Identity
CLM0002193,0.337,0,Fake Identity
CLM0002227,0.773,0,Fake Identity
CLM0000655,0.388,1,Inflated Amount
CLM0002188,0.363,1,Inflated Amount
CLM0000011,0.844,1,Suspicious Pattern
CLM0002922,0.595,0,Duplicate Claim
CLM0000584,0.46,1,Fake Identity
CLM0000579,0.63,1,Suspicious Pattern
CLM0002785,0.56,0,Inflated Amount
CLM0002676,0.444,1,Suspicious Pattern
CLM0002073,0.4,1,Duplicate Claim
CLM0000806,0.885,1,Fake Identity
CLM0001897,0.184,0,Fake Identity
CLM0002737,0.158,1,Inflated Amount
CLM0001259,0.801,0,Duplicate Claim
CLM0000195,0.121,1,Fake Identity
CLM0002456,0.97,1,Inflated Amount
CLM0000724,0.279,0,Inflated Amount
CLM0000655,0.853,1,Duplicate Claim
CLM0002861,0.647,1,Inflated Amount
CLM0000365,0.809,1,Duplicate Claim
CLM0001577,0.4,0,Duplicate Claim
CLM0002950,0.203,0,Duplicate Claim
CLM0000818,0.948,0,Suspicious Pattern
CLM0002417,0.787,1,Duplicate Claim
CLM0001730,0.15,0,Suspicious Pattern
CLM0000126,0.443,1,Suspicious Pattern
CLM0002145,0.33,0,Fake Identity
CLM0001614,0.155,1,Suspicious Pattern
CLM0000136,0.592,1,Fake Identity
CLM0002425,0.74,1,Suspicious Pattern
CLM0002506,0.234,1,Inflated Amount
CLM0001638,0.55,0,Inflated Amount
CLM0000202,0.201,0,Suspicious Pattern
CLM0001235,0.661,1,Duplicate Claim
CLM0002539,0.699,1,Fake Identity
CLM0001241,0.502,1,Inflated Amount
CLM0001945,0.665,1,Duplicate Claim
CLM0002942,0.699,0,Suspicious Pattern
CLM0002719,0.912,1,Inflated Amount
CLM0000879,0.835,0,Fake Identity
CLM0002949,0.822,0,Suspicious Pattern
CLM0000847,0.022,0,Suspicious Pattern
CLM0002460,0.263,0,Duplicate Claim
CLM0000584,0.193,1,Inflated Amount
CLM0000364,0.994,1,Fake Identity
CLM0002189,0.564,0,Fake Identity
CLM0000583,0.174,0,Fake Identity
CLM0001941,0.57,0,Suspicious Pattern
CLM0001681,0.694,1,Fake Identity
CLM0002209,0.823,0,Duplicate Claim
CLM0001003,0.279,1,Fake Identity
CLM0000930,0.558,1,Duplicate Claim
CLM0001928,0.302,1,Fake Identity
CLM0001773,0.45,0,Suspicious Pattern
CLM0000486,0.407,0,Fake Identity
CLM0001279,0.214,1,Fake Identity
CLM0001993,0.293,0,Fake Identity
CLM0000641,0.257,1,Inflated Amount
CLM0001653,0.811,0,Suspicious Pattern
CLM0002654,0.145,1,Fake Identity
CLM0002861,0.972,0,Suspicious Pattern
CLM0001086,0.402,0,Duplicate Claim
CLM0002911,0.226,0,Fake Identity
CLM0001348,0.763,0,Inflated Amount
CLM0000676,0.092,0,Suspicious Pattern
CLM0001679,0.815,0,Duplicate Claim
CLM0000376,0.311,1,Duplicate Claim
CLM0000114,0.172,0,Inflated Amount
CLM0001102,0.845,0,Fake Identity
CLM0000945,0.595,0,Suspicious Pattern
CLM0002066,0.538,1,Fake Identity
CLM0002187,0.299,1,Duplicate Claim
CLM0002384,0.501,1,Duplicate Claim
CLM0001227,0.781,1,Duplicate Claim
CLM0001931,0.477,1,Duplicate Claim
CLM0001785,0.631,0,Inflated Amount
CLM0002523,0.039,0,Duplicate Claim
CLM0000439,0.593,0,Duplicate Claim
CLM0001467,0.231,1,Duplicate Claim
CLM0000836,0.735,1,Suspicious Pattern
CLM0000063,0.314,0,Suspicious Pattern
CLM0001916,0.294,1,Fake Identity
CLM0002233,0.415,0,Suspicious Pattern
CLM0001178,0.118,0,Inflated Amount
CLM0001386,0.754,1,Fake Identity
CLM0002893,0.628,1,Fake Identity
CLM0000854,0.281,1,Inflated Amount
CLM0000880,0.772,1,Fake Identity
CLM0000616,0.962,0,Duplicate Claim
CLM0002133,0.857,1,Duplicate Claim
CLM0001675,0.414,0,Suspicious Pattern
CLM0000186,0.294,0,Duplicate Claim
CLM0001858,0.008,0,Inflated Amount
CLM0002685,0.259,0,Duplicate Claim
CLM0000346,0.116,1,Duplicate Claim
CLM0001653,0.828,0,Fake Identity
CLM0002804,0.777,0,Suspicious Pattern
CLM0002814,0.471,0,Duplicate Claim
CLM0002509,0.117,1,Inflated Amount
CLM0000975,0.52,1,Fake Identity
CLM0002034,0.531,1,Suspicious Pattern
CLM0001399,0.631,1,Inflated Amount
CLM0000051,0.526,0,Inflated Amount
CLM0000639,0.1,0,Suspicious Pattern
CLM0000230,0.639,0,Fake Identity
CLM0001714,0.991,1,Inflated Amount
CLM0001171,0.633,1,Duplicate Claim
CLM0001018,0.363,1,Inflated Amount
CLM0000940,0.622,1,Fake Identity
CLM0001516,0.559,0,Fake Identity
CLM0002123,0.095,1,Duplicate Claim
CLM0000513,0.634,0,Duplicate Claim
CLM0000862,0.653,1,Inflated Amount
CLM0001943,0.35,0,Fake Identity
CLM0002928,0.301,0,Fake Identity
CLM0001045,0.497,0,Duplicate Claim
CLM0000412,0.145,1,Inflated Amount
CLM0000395,0.092,0,Duplicate Claim
CLM0001688,0.755,1,Duplicate Claim
CLM0002627,0.183,0,Suspicious Pattern
CLM0001697,0.248,1,Duplicate Claim
CLM0000077,0.381,0,Fake Identity
CLM0002346,0.719,0,Fake Identity
CLM0002873,0.567,1,Suspicious Pattern
CLM0001680,0.458,0,Fake Identity
CLM0001108,0.984,0,Fake Identity
CLM0002263,0.471,0,Suspicious Pattern
CLM0002750,0.587,0,Inflated Amount
CLM0002954,0.083,1,Suspicious Pattern
CLM0001215,0.272,0,Fake Identity
CLM0001303,0.293,0,Suspicious Pattern
CLM0000465,0.223,1,Inflated Amount
CLM0000946,0.296,0,Fake Identity
CLM0002120,0.484,0,Fake Identity
CLM0002564,0.856,1,Suspicious Pattern
CLM0001864,0.645,1,Suspicious Pattern
CLM0000151,0.798,0,Fake Identity
CLM0001058,0.488,0,Fake Identity
CLM0000481,0.568,1,Suspicious Pattern
CLM0002318,0.069,0,Inflated Amount
CLM0002517,0.141,0,Duplicate Claim
CLM0002564,0.831,1,Duplicate Claim
CLM0002522,0.993,0,Duplicate Claim
CLM0001874,0.783,1,Fake Identity
CLM0001573,0.197,0,Duplicate Claim
CLM0001729,0.025,0,Suspicious Pattern
CLM0002238,0.039,1,Inflated Amount
CLM0000592,0.268,1,Inflated Amount
CLM0002615,0.881,0,Inflated Amount
CLM0000544,0.213,0,Suspicious Pattern
CLM0001742,0.643,0,Duplicate Claim
CLM0001968,0.138,0,Inflated Amount
CLM0002171,0.707,1,Fake Identity
CLM0000039,0.147,0,Inflated Amount
CLM0001526,0.384,0,Suspicious Pattern
CLM0001931,0.206,0,Duplicate Claim
CLM0001341,0.277,1,Duplicate Claim
CLM0002691,0.71,0,Suspicious Pattern
CLM0002191,0.562,0,Suspicious Pattern
CLM0002056,0.101,0,Duplicate Claim
CLM0000765,0.834,0,Duplicate Claim
CLM0000090,0.604,0,Inflated Amount
CLM0001364,0.282,1,Inflated Amount
CLM0001586,0.399,0,Fake Identity
CLM0000066,0.882,0,Inflated Amount
CLM0000801,0.326,1,Suspicious Pattern
CLM0000177,0.279,1,Suspicious Pattern
CLM0002449,0.211,1,Fake Identity
CLM0000297,0.788,0,Suspicious Pattern
CLM0000531,0.255,1,Duplicate Claim
CLM0001484,0.474,0,Suspicious Pattern
CLM0002059,0.01,0,Suspicious Pattern
CLM0000060,0.959,0,Fake Identity
CLM0000021,0.833,0,Inflated Amount
CLM0001452,0.653,0,Duplicate Claim
CLM0001883,0.307,1,Inflated Amount
CLM0002023,0.188,0,Duplicate Claim
CLM0000509,0.438,0,Fake Identity
CLM0000598,0.224,1,Inflated Amount
CLM0000525,0.937,0,Duplicate Claim
CLM0000686,0.734,0,Inflated Amount
CLM0002357,0.69,1,Duplicate Claim
CLM0001721,0.679,1,Inflated Amount
CLM0001719,0.765,0,Fake Identity
CLM0001035,0.044,1,Inflated Amount
CLM0001617,0.258,1,Suspicious Pattern
CLM0002191,0.576,1,Suspicious Pattern
CLM0002046,0.218,1,Inflated Amount
CLM0001192,0.6,0,Duplicate Claim
CLM0001634,0.959,0,Inflated Amount
CLM0000655,0.332,1,Fake Identity
CLM0000239,0.757,1,Inflated Amount
CLM0002973,0.433,1,Duplicate Claim
CLM0002725,0.717,0,Inflated Amount
CLM0002415,0.063,1,Suspicious Pattern
CLM0002293,0.365,1,Fake Identity
CLM0000955,0.726,1,Inflated Amount
CLM0001072,0.846,1,Duplicate Claim
CLM0002490,0.417,0,Inflated Amount
CLM0002602,0.551,1,Fake Identity
CLM0002058,0.966,1,Suspicious Pattern
CLM0001936,0.455,1,Suspicious Pattern
CLM0000104,0.236,1,Suspicious Pattern
CLM0001885,0.021,0,Inflated Amount
CLM0002642,0.922,1,Duplicate Claim
CLM0000612,0.054,0,Fake Identity
CLM0000950,0.239,0,Inflated Amount
CLM0002808,0.857,0,Fake Identity
CLM0000758,0.939,0,Duplicate Claim
CLM0002147,0.666,1,Suspicious Pattern
CLM0001986,0.259,1,Fake Identity
CLM0000601,0.268,0,Fake Identity
CLM0000604,0.505,1,Fake Identity
CLM0001655,0.934,0,Duplicate Claim
CLM0000869,0.947,1,Fake Identity
CLM0000171,0.431,1,Inflated Amount
CLM0001327,0.321,0,Fake Identity
CLM0001811,0.387,1,Inflated Amount
CLM0001169,0.234,0,Fake Identity
CLM0002134,0.172,1,Inflated Amount
CLM0002804,0.684,0,Duplicate Claim
CLM0001871,0.26,0,Duplicate Claim
CLM0000957,0.83,0,Fake Identity
CLM0000413,0.247,0,Inflated Amount
CLM0000702,0.55,0,Fake Identity
CLM0000839,0.71,0,Suspicious Pattern
CLM0000850,0.653,0,Suspicious Pattern
CLM0001227,0.113,1,Fake Identity
CLM0001160,0.275,0,Suspicious Pattern
CLM0002683,0.017,1,Fake Identity
CLM0001853,0.59,0,Inflated Amount
CLM0000103,0.616,0,Inflated Amount
CLM0002984,0.476,1,Fake Identity
CLM0000921,0.634,1,Duplicate Claim
CLM0000846,0.851,1,Duplicate Claim
CLM0002658,0.254,0,Suspicious Pattern
CLM0002058,0.538,0,Duplicate Claim
CLM0000503,0.135,1,Inflated Amount
CLM0001332,0.235,0,Suspicious Pattern
CLM0000435,0.305,0,Inflated Amount
CLM0001766,0.712,0,Fake Identity
CLM0001672,0.147,0,Inflated Amount
CLM0001046,0.696,1,Fake Identity
CLM0000940,0.094,1,Duplicate Claim
CLM0001402,0.68,0,Fake Identity
CLM0000881,0.783,1,Inflated Amount
CLM0000549,0.902,1,Duplicate Claim
CLM0000703,0.83,0,Suspicious Pattern
CLM0002007,0.639,0,Inflated Amount
CLM0001411,0.788,0,Duplicate Claim
CLM0002221,0.719,0,Suspicious Pattern
CLM0002138,0.473,0,Suspicious Pattern
CLM0002921,0.787,0,Inflated Amount
CLM0002813,0.005,1,Suspicious Pattern
CLM0002538,0.804,1,Suspicious Pattern
CLM0000550,0.924,0,Inflated Amount
CLM0000852,0.914,0,Duplicate Claim
CLM0002172,0.999,1,Duplicate Claim
CLM0002514,0.279,0,Duplicate Claim
CLM0001577,0.137,0,Suspicious Pattern
CLM0001870,0.493,0,Fake Identity
CLM0002012,0.343,0,Fake Identity
CLM0002526,0.457,1,Inflated Amount
CLM0000306,0.363,0,Inflated Amount
CLM0001444,0.855,1,Duplicate Claim
CLM0001403,0.543,0,Suspicious Pattern
CLM0002237,0.793,1,Inflated Amount
CLM0000338,0.298,0,Duplicate Claim
CLM0000199,0.395,0,Suspicious Pattern
CLM0001291,0.286,1,Duplicate Claim
CLM0001710,0.971,1,Inflated Amount
CLM0002804,0.445,0,Duplicate Claim
CLM0000253,0.41,0,Inflated Amount
CLM0001215,0.84,1,Suspicious Pattern
CLM0000834,0.757,1,Suspicious Pattern
CLM0002443,0.92,0,Suspicious Pattern
CLM0000616,0.754,0,Duplicate Claim
CLM0002682,0.347,0,Suspicious Pattern
CLM0001036,0.302,0,Fake Identity
CLM0002436,0.685,0,Duplicate Claim
CLM0000596,0.13,0,Inflated Amount
CLM0001893,0.089,1,Fake Identity
CLM0001795,0.794,0,Inflated Amount
CLM0002091,0.636,0,Duplicate Claim
CLM0001794,0.219,1,Duplicate Claim
CLM0002521,0.669,1,Inflated Amount
CLM0002560,0.309,1,Inflated Amount
CLM0000559,0.284,0,Fake Identity
CLM0002392,0.273,0,Fake Identity
CLM0000252,0.507,1,Fake Identity
CLM0001555,0.941,1,Inflated Amount
CLM0002016,0.948,0,Inflated Amount
CLM0002561,0.546,0,Inflated Amount
CLM0001986,0.869,0,Inflated Amount
CLM0001079,0.505,0,Inflated Amount
CLM0001762,0.492,0,Duplicate Claim
CLM0000878,0.038,1,Duplicate Claim
CLM0002361,0.745,0,Duplicate Claim
CLM0001754,0.637,1,Fake Identity
CLM0001556,0.367,0,Suspicious Pattern
CLM0000782,0.147,0,Suspicious Pattern
CLM0002981,0.99,0,Duplicate Claim
CLM0000875,0.817,0,Inflated Amount
CLM0000840,0.627,0,Duplicate Claim
CLM0001141,0.017,0,Inflated Amount
CLM0000252,0.87,1,Duplicate Claim
CLM0000959,0.61,0,Fake Identity
CLM0001541,0.158,1,Suspicious Pattern
CLM0002987,0.814,1,Suspicious Pattern
CLM0000852,0.604,0,Inflated Amount
CLM0000583,0.531,1,Inflated Amount
CLM0000051,0.14,1,Duplicate Claim
CLM0000709,0.255,0,Duplicate Claim
CLM0000504,0.69,0,Fake Identity
CLM0001775,0.35,0,Suspicious Pattern
CLM0001264,0.347,1,Inflated Amount
CLM0002089,0.18,1,Duplicate Claim
CLM0002775,0.206,0,Duplicate Claim
CLM0001943,0.674,1,Inflated Amount
CLM0000913,0.922,1,Fake Identity
CLM0000541,0.054,0,Inflated Amount
CLM0001156,0.492,1,Inflated Amount
CLM0002245,0.956,1,Fake Identity
CLM0002048,0.535,0,Inflated Amount
CLM0000654,0.423,1,Inflated Amount
CLM0000805,0.29,1,Duplicate Claim
CLM0001450,0.754,0,Fake Identity
CLM0002232,0.895,1,Suspicious Pattern
CLM0000774,0.99,0,Fake Identity
CLM0002415,0.309,0,Fake Identity
CLM0001803,0.127,0,Duplicate Claim
CLM0000727,0.724,0,Suspicious Pattern
CLM0002452,0.831,0,Fake Identity
CLM0002770,0.873,0,Inflated Amount
CLM0000398,0.604,0,Inflated Amount
CLM0001793,0.96,0,Inflated Amount
CLM0002816,0.112,1,Suspicious Pattern
CLM0001727,0.308,1,Fake Identity
CLM0002409,0.3,0,Fake Identity
CLM0002647,0.399,1,Fake Identity
CLM0000223,0.751,1,Suspicious Pattern
CLM0001678,0.02,0,Duplicate Claim
CLM0001607,0.017,0,Duplicate Claim
CLM0000561,0.137,1,Suspicious Pattern
CLM0002950,0.186,0,Inflated Amount
CLM0000688,0.989,1,Inflated Amount
CLM0000663,0.258,1,Fake Identity
CLM0002856,0.457,0,Fake Identity
CLM0000717,0.029,1,Fake Identity
CLM0002745,0.93,1,Duplicate Claim
CLM0001659,0.047,0,Inflated Amount
CLM0000658,0.902,1,Inflated Amount
CLM0001953,0.2,0,Duplicate Claim
CLM0001147,0.909,1,Suspicious Pattern
CLM0002567,0.331,1,Fake Identity
CLM0002037,0.477,0,Suspicious Pattern
CLM0001772,0.711,1,Suspicious Pattern
CLM0002158,0.743,0,Fake Identity
CLM0002625,0.034,1,Suspicious Pattern
CLM0000167,0.019,0,Suspicious Pattern
CLM0000574,0.322,1,Fake Identity
CLM0001919,0.512,1,Suspicious Pattern
CLM0001058,0.873,0,Inflated Amount
CLM0000346,0.181,1,Inflated Amount
CLM0000492,0.373,1,Suspicious Pattern
CLM0002685,0.435,1,Suspicious Pattern
CLM0002491,0.488,1,Fake Identity
CLM0001871,0.705,0,Suspicious Pattern
CLM0002620,0.91,0,Suspicious Pattern
CLM0002810,0.129,1,Duplicate Claim
CLM0002548,0.47,1,Fake Identity
CLM0002372,0.985,1,Suspicious Pattern
CLM0001604,0.599,1,Duplicate Claim
CLM0001785,0.849,0,Inflated Amount
CLM0002475,0.89,0,Inflated Amount
CLM0002666,0.071,1,Inflated Amount
CLM0002341,0.481,1,Inflated Amount
CLM0000178,0.962,1,Fake Identity
CLM0002588,0.149,0,Inflated Amount
CLM0001956,0.188,0,Suspicious Pattern
CLM0002005,0.506,1,Duplicate Claim
CLM0001809,0.133,1,Suspicious Pattern
CLM0000607,0.86,0,Fake Identity
CLM0000702,0.763,1,Fake Identity
CLM0002530,0.85,1,Fake Identity
CLM0000559,0.405,0,Fake Identity
CLM0002993,0.647,0,Duplicate Claim
CLM0000856,0.327,1,Inflated Amount
CLM0000226,0.063,0,Duplicate Claim
CLM0001815,0.775,1,Suspicious Pattern
CLM0000844,0.972,0,Fake Identity
CLM0001745,0.286,1,Duplicate Claim
CLM0001349,0.288,0,Suspicious Pattern
CLM0000842,0.207,1,Duplicate Claim
CLM0001469,0.427,0,Fake Identity
CLM0002027,0.376,0,Duplicate Claim
CLM0002285,0.885,1,Fake Identity
CLM0001744,0.79,0,Inflated Amount
CLM0000279,0.881,1,Inflated Amount
CLM0000433,0.919,0,Fake Identity
CLM0000960,0.679,0,Duplicate Claim
CLM0000663,0.643,1,Suspicious Pattern
CLM0002977,0.466,1,Duplicate Claim
CLM0000051,0.083,1,Suspicious Pattern
CLM0002384,0.446,0,Fake Identity
CLM0001634,0.363,0,Suspicious Pattern
CLM0000488,0.378,1,Fake Identity
CLM0001059,0.501,0,Suspicious Pattern
CLM0000636,0.527,1,Fake Identity
CLM0002587,0.216,1,Suspicious Pattern
CLM0000112,0.275,0,Suspicious Pattern
CLM0001188,0.203,1,Suspicious Pattern
CLM0000694,0.736,1,Inflated Amount
CLM0002852,0.964,1,Fake Identity
CLM0000573,0.245,1,Duplicate Claim
CLM0002977,0.864,0,Fake Identity
CLM0000193,0.73,1,Suspicious Pattern
CLM0000386,0.306,0,Fake Identity
CLM0002060,0.525,1,Duplicate Claim
CLM0002695,0.61,0,Duplicate Claim
CLM0000941,0.771,1,Suspicious Pattern
CLM0002055,0.544,0,Duplicate Claim
CLM0000113,0.656,0,Suspicious Pattern
CLM0000016,0.321,1,Fake Identity
CLM0001597,0.123,1,Inflated Amount
CLM0002235,0.06,0,Fake Identity
CLM0001504,0.292,0,Inflated Amount
CLM0001180,0.668,0,Suspicious Pattern
CLM0002755,0.089,1,Duplicate Claim
CLM0001956,0.739,0,Fake Identity
CLM0001584,0.407,0,Duplicate Claim
CLM0001777,0.468,0,Duplicate Claim
CLM0001816,0.213,0,Fake Identity
CLM0002293,0.697,1,Duplicate Claim
CLM0001896,0.97,1,Fake Identity
CLM0000240,0.401,0,Duplicate Claim
CLM0002750,0.116,0,Suspicious Pattern
CLM0001174,0.017,0,Suspicious Pattern
CLM0000838,0.866,0,Fake Identity
CLM0000841,0.705,1,Fake Identity
CLM0000868,0.846,0,Suspicious Pattern
CLM0002191,0.393,0,Fake Identity
CLM0001862,0.633,0,Duplicate Claim
CLM0000942,0.388,1,Fake Identity
CLM0002063,0.329,0,Duplicate Claim
CLM0001356,0.59,0,Suspicious Pattern
CLM0002446,0.218,1,Suspicious Pattern
CLM0000066,0.729,0,Duplicate Claim
CLM0002002,0.634,1,Duplicate Claim
CLM0002622,0.406,0,Fake Identity
CLM0001307,0.285,0,Fake Identity
CLM0002257,0.36,1,Duplicate Claim
CLM0000812,0.311,0,Fake Identity
CLM0001067,0.361,0,Duplicate Claim
CLM0001606,0.016,1,Duplicate Claim
CLM0000958,0.34,1,Suspicious Pattern
CLM0001387,0.541,1,Duplicate Claim
CLM0002201,0.482,0,Inflated Amount
CLM0002405,0.141,0,Duplicate Claim
CLM0001393,0.947,0,Fake Identity
CLM0000748,0.184,1,Duplicate Claim
CLM0002448,0.578,0,Inflated Amount
CLM0001052,0.371,0,Inflated Amount
CLM0000107,0.673,1,Inflated Amount
CLM0001863,0.436,1,Duplicate Claim
CLM0001920,0.041,0,Fake Identity
CLM0000735,0.634,1,Suspicious Pattern
CLM0001182,0.926,1,Inflated Amount
CLM0001277,0.87,0,Duplicate Claim
CLM0001411,0.328,1,Suspicious Pattern
CLM0001709,0.325,1,Fake Identity
CLM0000069,0.588,0,Suspicious Pattern
CLM0001635,0.197,1,Duplicate Claim
CLM0002232,0.628,0,Inflated Amount
CLM0001668,0.801,0,Fake Identity
CLM0001533,0.204,1,Fake Identity
CLM0001481,0.958,0,Fake Identity
CLM0002678,0.503,1,Inflated Amount
CLM0002217,0.218,1,Fake Identity
CLM0002548,0.067,1,Fake Identity
CLM0001889,0.287,0,Fake Identity
CLM0002215,0.473,0,Duplicate Claim
CLM0001148,0.479,0,Fake Identity
CLM0002886,0.204,1,Duplicate Claim
CLM0002376,0.258,1,Fake Identity
CLM0000539,0.678,1,Suspicious Pattern
CLM0002531,0.775,1,Fake Identity
CLM0001307,0.108,0,Duplicate Claim
CLM0000168,0.666,1,Fake Identity
CLM0002703,0.916,1,Duplicate Claim
CLM0000942,0.035,0,Inflated Amount
CLM0001608,0.613,1,Duplicate Claim
CLM0002719,0.583,1,Inflated Amount
CLM0002156,0.236,1,Fake Identity
CLM0002504,0.825,1,Duplicate Claim
CLM0001959,0.007,0,Inflated Amount
CLM0001246,0.929,1,Suspicious Pattern
CLM0002392,0.598,1,Duplicate Claim
CLM0001702,0.491,0,Duplicate Claim
CLM0002031,0.74,1,Duplicate Claim
CLM0002080,0.942,1,Suspicious Pattern
CLM0001274,0.822,1,Inflated Amount
CLM0000432,0.568,1,Inflated Amount
CLM0000823,0.126,0,Inflated Amount
CLM0001991,0.381,1,Fake Identity
CLM0001623,0.873,1,Duplicate Claim
CLM0002557,0.851,1,Fake Identity
CLM0000093,0.42,0,Inflated Amount
CLM0001312,0.473,0,Fake Identity
CLM0002861,0.684,0,Inflated Amount
CLM0002097,0.439,0,Fake Identity
CLM0001136,0.089,0,Suspicious Pattern
CLM0001270,0.73,1,Suspicious Pattern
CLM0002598,0.65,0,Suspicious Pattern
CLM0000386,0.199,1,Suspicious Pattern
CLM0000808,0.803,0,Duplicate Claim
CLM0000062,0.817,1,Duplicate Claim
CLM0001160,0.247,1,Duplicate Claim
CLM0000702,0.141,0,Duplicate Claim
CLM0001206,0.196,1,Inflated Amount
CLM0000502,0.493,1,Duplicate Claim
CLM0000969,0.319,1,Fake Identity
CLM0002063,0.673,1,Suspicious Pattern
CLM0001817,0.521,1,Duplicate Claim
CLM0002240,0.671,1,Fake Identity
CLM0000579,0.221,0,Suspicious Pattern
CLM0000203,0.591,1,Fake Identity
CLM0002016,0.883,0,Suspicious Pattern
CLM0001112,0.584,0,Inflated Amount
CLM0002313,0.689,1,Inflated Amount
CLM0001440,0.95,0,Fake Identity
CLM0001926,0.886,0,Suspicious Pattern
CLM0002260,0.225,0,Inflated Amount
CLM0002662,0.816,1,Inflated Amount
CLM0002668,0.98,1,Suspicious Pattern
CLM0001296,0.789,0,Inflated Amount
CLM0001331,0.129,0,Inflated Amount
CLM0001372,0.62,0,Duplicate Claim
CLM0002347,0.653,0,Duplicate Claim
CLM0000471,0.147,1,Fake Identity
CLM0002695,0.555,0,Fake Identity
CLM0001292,0.923,1,Fake Identity
CLM0000275,0.295,1,Inflated Amount
CLM0002863,0.807,1,Duplicate Claim
CLM0000757,0.643,0,Suspicious Pattern
CLM0000374,0.675,1,Suspicious Pattern
CLM0002112,0.3,1,Suspicious Pattern
CLM0002034,0.757,0,Fake Identity
CLM0001245,0.637,1,Duplicate Claim
CLM0002759,0.524,1,Fake Identity
CLM0001723,0.491,0,Inflated Amount
CLM0001684,0.307,0,Duplicate Claim
CLM0002997,0.202,0,Suspicious Pattern
CLM0001503,0.767,0,Fake Identity
CLM0000234,0.199,0,Duplicate Claim
CLM0000550,0.167,1,Suspicious Pattern
CLM0001790,0.851,0,Duplicate Claim
CLM0002148,0.08,0,Inflated Amount
CLM0002662,0.153,1,Suspicious Pattern
CLM0001380,0.091,0,Duplicate Claim
CLM0001088,0.958,1,Suspicious Pattern
CLM0002644,0.105,1,Suspicious Pattern
CLM0002921,0.006,0,Inflated Amount
CLM0002607,0.612,1,Duplicate Claim
CLM0001969,0.713,0,Suspicious Pattern
CLM0001893,0.178,0,Inflated Amount
CLM0002917,0.349,1,Duplicate Claim
CLM0000500,0.31,0,Suspicious Pattern
CLM0000210,0.724,1,Fake Identity
CLM0002482,0.394,1,Inflated Amount
CLM0001538,0.529,1,Duplicate Claim
CLM0001516,0.776,0,Suspicious Pattern
CLM0000970,0.493,1,Suspicious Pattern
CLM0001585,0.726,1,Inflated Amount
CLM0002492,0.567,1,Inflated Amount
CLM0000265,0.713,1,Inflated Amount
CLM0001303,0.091,0,Suspicious Pattern
CLM0000054,0.978,1,Fake Identity
CLM0000042,0.087,1,Duplicate Claim
CLM0000197,0.636,0,Fake Identity
CLM0001843,0.023,1,Inflated Amount
CLM0001647,0.517,1,Duplicate Claim
CLM0002001,0.096,0,Inflated Amount
CLM0001004,0.09,0,Duplicate Claim
CLM0001288,0.285,1,Inflated Amount
CLM0000551,0.242,0,Suspicious Pattern
CLM0002687,0.137,1,Fake Identity
CLM0001303,0.579,1,Suspicious Pattern
CLM0001593,0.885,0,Inflated Amount
CLM0000877,0.917,0,Inflated Amount
CLM0000602,0.29,1,Duplicate Claim
CLM0000957,0.865,0,Fake Identity
CLM0000166,0.968,0,Inflated Amount
CLM0001579,0.312,0,Fake Identity
CLM0001202,0.937,1,Fake Identity
CLM0000969,0.426,0,Suspicious Pattern
CLM0001574,0.464,1,Suspicious Pattern
CLM0002822,0.48,1,Duplicate Claim
CLM0000773,0.731,1,Duplicate Claim
CLM0001482,0.261,1,Duplicate Claim
CLM0001350,0.24,0,Suspicious Pattern
CLM0001933,0.63,0,Fake Identity
CLM0001446,0.558,0,Inflated Amount
CLM0002960,0.071,1,Duplicate Claim
CLM0001105,0.903,0,Fake Identity
CLM0002464,0.291,1,Suspicious Pattern
CLM0001668,0.751,1,Fake Identity
CLM0001207,0.578,1,Inflated Amount
CLM0002867,0.572,0,Fake Identity
CLM0002332,0.859,0,Suspicious Pattern
CLM0002813,0.88,0,Duplicate Claim
CLM0002438,0.56,1,Duplicate Claim
CLM0001796,0.428,0,Duplicate Claim
CLM0002304,0.62,0,Duplicate Claim
CLM0002677,0.12,0,Duplicate Claim
CLM0000879,0.42,0,Fake Identity
CLM0001928,0.662,0,Duplicate Claim
CLM0002333,0.763,0,Duplicate Claim
CLM0001470,0.721,0,Suspicious Pattern
CLM0000380,0.175,0,Duplicate Claim
CLM0002862,0.612,1,Duplicate Claim
CLM0001519,0.09,0,Inflated Amount
CLM0001199,0.596,1,Fake Identity
CLM0001027,0.746,1,Fake Identity
CLM0002545,0.631,1,Duplicate Claim
CLM0001929,0.625,1,Inflated Amount
CLM0000474,0.653,1,Inflated Amount
CLM0000652,0.418,1,Inflated Amount
CLM0000651,0.385,0,Suspicious Pattern
CLM0002918,0.445,1,Duplicate Claim
CLM0000026,0.211,1,Inflated Amount
CLM0001721,0.454,0,Inflated Amount
CLM0001107,0.905,0,Duplicate Claim
CLM0000592,0.291,0,Duplicate Claim
CLM0000060,0.431,0,Inflated Amount
CLM0000901,0.646,1,Fake Identity
CLM0001728,0.767,0,Duplicate Claim
CLM0001781,0.009,0,Fake Identity
CLM0002185,0.664,1,Fake Identity
CLM0001183,0.143,0,Fake Identity
CLM0001789,0.744,0,Duplicate Claim
CLM0000765,0.136,0,Fake Identity
CLM0002518,0.75,0,Duplicate Claim
CLM0000682,0.946,0,Duplicate Claim
CLM0001616,0.224,0,Fake Identity
CLM0000404,0.009,1,Inflated Amount
CLM0000077,0.111,1,Inflated Amount
CLM0001326,0.919,1,Duplicate Claim
CLM0001727,0.47,0,Fake Identity
CLM0002833,0.538,1,Fake Identity
CLM0002709,0.153,0,Suspicious Pattern
CLM0000818,0.987,0,Inflated Amount
CLM0002704,0.182,0,Fake Identity
CLM0000893,0.602,1,Duplicate Claim
CLM0001239,0.569,1,Duplicate Claim
CLM0001547,0.065,0,Fake Identity
CLM0001466,0.996,1,Suspicious Pattern
CLM0002799,0.55,0,Inflated Amount
CLM0002038,0.156,0,Fake Identity
CLM0002413,0.755,0,Duplicate Claim
CLM0001755,0.392,1,Suspicious Pattern
CLM0002481,0.67,1,Suspicious Pattern
CLM0001785,0.223,0,Duplicate Claim
CLM0000155,0.922,0,Duplicate Claim
CLM0001690,0.041,1,Inflated Amount
CLM0001500,0.02,0,Duplicate Claim
CLM0002156,0.865,0,Duplicate Claim
CLM0000865,0.544,0,Fake Identity
CLM0002618,0.342,1,Fake Identity
CLM0001125,0.141,0,Suspicious Pattern
CLM0002131,0.06,0,Inflated Amount
CLM0001032,0.295,0,Inflated Amount
CLM0001876,0.811,1,Fake Identity
CLM0000860,0.192,1,Duplicate Claim
CLM0002584,0.979,1,Suspicious Pattern
CLM0001724,0.792,0,Duplicate Claim
CLM0002570,0.012,0,Duplicate Claim
CLM0000888,0.55,0,Fake Identity
CLM0002828,0.396,0,Duplicate Claim
CLM0002363,0.444,1,Fake Identity
CLM0002898,0.444,1,Inflated Amount
CLM0001151,0.851,0,Suspicious Pattern
CLM0002152,0.686,0,Duplicate Claim
CLM0000791,0.291,1,Suspicious Pattern
CLM0001725,0.516,1,Fake Identity
CLM0001958,0.487,0,Suspicious Pattern
CLM0001248,0.287,1,Duplicate Claim
CLM0000862,0.62,1,Fake Identity
CLM0000117,0.632,0,Duplicate Claim
CLM0001845,0.107,0,Inflated Amount
CLM0000698,0.089,1,Inflated Amount
CLM0002813,0.03,0,Fake Identity
CLM0002343,0.592,0,Fake Identity
CLM0002143,0.996,1,Suspicious Pattern
CLM0000784,0.909,1,Inflated Amount
CLM0000525,0.461,0,Fake Identity
CLM0002168,0.319,0,Suspicious Pattern
CLM0002908,0.733,0,Inflated Amount
CLM0001123,0.335,1,Duplicate Claim
CLM0000694,0.035,0,Inflated Amount
CLM0001271,0.517,0,Duplicate Claim
CLM0001276,0.321,0,Fake Identity
CLM0000178,0.044,1,Suspicious Pattern
CLM0001309,0.76,0,Inflated Amount
CLM0000211,0.573,0,Duplicate Claim
CLM0000644,0.349,0,Inflated Amount
CLM0000768,0.417,0,Duplicate Claim
CLM0002495,0.078,1,Fake Identity
CLM0002196,0.124,1,Fake Identity
CLM0000462,0.419,1,Inflated Amount
CLM0002067,0.151,0,Duplicate Claim
CLM0002727,0.19,1,Fake Identity
CLM0002567,0.369,1,Suspicious Pattern
CLM0000283,0.524,0,Suspicious Pattern
CLM0000116,0.558,1,Duplicate Claim
CLM0002657,0.49,0,Fake Identity
CLM0001661,0.073,0,Duplicate Claim
CLM0000254,0.08,0,Duplicate Claim
CLM0001828,0.206,1,Suspicious Pattern
CLM0001124,0.876,1,Duplicate Claim
CLM0000024,0.112,1,Suspicious Pattern
CLM0000064,0.722,1,Duplicate Claim
CLM0001275,0.819,0,Fake Identity
CLM0002530,0.105,1,Suspicious Pattern
CLM0000609,0.597,0,Duplicate Claim
CLM0001177,0.769,0,Duplicate Claim
CLM0000854,0.803,0,Inflated Amount
CLM0000961,0.029,1,Fake Identity
CLM0002854,0.535,0,Inflated Amount
CLM0000860,0.186,0,Inflated Amount
CLM0000656,0.889,0,Duplicate Claim
CLM0000431,0.465,0,Suspicious Pattern
CLM0001813,0.416,0,Inflated Amount
CLM0002446,0.207,0,Suspicious Pattern
CLM0000737,0.196,0,Duplicate Claim
CLM0000682,0.991,0,Inflated Amount
CLM0000789,0.068,1,Fake Identity
CLM0002451,0.042,1,Fake Identity
CLM0001027,0.266,1,Inflated Amount
CLM0002387,0.367,1,Inflated Amount
CLM0000911,0.388,1,Fake Identity
CLM0000658,0.192,0,Duplicate Claim
CLM0000825,0.939,0,Suspicious Pattern
CLM0000315,0.902,0,Suspicious Pattern
CLM0000827,0.497,1,Inflated Amount
CLM0000111,0.754,0,Duplicate Claim
CLM0002262,0.225,1,Suspicious Pattern
CLM0002679,0.855,1,Duplicate Claim
CLM0002726,0.412,1,Duplicate Claim
CLM0001075,0.134,0,Fake Identity
CLM0002260,0.793,0,Fake Identity
CLM0001897,0.481,0,Inflated Amount
CLM0001507,0.607,1,Inflated Amount
CLM0002107,0.917,0,Fake Identity
CLM0002037,0.572,0,Duplicate Claim
CLM0002406,0.266,1,Suspicious Pattern
CLM0002570,0.343,1,Suspicious Pattern
CLM0002337,0.856,1,Inflated Amount
CLM0000727,0.813,1,Inflated Amount
CLM0002207,0.74,1,Fake Identity
CLM0001936,0.129,0,Inflated Amount
CLM0001828,0.194,0,Suspicious Pattern
CLM0000727,0.703,1,Inflated Amount
CLM0001996,0.278,1,Inflated Amount
CLM0002093,0.711,1,Duplicate Claim
CLM0000025,0.693,0,Fake Identity
CLM0000368,0.589,1,Duplicate Claim
CLM0001432,0.988,1,Fake Identity
CLM0000219,0.874,1,Duplicate Claim
CLM0000993,0.121,0,Inflated Amount
CLM0001939,0.733,0,Duplicate Claim
CLM0001473,0.849,0,Suspicious Pattern
CLM0002461,0.872,0,Duplicate Claim
CLM0001117,0.514,0,Suspicious Pattern
CLM0000301,0.858,1,Suspicious Pattern
CLM0001726,0.854,1,Fake Identity
CLM0000299,0.554,0,Suspicious Pattern
CLM0001639,0.541,1,Suspicious Pattern
CLM0001980,0.615,1,Suspicious Pattern
CLM0001561,0.157,0,Inflated Amount
CLM0001633,0.739,1,Fake Identity
CLM0001826,0.89,1,Inflated Amount
CLM0002729,0.56,0,Suspicious Pattern
CLM0000142,0.737,0,Suspicious Pattern
CLM0001904,0.522,0,Inflated Amount
CLM0002300,0.562,0,Inflated Amount
CLM0001554,0.577,1,Duplicate Claim
CLM0000916,0.256,0,Duplicate Claim
CLM0000199,0.765,0,Suspicious Pattern
CLM0000798,0.417,1,Inflated Amount
CLM0001181,0.06,0,Fake Identity
CLM0000877,0.485,1,Fake Identity
CLM0002188,0.124,1,Suspicious Pattern
CLM0001941,0.799,1,Duplicate Claim
CLM0001482,0.171,0,Suspicious Pattern
CLM0001570,0.903,0,Fake Identity
CLM0000609,0.888,1,Inflated Amount
CLM0000070,0.888,1,Suspicious Pattern
CLM0002748,0.317,0,Fake Identity
CLM0001877,0.317,0,Inflated Amount
CLM0001401,0.362,0,Fake Identity
CLM0001720,0.881,0,Duplicate Claim
CLM0000699,0.381,1,Fake Identity
CLM0003000,0.566,1,Suspicious Pattern
CLM0001116,0.971,1,Duplicate Claim
CLM0000826,0.698,1,Suspicious Pattern
CLM0002377,0.797,1,Fake Identity
CLM0000213,0.459,0,Duplicate Claim
CLM0002410,0.757,0,Suspicious Pattern
CLM0000311,0.799,0,Fake Identity
CLM0000720,0.683,1,Inflated Amount
CLM0000851,0.999,1,Fake Identity
CLM0002934,0.079,1,Fake Identity
CLM0000288,0.832,1,Suspicious Pattern
CLM0001804,0.217,1,Fake Identity
CLM0000116,0.627,0,Suspicious Pattern
CLM0001450,0.817,0,Suspicious Pattern
CLM0001729,0.65,1,Inflated Amount
CLM0000687,0.274,1,Inflated Amount
CLM0000627,0.307,0,Duplicate Claim
CLM0000939,0.6,1,Fake Identity
CLM0002039,0.905,1,Suspicious Pattern
CLM0002346,0.657,1,Inflated Amount
CLM0002166,0.424,1,Suspicious Pattern
CLM0002785,0.865,0,Duplicate Claim
CLM0002734,0.299,0,Fake Identity
CLM0000758,0.527,0,Suspicious Pattern
CLM0001805,0.309,0,Inflated Amount
CLM0001309,0.785,0,Inflated Amount
CLM0000386,0.201,1,Suspicious Pattern
CLM0001526,0.656,0,Suspicious Pattern
CLM0001663,0.66,1,Suspicious Pattern
CLM0002240,0.931,1,Fake Identity
CLM0000808,0.441,0,Inflated Amount
CLM0002955,0.496,1,Duplicate Claim
CLM0002355,0.599,0,Duplicate Claim
CLM0000179,0.127,0,Inflated Amount
CLM0001532,0.455,0,Inflated Amount
CLM0002251,0.15,0,Inflated Amount
CLM0000991,0.788,1,Duplicate Claim
CLM0001925,0.327,1,Suspicious Pattern
CLM0000195,0.437,0,Duplicate Claim
CLM0000694,0.283,1,Inflated Amount
CLM0000082,0.257,1,Suspicious Pattern
CLM0002453,0.988,1,Duplicate Claim
CLM0000843,0.833,1,Fake Identity
CLM0000973,0.449,0,Duplicate Claim
CLM0001781,0.828,0,Suspicious Pattern
CLM0001101,0.677,0,Suspicious Pattern
CLM0002620,0.409,0,Suspicious Pattern
CLM0002627,0.028,1,Inflated Amount
CLM0000538,0.914,0,Duplicate Claim
CLM0002917,0.227,1,Fake Identity
CLM0002138,0.725,0,Inflated Amount
CLM0002406,0.815,0,Duplicate Claim
CLM0001423,0.587,0,Fake Identity
CLM0000405,0.657,0,Duplicate Claim
CLM0002236,0.069,1,Fake Identity
CLM0000973,0.56,0,Fake Identity
CLM0001082,0.297,0,Duplicate Claim
CLM0002066,0.568,1,Inflated Amount
CLM0001232,0.604,0,Fake Identity
CLM0001781,0.073,0,Inflated Amount
CLM0002891,0.437,0,Fake Identity
CLM0000858,0.847,1,Suspicious Pattern
CLM0002921,0.121,1,Suspicious Pattern
CLM0001601,0.749,0,Fake Identity
CLM0002272,0.552,1,Suspicious Pattern
CLM0000749,0.614,1,Fake Identity
CLM0002810,0.022,1,Inflated Amount
CLM0000961,0.864,0,Duplicate Claim
CLM0001456,0.903,1,Fake Identity
CLM0000647,0.624,1,Duplicate Claim
CLM0001422,0.988,1,Suspicious Pattern
CLM0001129,0.302,1,Fake Identity
CLM0000653,0.209,0,Fake Identity
CLM0001497,0.147,1,Fake Identity
CLM0001380,0.181,0,Fake Identity
CLM0000657,0.034,0,Duplicate Claim
CLM0000631,0.703,1,Duplicate Claim
CLM0001957,0.773,0,Suspicious Pattern
CLM0002014,0.012,1,Inflated Amount
CLM0000977,0.234,1,Fake Identity
CLM0001674,0.218,1,Duplicate Claim
CLM0000238,0.634,0,Duplicate Claim
CLM0000738,0.788,0,Duplicate Claim
CLM0001815,0.719,0,Duplicate Claim
CLM0002703,0.762,0,Inflated Amount
CLM0001095,0.713,1,Fake Identity
CLM0002723,0.76,0,Fake Identity
CLM0002895,0.562,1,Fake Identity
CLM0002746,0.546,0,Duplicate Claim
CLM0002987,0.822,1,Fake Identity
CLM0001063,0.612,1,Inflated Amount
CLM0000059,0.146,1,Inflated Amount
CLM0000713,0.866,1,Duplicate Claim
CLM0000033,0.482,0,Duplicate Claim
CLM0002850,0.252,0,Fake Identity
CLM0001559,0.376,0,Inflated Amount
CLM0001080,0.57,0,Suspicious Pattern
CLM0002806,0.394,1,Duplicate Claim
CLM0000096,0.592,0,Fake Identity
CLM0001429,0.561,1,Suspicious Pattern
CLM0002496,0.552,0,Inflated Amount
CLM0001196,0.566,0,Duplicate Claim
CLM0000986,0.319,1,Duplicate Claim
CLM0002900,0.862,1,Fake Identity
CLM0000847,0.532,1,Duplicate Claim
CLM0001259,0.046,1,Suspicious Pattern
CLM0002728,0.295,0,Duplicate Claim
CLM0001252,0.717,0,Fake Identity
CLM0001493,0.666,1,Duplicate Claim
CLM0000151,0.195,1,Duplicate Claim
CLM0001093,0.998,0,Suspicious Pattern
CLM0001532,0.626,1,Duplicate Claim
CLM0000034,0.327,1,Duplicate Claim
CLM0000664,0.393,1,Fake Identity
CLM0002458,0.92,0,Fake Identity
CLM0001608,0.431,0,Suspicious Pattern
CLM0002056,0.241,1,Fake Identity
CLM0002922,0.344,0,Inflated Amount
CLM0002650,0.53,1,Duplicate Claim
CLM0000692,0.158,0,Duplicate Claim
CLM0001964,0.051,1,Inflated Amount
CLM0002395,0.404,1,Inflated Amount
CLM0002255,0.896,0,Inflated Amount
CLM0000338,0.927,1,Duplicate Claim
CLM0000128,0.832,0,Inflated Amount
CLM0000921,0.17,1,Suspicious Pattern
CLM0000453,0.049,0,Fake Identity
CLM0002675,0.528,1,Suspicious Pattern
CLM0002988,0.677,1,Inflated Amount
CLM0002775,0.656,0,Fake Identity
CLM0000388,0.271,1,Inflated Amount
CLM0000863,0.338,1,Suspicious Pattern
CLM0002771,0.968,1,Fake Identity
CLM0002760,0.427,0,Duplicate Claim
CLM0001638,0.648,1,Suspicious Pattern
CLM0000367,0.501,0,Duplicate Claim
CLM0002980,0.855,0,Fake Identity
CLM0001065,0.838,1,Fake Identity
CLM0002173,0.649,0,Suspicious Pattern
CLM0002323,0.932,0,Inflated Amount
CLM0000912,0.208,1,Fake Identity
CLM0001853,0.537,1,Duplicate Claim
CLM0000523,0.234,1,Duplicate Claim
CLM0001666,0.103,0,Duplicate Claim
CLM0001029,0.772,1,Inflated Amount
CLM0000483,0.613,1,Inflated Amount
CLM0002295,0.104,0,Inflated Amount
CLM0002368,0.989,0,Fake Identity
CLM0002065,0.084,0,Fake Identity
CLM0000189,0.687,1,Suspicious Pattern
CLM0000087,0.604,0,Inflated Amount
CLM0002742,0.414,1,Suspicious Pattern
CLM0002347,0.861,0,Fake Identity
CLM0001023,0.35,1,Inflated Amount
CLM0000594,0.823,0,Suspicious Pattern
CLM0000195,0.593,1,Suspicious Pattern
CLM0001826,0.393,0,Inflated Amount
CLM0000216,0.344,1,Fake Identity
CLM0000507,0.261,0,Duplicate Claim
CLM0000194,0.017,0,Fake Identity
CLM0002516,0.621,1,Inflated Amount
CLM0001608,0.454,0,Inflated Amount
CLM0001532,0.337,0,Duplicate Claim
CLM0001771,0.176,1,Suspicious Pattern
CLM0001948,0.001,0,Fake Identity
CLM0002761,0.676,1,Inflated Amount
CLM0001852,0.86,1,Duplicate Claim
CLM0000182,0.352,0,Fake Identity
CLM0002891,0.541,0,Suspicious Pattern
CLM0001877,0.598,1,Fake Identity
CLM0002484,0.247,0,Fake Identity
CLM0002748,0.488,0,Inflated Amount
CLM0002353,0.666,0,Inflated Amount
CLM0001883,0.876,1,Duplicate Claim
CLM0001453,0.807,0,Suspicious Pattern
CLM0002484,0.869,0,Duplicate Claim
CLM0002240,0.997,0,Suspicious Pattern
CLM0000294,0.262,0,Fake Identity
CLM0001863,0.727,1,Duplicate Claim
CLM0000004,0.561,1,Inflated Amount
CLM0001329,0.586,0,Suspicious Pattern
CLM0002499,0.29,1,Inflated Amount
CLM0000153,0.849,1,Inflated Amount
CLM0001088,0.789,0,Inflated Amount
CLM0002675,0.821,0,Duplicate Claim
CLM0002072,0.997,0,Inflated Amount
CLM0001089,0.309,1,Inflated Amount
CLM0002100,0.975,1,Duplicate Claim
CLM0002227,0.21,0,Inflated Amount
CLM0001266,0.091,1,Fake Identity
CLM0000882,0.01,0,Duplicate Claim
CLM0001269,0.234,0,Inflated Amount
CLM0000327,0.313,1,Suspicious Pattern
CLM0000025,0.309,0,Duplicate Claim
CLM0001006,0.93,0,Inflated Amount
CLM0000709,0.313,1,Suspicious Pattern
CLM0002354,0.659,1,Fake Identity
CLM0000652,0.985,1,Suspicious Pattern
CLM0001252,0.294,0,Inflated Amount
CLM0000532,0.975,1,Fake Identity
CLM0000182,0.763,0,Fake Identity
CLM0002460,0.813,0,Fake Identity
CLM0000690,0.569,0,Duplicate Claim
CLM0000787,0.778,1,Fake Identity
CLM0001775,0.61,0,Fake Identity
CLM0002036,0.485,0,Fake Identity
CLM0001974,0.854,1,Duplicate Claim
CLM0000358,0.821,1,Suspicious Pattern
CLM0001086,0.396,0,Fake Identity
CLM0002419,0.041,0,Fake Identity
CLM0000775,0.926,0,Inflated Amount
CLM0000255,0.782,0,Fake Identity
CLM0001348,0.858,0,Duplicate Claim
CLM0000855,0.024,0,Suspicious Pattern
CLM0002653,0.874,0,Inflated Amount
CLM0000336,0.469,1,Duplicate Claim
CLM0001705,0.91,1,Inflated Amount
CLM0002386,0.692,0,Fake Identity
CLM0001503,0.426,0,Suspicious Pattern
CLM0000314,0.124,0,Suspicious Pattern
CLM0002187,0.558,0,Fake Identity
CLM0001431,0.709,1,Fake Identity
CLM0000268,0.904,0,Fake Identity
CLM0001475,0.885,0,Suspicious Pattern
CLM0001495,0.259,1,Duplicate Claim
CLM0001315,0.075,1,Fake Identity
CLM0002555,0.47,0,Inflated Amount
CLM0002476,0.276,0,Fake Identity
CLM0001205,0.317,0,Suspicious Pattern
CLM0001829,0.667,1,Duplicate Claim
CLM0001304,0.747,0,Duplicate Claim
CLM0001023,0.734,1,Fake Identity
CLM0002771,0.817,0,Suspicious Pattern
CLM0002181,0.043,0,Fake Identity
CLM0001226,0.965,1,Suspicious Pattern
CLM0000925,0.338,1,Fake Identity
CLM0001331,0.367,0,Duplicate Claim
CLM0000367,0.632,1,Duplicate Claim
CLM0000376,0.225,0,Inflated Amount
CLM0001657,0.678,1,Fake Identity
CLM0002205,0.262,0,Duplicate Claim
CLM0002381,0.702,1,Suspicious Pattern
CLM0001313,0.818,1,Fake Identity
CLM0001065,0.9,0,Suspicious Pattern
CLM0000769,0.408,0,Fake Identity
CLM0001087,0.807,1,Suspicious Pattern
CLM0002537,0.465,0,Inflated Amount
CLM0002682,0.246,0,Inflated Amount
CLM0002642,0.732,0,Duplicate Claim
CLM0000024,0.295,1,Inflated Amount
CLM0000511,0.171,1,Duplicate Claim
CLM0001030,0.121,0,Fake Identity
CLM0000739,0.398,1,Duplicate Claim
CLM0001272,0.746,0,Inflated Amount
CLM0002885,0.814,0,Duplicate Claim
CLM0002791,0.835,0,Fake Identity
CLM0001582,0.428,0,Fake Identity
CLM0000369,0.038,1,Fake Identity
CLM0001891,0.178,0,Duplicate Claim
CLM0001674,0.195,0,Suspicious Pattern
CLM0000338,0.504,1,Fake Identity
CLM0001815,0.916,1,Inflated Amount
CLM0002085,0.13,1,Suspicious Pattern
CLM0000088,0.034,0,Duplicate Claim
CLM0000160,0.0,1,Duplicate Claim
CLM0000673,0.901,0,Fake Identity
CLM0001769,0.822,1,Inflated Amount
CLM0002120,0.963,1,Duplicate Claim
CLM0000173,0.7,0,Suspicious Pattern
CLM0000655,0.611,1,Duplicate Claim
CLM0001510,0.123,0,Duplicate Claim
CLM0000679,0.576,0,Fake Identity
CLM0001056,0.791,1,Suspicious Pattern
CLM0000747,0.869,1,Suspicious Pattern
CLM0002408,0.87,0,Inflated Amount
CLM0001422,0.303,1,Duplicate Claim
CLM0001578,0.19,1,Suspicious Pattern
CLM0000362,0.148,0,Suspicious Pattern
CLM0001567,0.644,0,Inflated Amount
CLM0002066,0.07,0,Fake Identity
CLM0002772,0.871,0,Fake Identity
CLM0001048,0.808,0,Inflated Amount
CLM0000784,0.007,0,Suspicious Pattern
CLM0002187,0.588,1,Inflated Amount
CLM0000918,0.633,0,Fake Identity
CLM0000051,0.906,0,Inflated Amount
CLM0002724,0.535,1,Inflated Amount
CLM0002499,0.052,1,Duplicate Claim
CLM0000014,0.683,1,Inflated Amount
CLM0001891,0.35,0,Suspicious Pattern
CLM0000763,0.51,1,Fake Identity
CLM0001363,0.239,0,Fake Identity
CLM0002940,0.86,1,Suspicious Pattern
CLM0000194,0.588,0,Suspicious Pattern
CLM0001516,0.745,1,Fake Identity
CLM0000365,0.15,1,Inflated Amount
CLM0000888,0.565,1,Suspicious Pattern
CLM0002586,0.302,0,Inflated Amount
CLM0000589,0.026,0,Duplicate Claim
CLM0001130,0.729,0,Suspicious Pattern
CLM0002827,0.979,1,Duplicate Claim
CLM0000675,0.728,1,Inflated Amount
CLM0000682,0.084,1,Inflated Amount
CLM0000354,0.63,1,Inflated Amount
CLM0002856,0.829,1,Duplicate Claim
CLM0001654,0.161,1,Fake Identity
CLM0000004,0.981,1,Fake Identity
CLM0002480,0.624,1,Suspicious Pattern
CLM0002913,0.982,0,Duplicate Claim
CLM0000685,0.63,1,Suspicious Pattern
CLM0002135,0.669,1,Inflated Amount
CLM0001544,0.76,0,Suspicious Pattern
CLM0000359,0.804,0,Inflated Amount
CLM0000076,0.878,0,Duplicate Claim
CLM0001042,0.752,0,Fake Identity
CLM0001137,0.459,0,Duplicate Claim
CLM0000644,0.254,1,Fake Identity
CLM0000585,0.397,1,Suspicious Pattern
CLM0001265,0.92,1,Duplicate Claim
CLM0002604,0.863,1,Suspicious Pattern
CLM0000573,0.362,1,Duplicate Claim
CLM0001628,0.423,1,Fake Identity
CLM0000120,0.294,1,Inflated Amount
CLM0000794,0.622,0,Duplicate Claim
CLM0000578,0.36,0,Duplicate Claim
CLM0001365,0.803,1,Suspicious Pattern
CLM0000530,0.476,0,Suspicious Pattern
CLM0002937,0.22,1,Inflated Amount
CLM0001632,0.446,1,Fake Identity
CLM0002639,0.735,0,Duplicate Claim
CLM0002874,0.454,0,Inflated Amount
CLM0002098,0.572,0,Inflated Amount
CLM0000894,0.914,1,Inflated Amount
CLM0001712,0.713,1,Fake Identity
CLM0002031,0.997,1,Duplicate Claim
CLM0002375,0.077,0,Duplicate Claim
CLM0002513,0.75,1,Inflated Amount
CLM0001029,0.733,0,Inflated Amount
CLM0000439,0.109,0,Inflated Amount
CLM0001785,0.966,1,Fake Identity
CLM0000125,0.845,0,Duplicate Claim
CLM0002206,0.512,1,Inflated Amount
CLM0002372,0.22,1,Duplicate Claim
CLM0000709,0.186,0,Fake Identity
CLM0001833,0.128,0,Fake Identity
CLM0001405,0.193,1,Suspicious Pattern
CLM0001429,0.925,1,Inflated Amount
CLM0001428,0.635,0,Duplicate Claim
CLM0000293,0.125,1,Suspicious Pattern
CLM0001530,0.922,1,Inflated Amount
CLM0002016,0.054,1,Duplicate Claim
CLM0002545,0.409,0,Duplicate Claim
CLM0002260,0.743,0,Inflated Amount
CLM0002431,0.822,0,Fake Identity
CLM0002825,0.843,0,Duplicate Claim
CLM0001748,0.945,1,Suspicious Pattern
CLM0001399,0.268,1,Duplicate Claim
CLM0001247,0.382,1,Suspicious Pattern
CLM0000213,0.634,0,Suspicious Pattern
CLM0001115,0.877,1,Suspicious Pattern
CLM0000319,0.601,1,Inflated Amount
CLM0000026,0.272,0,Duplicate Claim
CLM0002343,0.802,1,Inflated Amount
CLM0001082,0.902,1,Inflated Amount
CLM0000620,0.008,0,Fake Identity
CLM0000211,0.005,0,Inflated Amount
CLM0001128,0.954,0,Fake Identity
CLM0001645,0.557,0,Duplicate Claim
CLM0001732,0.088,1,Suspicious Pattern
CLM0000629,0.356,0,Suspicious Pattern
CLM0001071,0.567,0,Inflated Amount
CLM0002759,0.625,1,Inflated Amount
CLM0002833,0.163,0,Duplicate Claim
CLM0001418,0.84,1,Duplicate Claim
CLM0001835,0.545,1,Duplicate Claim
CLM0001166,0.525,0,Duplicate Claim
CLM0000887,0.541,0,Inflated Amount
CLM0002441,0.062,0,Fake Identity
CLM0002256,0.752,0,Suspicious Pattern
CLM0001291,0.081,0,Fake Identity
CLM0002715,0.463,0,Fake Identity
CLM0001758,0.589,1,Duplicate Claim
CLM0000782,0.211,0,Duplicate Claim
CLM0000797,0.482,0,Duplicate Claim
CLM0000139,0.286,1,Suspicious Pattern
CLM0001196,0.71,1,Fake Identity
CLM0001038,0.534,1,Suspicious Pattern
CLM0002523,0.093,0,Duplicate Claim
CLM0001663,0.6,1,Inflated Amount
CLM0001027,0.136,1,Suspicious Pattern
CLM0001676,0.003,1,Fake Identity
CLM0002830,0.146,0,Inflated Amount
CLM0001321,0.004,1,Duplicate Claim
CLM0002833,0.988,0,Duplicate Claim
CLM0002769,0.634,1,Duplicate Claim
CLM0001776,0.626,1,Fake Identity
CLM0000866,0.933,0,Inflated Amount
CLM0001246,0.128,0,Inflated Amount
CLM0002647,0.028,0,Fake Identity
CLM0001817,0.683,1,Fake Identity
CLM0002294,0.618,0,Inflated Amount
CLM0000800,0.905,0,Fake Identity
CLM0002455,0.323,1,Fake Identity
CLM0002985,0.553,1,Fake Identity
CLM0002512,0.565,0,Duplicate Claim
CLM0001248,0.257,1,Duplicate Claim
CLM0002347,0.36,1,Duplicate Claim
CLM0001994,0.348,0,Inflated Amount
CLM0001081,0.844,1,Fake Identity
CLM0002722,0.376,0,Duplicate Claim
CLM0001337,0.623,0,Suspicious Pattern
CLM0001948,0.374,1,Inflated Amount
CLM0002099,0.085,1,Duplicate Claim
