payment_id,policy_id,premium_paid,payment_date,payment_status
PAY0000001,POL0000413,2490.73,2020-09-24,Paid
PAY0000002,POL0002652,3897.86,2021-05-12,Paid
PAY0000003,POL0000960,2802.76,2019-08-18,Paid
PAY0000004,POL0000186,4765.1,2020-04-08,Paid
PAY0000005,POL0001577,462.9,2022-09-26,Paid
PAY0000006,POL0000051,1597.55,2018-03-09,Paid
PAY0000007,POL0001170,1259.45,2019-07-03,Paid
PAY0000008,POL0000355,3884.59,2020-08-05,Pending
PAY0000009,POL0002411,2714.21,2019-03-10,Pending
PAY0000010,POL0002584,864.05,2022-08-02,Paid
PAY0000011,POL0001308,1570.85,2023-09-04,Paid
PAY0000012,POL0000036,2708.76,2020-04-25,Paid
PAY0000013,POL0000277,4981.42,2022-06-24,Paid
PAY0000014,POL0001720,1948.6,2021-04-14,Failed
PAY0000015,POL0001349,952.77,2020-07-19,Paid
PAY0000016,POL0002230,2585.92,2019-01-23,Paid
PAY0000017,POL0002519,1688.89,2021-07-29,Paid
PAY0000018,POL0001836,2916.64,2023-04-12,Pending
PAY0000019,POL0002465,2440.21,2023-06-19,Paid
PAY0000020,POL0000889,3509.55,2018-07-22,Paid
PAY0000021,POL0000404,4588.6,2020-03-22,Paid
PAY0000022,POL0000514,1162.47,2020-08-31,Paid
PAY0000023,POL0002614,4141.66,2020-09-20,Failed
PAY0000024,POL0002489,4756.48,2022-08-10,Paid
PAY0000025,POL0001270,1993.33,2019-06-26,Paid
PAY0000026,POL0001070,745.58,2019-12-24,Failed
PAY0000027,POL0002123,4145.17,2024-04-22,Failed
PAY0000028,POL0001173,3565.26,2023-04-11,Paid
PAY0000029,POL0002454,1221.02,2021-04-05,Paid
PAY0000030,POL0002051,2337.07,2021-06-09,Failed
PAY0000031,POL0001033,2974.36,2021-12-15,Pending
PAY0000032,POL0000514,1015.3,2021-08-20,Pending
PAY0000033,POL0002588,3631.58,2020-02-23,Paid
PAY0000034,POL0000290,3511.44,2022-09-15,Pending
PAY0000035,POL0002229,4458.21,2021-11-20,Paid
PAY0000036,POL0002314,2922.91,2024-09-02,Paid
PAY0000037,POL0000083,2956.7,2018-12-12,Paid
PAY0000038,POL0001885,3173.06,2022-06-15,Paid
PAY0000039,POL0002306,1514.16,2021-03-06,Paid
PAY0000040,POL0001584,3841.31,2021-05-07,Paid
PAY0000041,POL0001670,3380.0,2018-03-24,Paid
PAY0000042,POL0001836,4227.9,2023-10-17,Paid
PAY0000043,POL0000950,3889.21,2023-11-29,Failed
PAY0000044,POL0002247,3265.15,2023-10-16,Paid
PAY0000045,POL0001316,972.28,2021-11-10,Paid
PAY0000046,POL0000648,4611.91,2020-09-15,Paid
PAY0000047,POL0000266,1962.62,2022-03-23,Pending
PAY0000048,POL0002918,4828.63,2023-11-21,Paid
PAY0000049,POL0002779,2128.98,2023-04-20,Failed
PAY0000050,POL0000861,900.5,2022-01-12,Paid
PAY0000051,POL0000019,4447.23,2023-07-19,Paid
PAY0000052,POL0000371,4016.28,2024-10-13,Pending
PAY0000053,POL0001851,3974.22,2020-08-16,Paid
PAY0000054,POL0000619,629.17,2018-07-08,Paid
PAY0000055,POL0000643,4420.54,2018-05-26,Paid
PAY0000056,POL0001546,3062.72,2023-12-13,Failed
PAY0000057,POL0002427,2457.71,2018-01-24,Pending
PAY0000058,POL0001735,4583.22,2020-11-23,Paid
PAY0000059,POL0000817,3397.0,2021-03-12,Paid
PAY0000060,POL0002872,838.55,2021-10-28,Pending
PAY0000061,POL0002138,2693.78,2020-08-07,Paid
PAY0000062,POL0002192,3255.76,2021-10-31,Paid
PAY0000063,POL0001831,4513.04,2022-04-21,Paid
PAY0000064,POL0002669,1543.49,2019-05-26,Paid
PAY0000065,POL0000864,4012.32,2022-12-07,Pending
PAY0000066,POL0000204,4039.1,2019-02-06,Paid
PAY0000067,POL0001931,814.64,2022-03-06,Paid
PAY0000068,POL0001529,282.72,2018-09-17,Paid
PAY0000069,POL0002913,2990.77,2020-03-04,Pending
PAY0000070,POL0002201,3989.5,2021-07-08,Paid
PAY0000071,POL0000529,2861.27,2019-01-14,Paid
PAY0000072,POL0000339,4104.07,2024-08-13,Paid
PAY0000073,POL0002797,3187.06,2020-01-15,Paid
PAY0000074,POL0001975,3335.8,2024-03-13,Paid
PAY0000075,POL0001533,335.14,2018-03-06,Paid
PAY0000076,POL0001080,625.27,2023-09-05,Pending
PAY0000077,POL0000556,3680.14,2022-04-06,Paid
PAY0000078,POL0002801,3861.65,2022-05-31,Paid
PAY0000079,POL0000931,2802.45,2021-05-20,Paid
PAY0000080,POL0002599,3032.79,2019-08-29,Paid
PAY0000081,POL0001154,3148.96,2023-10-03,Pending
PAY0000082,POL0000098,703.96,2021-04-10,Paid
PAY0000083,POL0000793,3405.96,2021-04-04,Paid
PAY0000084,POL0002470,2496.66,2024-02-29,Paid
PAY0000085,POL0000080,3092.11,2024-08-02,Paid
PAY0000086,POL0000288,2903.08,2023-07-08,Pending
PAY0000087,POL0002895,3862.4,2020-07-15,Paid
PAY0000088,POL0001770,1729.13,2023-03-03,Paid
PAY0000089,POL0002217,1992.93,2021-02-19,Paid
PAY0000090,POL0000071,2079.71,2020-07-21,Paid
PAY0000091,POL0000263,3859.79,2020-04-14,Failed
PAY0000092,POL0000712,2269.34,2018-02-20,Pending
PAY0000093,POL0002771,1049.96,2018-12-10,Paid
PAY0000094,POL0002578,4918.6,2021-04-01,Paid
PAY0000095,POL0000785,2568.23,2022-04-28,Paid
PAY0000096,POL0000210,724.39,2021-05-15,Paid
PAY0000097,POL0002165,3417.32,2023-06-14,Paid
PAY0000098,POL0002664,3747.98,2024-12-31,Failed
PAY0000099,POL0000315,2601.07,2021-08-29,Paid
PAY0000100,POL0002059,3302.99,2022-01-16,Paid
PAY0000101,POL0001075,1028.84,2020-08-24,Paid
PAY0000102,POL0001031,1966.03,2020-09-10,Paid
PAY0000103,POL0001947,976.78,2019-12-16,Paid
PAY0000104,POL0000955,2058.73,2021-03-24,Paid
PAY0000105,POL0001573,2901.44,2024-05-30,Failed
PAY0000106,POL0000261,2324.19,2022-01-24,Paid
PAY0000107,POL0001536,3047.43,2023-03-03,Paid
PAY0000108,POL0000200,2608.44,2020-03-11,Paid
PAY0000109,POL0002378,1725.51,2021-03-20,Paid
PAY0000110,POL0000090,888.4,2023-06-17,Paid
PAY0000111,POL0000591,1412.83,2020-10-25,Pending
PAY0000112,POL0002103,1163.42,2018-04-02,Paid
PAY0000113,POL0001936,3595.63,2020-12-04,Paid
PAY0000114,POL0001245,4135.84,2022-10-24,Paid
PAY0000115,POL0000092,3657.87,2023-01-08,Paid
PAY0000116,POL0002104,3289.92,2024-10-15,Paid
PAY0000117,POL0001966,1677.69,2024-11-19,Pending
PAY0000118,POL0000061,3612.73,2019-09-11,Paid
PAY0000119,POL0001896,3104.4,2022-03-27,Paid
PAY0000120,POL0002165,425.09,2021-03-13,Pending
PAY0000121,POL0000590,4556.54,2022-12-26,Paid
PAY0000122,POL0000236,583.78,2019-03-20,Failed
PAY0000123,POL0002081,2613.0,2018-01-22,Paid
PAY0000124,POL0000786,2662.73,2020-01-02,Paid
PAY0000125,POL0001098,4217.63,2022-09-01,Paid
PAY0000126,POL0000021,4582.72,2018-06-01,Failed
PAY0000127,POL0001889,4710.44,2021-03-26,Pending
PAY0000128,POL0001178,2934.43,2020-02-27,Paid
PAY0000129,POL0001278,3459.4,2021-09-20,Paid
PAY0000130,POL0001231,624.9,2024-06-06,Paid
PAY0000131,POL0002966,2542.0,2021-01-08,Paid
PAY0000132,POL0000302,4509.71,2024-02-01,Paid
PAY0000133,POL0002345,2387.35,2019-09-01,Paid
PAY0000134,POL0000773,534.05,2020-05-22,Paid
PAY0000135,POL0001068,1163.08,2019-07-30,Paid
PAY0000136,POL0000419,2261.63,2021-09-02,Paid
PAY0000137,POL0001541,1340.14,2023-12-03,Paid
PAY0000138,POL0000062,2083.0,2023-07-30,Paid
PAY0000139,POL0000858,1798.22,2020-12-28,Paid
PAY0000140,POL0000538,1730.86,2021-08-04,Paid
PAY0000141,POL0001341,637.59,2018-07-10,Paid
PAY0000142,POL0001459,4437.03,2024-03-14,Paid
PAY0000143,POL0001861,3524.99,2021-05-08,Paid
PAY0000144,POL0000696,3192.23,2021-12-23,Paid
PAY0000145,POL0000818,3111.05,2024-06-27,Failed
PAY0000146,POL0001405,2103.21,2018-09-06,Paid
PAY0000147,POL0000920,4151.91,2024-03-16,Paid
PAY0000148,POL0000975,4664.19,2024-05-10,Paid
PAY0000149,POL0000542,226.96,2018-03-06,Failed
PAY0000150,POL0001712,580.15,2019-01-30,Failed
PAY0000151,POL0000790,3439.88,2020-08-03,Pending
PAY0000152,POL0002081,1333.12,2019-03-11,Paid
PAY0000153,POL0000581,4576.18,2024-09-06,Paid
PAY0000154,POL0002042,3403.58,2018-05-14,Paid
PAY0000155,POL0000352,1967.8,2024-06-21,Paid
PAY0000156,POL0002303,2193.36,2021-07-06,Paid
PAY0000157,POL0001074,3516.24,2018-03-16,Paid
PAY0000158,POL0002032,876.63,2021-09-09,Failed
PAY0000159,POL0001278,4440.38,2020-07-19,Paid
PAY0000160,POL0001700,222.9,2018-11-25,Paid
PAY0000161,POL0000273,4898.95,2021-06-02,Paid
PAY0000162,POL0002741,1004.7,2021-11-18,Paid
PAY0000163,POL0001883,3762.13,2021-05-01,Paid
PAY0000164,POL0000250,391.64,2019-04-30,Paid
PAY0000165,POL0001261,2270.86,2023-05-21,Pending
PAY0000166,POL0002952,3225.51,2021-01-04,Failed
PAY0000167,POL0000232,537.09,2021-02-05,Paid
PAY0000168,POL0002476,2327.81,2018-05-21,Failed
PAY0000169,POL0000957,1655.05,2018-04-04,Pending
PAY0000170,POL0000634,2591.57,2020-11-06,Paid
PAY0000171,POL0000242,2621.97,2019-03-09,Paid
PAY0000172,POL0002182,3969.11,2023-03-27,Pending
PAY0000173,POL0001095,792.82,2021-03-15,Paid
PAY0000174,POL0001024,597.05,2018-04-27,Paid
PAY0000175,POL0001303,2129.07,2024-10-10,Paid
PAY0000176,POL0000219,4460.1,2018-06-06,Paid
PAY0000177,POL0000697,4305.29,2020-10-21,Paid
PAY0000178,POL0000307,2887.97,2018-04-27,Paid
PAY0000179,POL0002024,4466.11,2020-08-28,Paid
PAY0000180,POL0000314,4065.65,2021-04-09,Paid
PAY0000181,POL0002971,1534.11,2019-02-19,Paid
PAY0000182,POL0001753,1016.51,2021-10-22,Failed
PAY0000183,POL0001817,1645.55,2021-10-28,Paid
PAY0000184,POL0001429,1290.17,2020-08-04,Paid
PAY0000185,POL0001403,3189.05,2022-11-22,Paid
PAY0000186,POL0000281,3007.52,2019-06-09,Paid
PAY0000187,POL0001661,3072.5,2021-05-03,Paid
PAY0000188,POL0000035,1108.66,2018-11-14,Paid
PAY0000189,POL0002118,4000.94,2023-03-08,Paid
PAY0000190,POL0000360,2281.41,2024-04-07,Paid
PAY0000191,POL0001714,2467.77,2018-01-10,Paid
PAY0000192,POL0001935,4985.42,2018-04-30,Paid
PAY0000193,POL0000408,1554.9,2021-12-31,Paid
PAY0000194,POL0001585,2091.86,2019-08-10,Paid
PAY0000195,POL0000580,3447.02,2021-05-13,Paid
PAY0000196,POL0002567,4425.98,2024-03-06,Paid
PAY0000197,POL0000606,808.55,2019-12-22,Paid
PAY0000198,POL0001408,3728.22,2022-07-21,Paid
PAY0000199,POL0002129,4607.75,2021-05-28,Paid
PAY0000200,POL0002298,2230.04,2019-04-23,Paid
PAY0000201,POL0002093,1576.29,2019-07-30,Paid
PAY0000202,POL0000137,3453.14,2020-01-26,Paid
PAY0000203,POL0002871,1381.15,2023-11-07,Paid
PAY0000204,POL0000979,2044.59,2021-08-20,Pending
PAY0000205,POL0000820,4505.18,2024-06-10,Paid
PAY0000206,POL0001485,3033.6,2018-07-28,Paid
PAY0000207,POL0002415,655.89,2020-04-26,Paid
PAY0000208,POL0002277,1782.55,2021-04-30,Paid
PAY0000209,POL0002231,3210.87,2021-01-18,Paid
PAY0000210,POL0000467,2511.19,2021-10-26,Paid
PAY0000211,POL0000838,3369.63,2022-01-19,Paid
PAY0000212,POL0002252,3854.92,2019-03-12,Paid
PAY0000213,POL0000975,2506.95,2019-11-27,Paid
PAY0000214,POL0000623,4937.37,2020-09-08,Paid
PAY0000215,POL0001923,4590.43,2019-10-15,Paid
PAY0000216,POL0001092,487.56,2018-09-26,Paid
PAY0000217,POL0002917,1478.87,2018-10-19,Paid
PAY0000218,POL0002598,1642.61,2024-04-19,Paid
PAY0000219,POL0001734,1084.59,2021-11-24,Paid
PAY0000220,POL0002652,1697.68,2019-05-20,Paid
PAY0000221,POL0001800,2239.14,2018-09-26,Paid
PAY0000222,POL0002803,447.44,2024-09-09,Paid
PAY0000223,POL0002676,811.04,2024-02-10,Paid
PAY0000224,POL0001016,661.98,2022-12-04,Paid
PAY0000225,POL0002143,422.32,2023-06-20,Pending
PAY0000226,POL0001749,2511.19,2021-03-18,Paid
PAY0000227,POL0000685,1802.25,2024-06-10,Paid
PAY0000228,POL0002845,4690.15,2022-05-01,Paid
PAY0000229,POL0001457,693.25,2021-04-02,Pending
PAY0000230,POL0000369,4644.97,2021-09-26,Paid
PAY0000231,POL0002327,615.42,2024-11-13,Paid
PAY0000232,POL0000351,3172.24,2024-08-30,Paid
PAY0000233,POL0001250,1389.11,2024-10-01,Paid
PAY0000234,POL0001952,4168.67,2021-10-25,Paid
PAY0000235,POL0002454,495.08,2022-08-01,Paid
PAY0000236,POL0002494,4772.04,2018-09-21,Paid
PAY0000237,POL0002371,426.83,2024-07-15,Failed
PAY0000238,POL0002678,1357.34,2020-02-23,Paid
PAY0000239,POL0002121,2428.09,2020-06-19,Paid
PAY0000240,POL0000518,3829.08,2023-04-17,Paid
PAY0000241,POL0001345,4765.34,2021-11-09,Paid
PAY0000242,POL0000022,2254.6,2021-11-25,Paid
PAY0000243,POL0000179,3835.09,2022-10-13,Failed
PAY0000244,POL0002756,3690.38,2024-11-16,Paid
PAY0000245,POL0001133,2941.61,2023-09-09,Paid
PAY0000246,POL0001480,3516.41,2021-03-20,Paid
PAY0000247,POL0001591,382.72,2021-09-12,Paid
PAY0000248,POL0001253,2319.57,2018-04-06,Paid
PAY0000249,POL0000938,3972.13,2021-05-03,Pending
PAY0000250,POL0002996,2476.26,2019-06-19,Paid
PAY0000251,POL0000531,4392.82,2023-04-23,Pending
PAY0000252,POL0002412,4201.46,2020-02-19,Paid
PAY0000253,POL0001921,4344.54,2018-03-28,Failed
PAY0000254,POL0002473,823.98,2020-04-23,Paid
PAY0000255,POL0000959,1371.88,2021-02-03,Paid
PAY0000256,POL0001072,342.07,2019-05-10,Paid
PAY0000257,POL0001489,4917.44,2018-07-24,Paid
PAY0000258,POL0000672,1333.46,2018-04-18,Paid
PAY0000259,POL0001934,1962.05,2023-02-12,Paid
PAY0000260,POL0001297,1519.65,2018-11-08,Paid
PAY0000261,POL0001632,391.01,2024-08-04,Paid
PAY0000262,POL0002017,1454.04,2020-07-30,Paid
PAY0000263,POL0001054,671.34,2022-11-05,Pending
PAY0000264,POL0001657,2092.56,2024-07-20,Paid
PAY0000265,POL0000879,4840.76,2023-09-05,Failed
PAY0000266,POL0002995,3551.66,2019-09-01,Pending
PAY0000267,POL0002200,3593.12,2018-10-04,Paid
PAY0000268,POL0001400,2375.24,2021-10-30,Paid
PAY0000269,POL0002303,4094.26,2020-01-03,Paid
PAY0000270,POL0002751,4559.76,2021-08-08,Paid
PAY0000271,POL0002702,4815.44,2024-01-10,Paid
PAY0000272,POL0000758,675.15,2024-07-22,Paid
PAY0000273,POL0000187,4422.29,2019-07-22,Pending
PAY0000274,POL0000879,1280.4,2021-01-05,Failed
PAY0000275,POL0001473,2106.88,2023-06-14,Paid
PAY0000276,POL0000673,1858.29,2019-03-20,Failed
PAY0000277,POL0000876,3440.62,2018-07-02,Paid
PAY0000278,POL0000118,3070.04,2021-11-27,Pending
PAY0000279,POL0001082,723.7,2018-08-17,Paid
PAY0000280,POL0000871,3957.55,2020-06-26,Paid
PAY0000281,POL0002506,2310.3,2022-03-07,Paid
PAY0000282,POL0000706,210.66,2018-06-05,Paid
PAY0000283,POL0002690,2189.62,2018-08-05,Paid
PAY0000284,POL0002260,2678.39,2018-04-15,Failed
PAY0000285,POL0000486,530.6,2024-08-09,Paid
PAY0000286,POL0002939,925.45,2020-04-11,Paid
PAY0000287,POL0001578,4969.15,2023-07-31,Paid
PAY0000288,POL0001027,4381.74,2020-11-15,Paid
PAY0000289,POL0001968,839.97,2018-07-06,Paid
PAY0000290,POL0001253,2985.49,2018-08-28,Failed
PAY0000291,POL0001253,2020.37,2018-12-21,Paid
PAY0000292,POL0000985,2809.95,2021-10-08,Paid
PAY0000293,POL0000343,2458.57,2018-07-24,Paid
PAY0000294,POL0001240,431.11,2023-05-12,Paid
PAY0000295,POL0001667,1714.02,2022-02-17,Paid
PAY0000296,POL0001138,802.5,2020-11-25,Paid
PAY0000297,POL0001727,2547.05,2018-11-11,Paid
PAY0000298,POL0001779,4555.12,2022-01-27,Paid
PAY0000299,POL0000294,4978.56,2020-10-17,Paid
PAY0000300,POL0000028,4732.41,2022-08-21,Paid
PAY0000301,POL0001620,4931.35,2022-09-17,Pending
PAY0000302,POL0002907,273.18,2023-03-23,Paid
PAY0000303,POL0001345,3701.35,2018-09-01,Paid
PAY0000304,POL0000573,1510.15,2021-12-24,Paid
PAY0000305,POL0000928,4354.97,2018-11-13,Paid
PAY0000306,POL0001779,4105.92,2023-01-31,Paid
PAY0000307,POL0001771,2233.64,2024-01-02,Paid
PAY0000308,POL0001435,2471.65,2019-05-24,Paid
PAY0000309,POL0002445,1472.44,2024-02-07,Paid
PAY0000310,POL0002649,1586.26,2018-08-18,Paid
PAY0000311,POL0001076,4909.64,2021-08-12,Paid
PAY0000312,POL0000370,4466.49,2022-09-04,Failed
PAY0000313,POL0000164,1120.97,2021-03-19,Paid
PAY0000314,POL0001327,1522.52,2024-03-11,Paid
PAY0000315,POL0002498,721.51,2021-04-04,Paid
PAY0000316,POL0002592,4946.58,2021-01-15,Paid
PAY0000317,POL0002758,4554.61,2023-08-03,Paid
PAY0000318,POL0000351,2850.07,2022-09-09,Paid
PAY0000319,POL0002427,3525.89,2018-09-05,Paid
PAY0000320,POL0001463,3790.15,2020-10-29,Paid
PAY0000321,POL0000201,1178.29,2021-06-15,Paid
PAY0000322,POL0002553,4686.4,2018-10-21,Paid
PAY0000323,POL0001052,2728.37,2023-01-05,Paid
PAY0000324,POL0000337,643.77,2019-02-14,Paid
PAY0000325,POL0000287,2106.0,2020-11-25,Paid
PAY0000326,POL0002679,3087.9,2024-06-20,Paid
PAY0000327,POL0001055,1893.55,2021-12-11,Paid
PAY0000328,POL0002714,3556.18,2023-11-04,Paid
PAY0000329,POL0001796,4433.84,2019-03-27,Paid
PAY0000330,POL0001643,3905.08,2022-03-16,Paid
PAY0000331,POL0001387,3284.76,2022-08-22,Paid
PAY0000332,POL0000107,2658.36,2020-06-30,Paid
PAY0000333,POL0002554,1421.42,2023-08-14,Paid
PAY0000334,POL0000117,2383.74,2022-01-29,Pending
PAY0000335,POL0001269,1606.17,2019-04-08,Paid
PAY0000336,POL0002127,4683.31,2022-02-25,Paid
PAY0000337,POL0000741,4555.09,2022-11-24,Pending
PAY0000338,POL0000023,947.97,2024-01-15,Paid
PAY0000339,POL0000361,4148.58,2019-11-01,Paid
PAY0000340,POL0000700,3573.99,2021-11-23,Paid
PAY0000341,POL0001451,4881.02,2024-09-12,Pending
PAY0000342,POL0000217,2423.87,2018-03-07,Paid
PAY0000343,POL0001690,3666.44,2019-03-14,Paid
PAY0000344,POL0002755,2685.84,2020-11-15,Paid
PAY0000345,POL0000628,533.12,2019-05-19,Paid
PAY0000346,POL0000567,424.47,2022-08-10,Paid
PAY0000347,POL0002491,786.13,2018-03-02,Failed
PAY0000348,POL0002021,1621.72,2024-01-05,Paid
PAY0000349,POL0002507,1443.74,2022-12-06,Paid
PAY0000350,POL0002192,3695.97,2024-11-23,Failed
PAY0000351,POL0000314,3636.43,2023-12-01,Paid
PAY0000352,POL0002923,4862.69,2019-04-28,Paid
PAY0000353,POL0000729,1689.88,2018-07-12,Paid
PAY0000354,POL0002687,4704.57,2019-03-21,Paid
PAY0000355,POL0000474,3141.68,2022-05-21,Paid
PAY0000356,POL0000685,2577.48,2024-06-15,Paid
PAY0000357,POL0000606,3405.64,2021-03-16,Paid
PAY0000358,POL0002950,3573.23,2018-05-22,Paid
PAY0000359,POL0001243,1025.26,2018-10-04,Paid
PAY0000360,POL0001588,3808.23,2022-10-23,Paid
PAY0000361,POL0001382,3680.83,2021-08-20,Pending
PAY0000362,POL0000275,4988.15,2019-10-07,Paid
PAY0000363,POL0001900,4577.35,2022-04-22,Paid
PAY0000364,POL0000752,3486.37,2024-04-14,Paid
PAY0000365,POL0002265,3619.35,2022-02-24,Paid
PAY0000366,POL0001583,4740.73,2024-05-25,Paid
PAY0000367,POL0002002,4842.46,2024-10-23,Paid
PAY0000368,POL0000676,4169.43,2023-07-20,Paid
PAY0000369,POL0000710,3883.49,2021-01-20,Paid
PAY0000370,POL0000923,734.56,2022-10-05,Paid
PAY0000371,POL0000408,4185.55,2024-07-11,Pending
PAY0000372,POL0000148,1415.34,2022-05-31,Paid
PAY0000373,POL0001110,2906.16,2021-03-24,Paid
PAY0000374,POL0000503,2145.79,2021-01-05,Paid
PAY0000375,POL0001789,1858.92,2021-01-05,Paid
PAY0000376,POL0002280,1689.2,2020-07-18,Paid
PAY0000377,POL0002546,4306.05,2023-09-18,Pending
PAY0000378,POL0002471,3891.85,2023-12-14,Paid
PAY0000379,POL0001491,2712.55,2023-10-28,Paid
PAY0000380,POL0002295,3389.51,2023-12-17,Paid
PAY0000381,POL0001394,4925.73,2018-03-28,Paid
PAY0000382,POL0000105,2108.17,2024-12-05,Paid
PAY0000383,POL0002282,2845.28,2018-01-28,Paid
PAY0000384,POL0001482,2760.91,2023-10-27,Paid
PAY0000385,POL0001281,4692.67,2022-09-23,Paid
PAY0000386,POL0002523,1887.5,2022-02-11,Paid
PAY0000387,POL0001617,4934.02,2021-01-13,Paid
PAY0000388,POL0001196,1662.55,2018-07-19,Pending
PAY0000389,POL0001297,722.75,2022-10-08,Paid
PAY0000390,POL0000759,1118.59,2022-07-03,Failed
PAY0000391,POL0000875,2245.86,2020-04-04,Paid
PAY0000392,POL0000112,3318.83,2018-10-11,Paid
PAY0000393,POL0002071,2680.76,2023-06-03,Paid
PAY0000394,POL0002985,2006.14,2022-11-09,Paid
PAY0000395,POL0002363,2897.76,2020-07-10,Failed
PAY0000396,POL0000202,4226.27,2019-04-25,Paid
PAY0000397,POL0000618,4226.87,2021-11-02,Paid
PAY0000398,POL0002654,3685.89,2019-10-13,Paid
PAY0000399,POL0000995,4771.75,2024-08-31,Paid
PAY0000400,POL0000025,3032.98,2018-12-10,Paid
PAY0000401,POL0000657,236.76,2020-06-19,Paid
PAY0000402,POL0001532,1596.46,2019-06-24,Paid
PAY0000403,POL0001390,1775.47,2024-09-13,Paid
PAY0000404,POL0000531,2827.17,2019-10-07,Paid
PAY0000405,POL0001618,4543.47,2022-02-08,Paid
PAY0000406,POL0000046,4222.95,2019-12-05,Paid
PAY0000407,POL0001059,1314.43,2024-05-23,Paid
PAY0000408,POL0002250,2693.07,2024-02-02,Failed
PAY0000409,POL0001559,3363.91,2022-12-06,Failed
PAY0000410,POL0000365,4940.06,2023-07-28,Paid
PAY0000411,POL0002518,350.25,2018-02-15,Paid
PAY0000412,POL0002825,2426.61,2024-05-08,Paid
PAY0000413,POL0002464,4942.92,2020-05-20,Paid
PAY0000414,POL0001370,4890.59,2024-12-19,Paid
PAY0000415,POL0001373,1787.49,2019-11-21,Paid
PAY0000416,POL0002747,200.08,2024-11-21,Paid
PAY0000417,POL0002858,3016.33,2019-03-25,Paid
PAY0000418,POL0002238,4361.31,2024-05-12,Paid
PAY0000419,POL0000349,1756.63,2018-04-20,Pending
PAY0000420,POL0000373,4684.5,2022-07-08,Paid
PAY0000421,POL0001663,1796.97,2022-05-14,Paid
PAY0000422,POL0000985,3128.97,2021-07-04,Paid
PAY0000423,POL0000987,3665.82,2019-07-20,Paid
PAY0000424,POL0002159,1858.0,2018-07-29,Paid
PAY0000425,POL0001579,1890.59,2018-11-01,Paid
PAY0000426,POL0001527,2455.98,2018-03-16,Paid
PAY0000427,POL0002694,4209.07,2024-11-10,Paid
PAY0000428,POL0001037,684.08,2024-09-21,Paid
PAY0000429,POL0000523,3231.1,2021-10-15,Paid
PAY0000430,POL0001990,3451.27,2023-05-04,Paid
PAY0000431,POL0002245,2877.79,2020-03-14,Paid
PAY0000432,POL0001415,4692.02,2018-06-13,Paid
PAY0000433,POL0002103,3089.56,2019-12-03,Paid
PAY0000434,POL0002231,3245.97,2023-04-17,Paid
PAY0000435,POL0001043,3078.85,2021-04-29,Paid
PAY0000436,POL0000363,3665.69,2021-10-20,Paid
PAY0000437,POL0002521,849.97,2021-09-23,Paid
PAY0000438,POL0000009,4492.53,2019-06-23,Paid
PAY0000439,POL0002708,403.96,2019-12-13,Paid
PAY0000440,POL0002073,3275.57,2024-11-14,Paid
PAY0000441,POL0001330,3154.31,2021-01-16,Paid
PAY0000442,POL0001458,1198.98,2020-05-14,Failed
PAY0000443,POL0002021,395.41,2018-06-30,Paid
PAY0000444,POL0001446,866.41,2018-12-01,Paid
PAY0000445,POL0001081,1504.03,2020-01-01,Failed
PAY0000446,POL0000824,4434.11,2022-11-09,Paid
PAY0000447,POL0002116,4307.53,2019-04-24,Pending
PAY0000448,POL0001025,506.51,2022-12-14,Paid
PAY0000449,POL0000048,1588.49,2021-03-11,Paid
PAY0000450,POL0001441,4468.72,2020-11-10,Paid
PAY0000451,POL0000945,1335.96,2018-02-26,Failed
PAY0000452,POL0001977,4980.63,2021-01-20,Paid
PAY0000453,POL0001984,1432.83,2018-11-16,Paid
PAY0000454,POL0000355,3747.74,2018-09-02,Failed
PAY0000455,POL0000437,2201.88,2019-02-17,Paid
PAY0000456,POL0000700,853.97,2023-04-28,Paid
PAY0000457,POL0001918,1424.74,2022-02-14,Paid
PAY0000458,POL0002674,3440.57,2019-09-18,Paid
PAY0000459,POL0000090,1817.87,2018-08-07,Pending
PAY0000460,POL0000369,3099.82,2023-09-11,Paid
PAY0000461,POL0002987,1186.55,2018-07-28,Paid
PAY0000462,POL0001193,2353.19,2018-06-12,Paid
PAY0000463,POL0001387,2658.78,2019-01-31,Pending
PAY0000464,POL0001897,2181.37,2021-10-12,Paid
PAY0000465,POL0002548,1150.01,2024-01-07,Paid
PAY0000466,POL0000704,2415.46,2024-09-14,Paid
PAY0000467,POL0002181,3525.92,2020-05-21,Pending
PAY0000468,POL0002220,4831.55,2019-02-20,Paid
PAY0000469,POL0001554,3989.7,2022-03-12,Pending
PAY0000470,POL0002811,975.06,2021-12-22,Paid
PAY0000471,POL0002489,1508.97,2022-01-17,Paid
PAY0000472,POL0000112,578.35,2020-05-01,Paid
PAY0000473,POL0001064,851.12,2018-02-15,Paid
PAY0000474,POL0000102,1403.28,2022-07-11,Paid
PAY0000475,POL0001393,1157.73,2024-04-19,Paid
PAY0000476,POL0001198,1225.52,2018-06-13,Paid
PAY0000477,POL0000341,1307.7,2021-03-01,Paid
PAY0000478,POL0000920,1643.26,2020-07-30,Failed
PAY0000479,POL0001948,802.81,2024-10-23,Pending
PAY0000480,POL0002862,1533.61,2023-04-27,Paid
PAY0000481,POL0000196,3504.38,2023-07-31,Paid
PAY0000482,POL0001608,1334.72,2020-09-12,Paid
PAY0000483,POL0001206,1024.82,2019-01-24,Paid
PAY0000484,POL0001825,524.94,2019-05-12,Paid
PAY0000485,POL0001137,2599.86,2024-01-18,Paid
PAY0000486,POL0001699,4241.52,2021-04-05,Paid
PAY0000487,POL0001575,483.28,2019-08-31,Paid
PAY0000488,POL0000505,2803.16,2018-05-01,Paid
PAY0000489,POL0001967,3322.97,2019-08-18,Paid
PAY0000490,POL0002267,3043.82,2023-10-19,Paid
PAY0000491,POL0001541,4412.59,2020-04-18,Paid
PAY0000492,POL0001777,4358.7,2023-06-10,Paid
PAY0000493,POL0002213,475.08,2023-05-11,Paid
PAY0000494,POL0002429,1932.53,2023-04-21,Paid
PAY0000495,POL0001208,3419.98,2019-06-01,Paid
PAY0000496,POL0001927,4771.73,2023-02-01,Paid
PAY0000497,POL0002417,4062.49,2018-02-23,Paid
PAY0000498,POL0002056,1047.63,2019-10-03,Paid
PAY0000499,POL0001406,1540.2,2021-08-12,Paid
PAY0000500,POL0002014,3865.25,2020-05-05,Paid
PAY0000501,POL0000448,2463.08,2020-06-11,Paid
PAY0000502,POL0001721,2827.05,2021-09-14,Paid
PAY0000503,POL0001178,3123.1,2023-09-27,Paid
PAY0000504,POL0000034,695.8,2021-03-31,Paid
PAY0000505,POL0000497,4308.62,2023-08-01,Pending
PAY0000506,POL0002912,4343.05,2020-06-04,Paid
PAY0000507,POL0002070,2447.55,2023-06-20,Paid
PAY0000508,POL0001404,3208.86,2023-02-06,Paid
PAY0000509,POL0002711,3367.54,2024-09-17,Paid
PAY0000510,POL0001603,1110.67,2019-11-19,Failed
PAY0000511,POL0001939,740.41,2021-06-04,Pending
PAY0000512,POL0000590,299.23,2024-09-12,Paid
PAY0000513,POL0001575,4581.83,2023-03-21,Paid
PAY0000514,POL0000677,1859.42,2019-03-06,Paid
PAY0000515,POL0001123,611.99,2019-12-25,Paid
PAY0000516,POL0002043,2435.84,2020-01-03,Failed
PAY0000517,POL0002319,563.0,2023-08-22,Paid
PAY0000518,POL0002009,609.2,2022-03-29,Failed
PAY0000519,POL0000001,2546.65,2018-03-14,Paid
PAY0000520,POL0002335,2642.42,2018-06-07,Paid
PAY0000521,POL0002021,2984.69,2018-04-09,Paid
PAY0000522,POL0000939,3350.3,2022-10-29,Paid
PAY0000523,POL0001280,3407.68,2018-10-12,Pending
PAY0000524,POL0000854,2278.38,2019-01-27,Paid
PAY0000525,POL0000050,3288.96,2023-08-30,Paid
PAY0000526,POL0001556,1662.75,2020-03-30,Paid
PAY0000527,POL0002665,2318.28,2022-01-21,Paid
PAY0000528,POL0002238,2087.97,2018-06-06,Paid
PAY0000529,POL0001775,1779.73,2021-07-06,Failed
PAY0000530,POL0002808,1345.14,2023-04-19,Paid
PAY0000531,POL0000066,576.6,2018-01-22,Paid
PAY0000532,POL0002444,2628.37,2021-03-14,Paid
PAY0000533,POL0001275,2778.98,2024-01-29,Paid
PAY0000534,POL0000128,1813.54,2019-10-08,Paid
PAY0000535,POL0002745,4884.05,2020-02-07,Pending
PAY0000536,POL0000188,2873.41,2019-12-23,Paid
PAY0000537,POL0001207,4467.25,2018-09-01,Paid
PAY0000538,POL0001607,2936.41,2022-05-05,Failed
PAY0000539,POL0000578,1111.6,2022-10-03,Failed
PAY0000540,POL0002889,4878.19,2022-11-19,Paid
PAY0000541,POL0000762,4449.61,2018-06-02,Paid
PAY0000542,POL0000667,2462.11,2021-01-27,Failed
PAY0000543,POL0000933,1366.68,2022-06-28,Paid
PAY0000544,POL0002127,1268.81,2024-10-14,Failed
PAY0000545,POL0001043,4068.9,2020-06-28,Paid
PAY0000546,POL0001971,531.77,2022-12-02,Paid
PAY0000547,POL0000045,3262.69,2020-02-16,Paid
PAY0000548,POL0001246,3272.65,2024-10-08,Paid
PAY0000549,POL0002177,1075.78,2024-01-13,Failed
PAY0000550,POL0000618,3583.58,2019-12-02,Paid
PAY0000551,POL0000763,3585.95,2023-11-20,Paid
PAY0000552,POL0001657,1880.15,2020-12-29,Paid
PAY0000553,POL0000793,2520.2,2023-02-08,Paid
PAY0000554,POL0001251,4197.27,2018-03-21,Paid
PAY0000555,POL0002445,2711.14,2018-10-20,Paid
PAY0000556,POL0002323,3167.15,2018-01-03,Paid
PAY0000557,POL0000138,2181.29,2019-04-21,Paid
PAY0000558,POL0001351,918.08,2019-12-05,Paid
PAY0000559,POL0002831,4990.72,2023-07-14,Paid
PAY0000560,POL0002263,2751.38,2021-06-05,Paid
PAY0000561,POL0002276,1814.94,2021-05-14,Paid
PAY0000562,POL0002155,3626.18,2021-10-16,Pending
PAY0000563,POL0002207,3179.94,2023-07-10,Paid
PAY0000564,POL0001918,1317.96,2022-12-27,Paid
PAY0000565,POL0001160,4409.24,2020-11-16,Paid
PAY0000566,POL0002078,540.33,2019-12-18,Paid
PAY0000567,POL0001122,3107.35,2020-03-31,Paid
PAY0000568,POL0000609,2493.86,2018-09-03,Paid
PAY0000569,POL0000769,1727.35,2024-04-30,Pending
PAY0000570,POL0000784,4166.62,2021-08-12,Paid
PAY0000571,POL0002930,3350.13,2021-06-14,Paid
PAY0000572,POL0002971,3845.6,2020-09-22,Paid
PAY0000573,POL0002390,2190.36,2024-05-31,Paid
PAY0000574,POL0000168,4723.51,2022-12-02,Paid
PAY0000575,POL0000684,1854.67,2019-01-13,Paid
PAY0000576,POL0002680,2749.02,2024-01-16,Paid
PAY0000577,POL0002480,4681.52,2020-09-27,Paid
PAY0000578,POL0000039,599.31,2019-10-18,Paid
PAY0000579,POL0000980,722.29,2024-12-26,Paid
PAY0000580,POL0002435,4972.1,2018-04-01,Paid
PAY0000581,POL0002817,4862.68,2019-04-02,Paid
PAY0000582,POL0000791,3904.17,2024-11-09,Paid
PAY0000583,POL0000742,2524.1,2020-07-31,Paid
PAY0000584,POL0001475,2629.09,2018-05-10,Paid
PAY0000585,POL0002449,1434.62,2019-08-31,Paid
PAY0000586,POL0001127,2277.11,2024-02-18,Paid
PAY0000587,POL0001751,2270.48,2024-09-25,Paid
PAY0000588,POL0000102,373.23,2024-07-10,Paid
PAY0000589,POL0001931,2375.16,2020-04-05,Paid
PAY0000590,POL0000655,2503.01,2023-01-04,Paid
PAY0000591,POL0002951,3395.76,2022-04-04,Paid
PAY0000592,POL0001327,2678.97,2018-03-22,Pending
PAY0000593,POL0000752,4336.08,2021-01-14,Paid
PAY0000594,POL0001541,1964.3,2021-01-12,Failed
PAY0000595,POL0001233,2166.64,2021-10-17,Paid
PAY0000596,POL0002135,2943.12,2020-07-29,Paid
PAY0000597,POL0001986,1173.07,2022-05-06,Paid
PAY0000598,POL0000859,2088.79,2020-04-12,Failed
PAY0000599,POL0000319,3493.6,2023-02-09,Pending
PAY0000600,POL0000967,2176.68,2024-07-23,Paid
PAY0000601,POL0002935,4551.76,2023-04-06,Paid
PAY0000602,POL0000633,3153.44,2021-09-18,Paid
PAY0000603,POL0001114,938.09,2022-03-10,Paid
PAY0000604,POL0002700,2539.73,2020-06-09,Paid
PAY0000605,POL0000950,3870.94,2019-10-17,Paid
PAY0000606,POL0002001,3288.06,2020-05-26,Paid
PAY0000607,POL0001418,4449.27,2022-07-20,Paid
PAY0000608,POL0001911,3799.92,2018-04-20,Paid
PAY0000609,POL0000240,495.75,2018-05-22,Paid
PAY0000610,POL0002191,740.06,2024-04-16,Failed
PAY0000611,POL0001743,3318.79,2021-01-02,Paid
PAY0000612,POL0000119,1344.36,2022-05-06,Paid
PAY0000613,POL0000596,3021.61,2019-09-07,Paid
PAY0000614,POL0002016,4002.64,2024-06-05,Paid
PAY0000615,POL0001275,2969.27,2021-02-18,Paid
PAY0000616,POL0000163,2194.35,2021-08-10,Paid
PAY0000617,POL0000654,3302.1,2021-04-28,Paid
PAY0000618,POL0000350,889.37,2023-11-27,Paid
PAY0000619,POL0000031,3671.4,2022-10-06,Paid
PAY0000620,POL0002506,3545.72,2019-09-30,Failed
PAY0000621,POL0002139,2669.14,2023-12-11,Paid
PAY0000622,POL0002176,1538.3,2018-06-21,Paid
PAY0000623,POL0002827,4028.31,2018-02-21,Paid
PAY0000624,POL0000970,2650.64,2024-12-23,Pending
PAY0000625,POL0000848,484.05,2021-01-17,Paid
PAY0000626,POL0000792,4609.34,2021-10-04,Paid
PAY0000627,POL0000509,3885.04,2021-05-17,Paid
PAY0000628,POL0002984,3007.06,2020-05-30,Paid
PAY0000629,POL0000745,2296.76,2020-10-24,Pending
PAY0000630,POL0000740,4807.52,2023-11-03,Paid
PAY0000631,POL0001905,3920.1,2024-11-17,Paid
PAY0000632,POL0002039,2767.97,2019-11-26,Paid
PAY0000633,POL0000237,3335.14,2023-03-16,Paid
PAY0000634,POL0002007,1547.6,2023-04-02,Paid
PAY0000635,POL0001557,1139.44,2019-09-12,Paid
PAY0000636,POL0001013,1511.93,2019-07-08,Paid
PAY0000637,POL0001075,1607.05,2023-12-29,Paid
PAY0000638,POL0001873,3750.74,2020-09-22,Paid
PAY0000639,POL0001847,872.29,2020-11-29,Paid
PAY0000640,POL0000469,3932.42,2023-10-05,Failed
PAY0000641,POL0001916,2712.3,2022-06-16,Paid
PAY0000642,POL0000388,2045.95,2018-08-16,Paid
PAY0000643,POL0001367,1641.9,2019-10-12,Paid
PAY0000644,POL0000736,2663.36,2022-10-16,Paid
PAY0000645,POL0000654,1724.09,2018-12-27,Pending
PAY0000646,POL0002089,2261.37,2024-09-25,Pending
PAY0000647,POL0001510,3747.27,2023-03-10,Paid
PAY0000648,POL0000953,3204.79,2024-10-12,Paid
PAY0000649,POL0001726,3790.32,2021-06-04,Failed
PAY0000650,POL0002857,3622.27,2024-12-20,Paid
PAY0000651,POL0001581,4112.35,2023-10-03,Paid
PAY0000652,POL0000382,1168.11,2023-01-21,Pending
PAY0000653,POL0000096,4976.59,2022-09-24,Paid
PAY0000654,POL0000912,2483.7,2024-02-24,Paid
PAY0000655,POL0000787,3647.52,2020-07-06,Paid
PAY0000656,POL0000293,3453.2,2018-02-01,Paid
PAY0000657,POL0000341,2917.52,2019-03-05,Paid
PAY0000658,POL0000719,4979.92,2018-09-04,Pending
PAY0000659,POL0002586,1243.12,2020-12-20,Paid
PAY0000660,POL0001374,2224.3,2021-02-13,Paid
PAY0000661,POL0002920,813.11,2021-05-31,Paid
PAY0000662,POL0000960,1072.81,2024-01-23,Failed
PAY0000663,POL0002429,3622.23,2018-10-02,Paid
PAY0000664,POL0002907,223.24,2018-02-14,Paid
PAY0000665,POL0002647,4471.14,2024-11-11,Paid
PAY0000666,POL0002978,3239.29,2018-11-14,Paid
PAY0000667,POL0001915,2316.34,2020-05-21,Pending
PAY0000668,POL0002810,1790.53,2021-07-24,Paid
PAY0000669,POL0002412,806.12,2022-02-18,Paid
PAY0000670,POL0002614,4623.5,2021-10-10,Paid
PAY0000671,POL0000969,3619.15,2018-06-15,Paid
PAY0000672,POL0002875,1814.69,2019-12-04,Paid
PAY0000673,POL0001940,540.49,2024-06-08,Paid
PAY0000674,POL0002031,1763.28,2022-08-13,Paid
PAY0000675,POL0001575,1086.24,2022-07-18,Paid
PAY0000676,POL0000505,3974.11,2018-12-09,Paid
PAY0000677,POL0001870,3654.07,2018-05-09,Paid
PAY0000678,POL0002033,2591.17,2020-06-28,Paid
PAY0000679,POL0002266,4452.04,2023-12-30,Paid
PAY0000680,POL0001883,1067.27,2018-08-11,Paid
PAY0000681,POL0002530,2369.43,2024-11-14,Failed
PAY0000682,POL0002985,3610.98,2024-09-06,Paid
PAY0000683,POL0002797,525.45,2023-09-15,Paid
PAY0000684,POL0001349,1988.85,2023-07-29,Paid
PAY0000685,POL0000836,2943.99,2019-03-14,Paid
PAY0000686,POL0000489,1960.66,2021-08-30,Paid
PAY0000687,POL0001432,2504.96,2018-10-11,Failed
PAY0000688,POL0002848,3118.97,2023-06-07,Failed
PAY0000689,POL0002259,1968.27,2018-06-18,Paid
PAY0000690,POL0002714,708.87,2024-10-25,Paid
PAY0000691,POL0000259,869.33,2020-08-27,Paid
PAY0000692,POL0001251,2729.62,2023-12-25,Paid
PAY0000693,POL0002023,1038.75,2019-07-04,Paid
PAY0000694,POL0001618,4471.2,2021-11-18,Paid
PAY0000695,POL0002420,4204.09,2023-02-11,Paid
PAY0000696,POL0001415,1875.35,2023-04-05,Failed
PAY0000697,POL0000992,4188.74,2018-04-23,Paid
PAY0000698,POL0002136,2759.3,2024-12-24,Paid
PAY0000699,POL0000400,963.44,2022-05-14,Paid
PAY0000700,POL0000309,3148.22,2024-04-10,Paid
PAY0000701,POL0000004,3461.37,2019-05-21,Paid
PAY0000702,POL0001197,602.68,2021-06-11,Paid
PAY0000703,POL0001568,1709.37,2018-03-18,Paid
PAY0000704,POL0002274,225.84,2021-01-23,Paid
PAY0000705,POL0002387,1718.86,2021-07-24,Paid
PAY0000706,POL0001230,1810.14,2023-01-13,Paid
PAY0000707,POL0001126,3225.0,2021-02-14,Paid
PAY0000708,POL0002106,1155.41,2022-06-19,Paid
PAY0000709,POL0001805,344.44,2022-07-29,Paid
PAY0000710,POL0001174,1715.05,2022-01-23,Paid
PAY0000711,POL0002604,4162.97,2018-01-14,Paid
PAY0000712,POL0001566,2115.9,2021-03-04,Paid
PAY0000713,POL0000919,2192.45,2020-09-11,Paid
PAY0000714,POL0000524,2451.33,2022-02-01,Paid
PAY0000715,POL0000526,3808.59,2020-03-10,Paid
PAY0000716,POL0001316,2504.12,2020-04-16,Pending
PAY0000717,POL0000024,638.16,2021-12-20,Pending
PAY0000718,POL0002811,1190.72,2018-04-10,Paid
PAY0000719,POL0001655,1101.91,2022-03-02,Failed
PAY0000720,POL0001614,2637.74,2022-07-18,Failed
PAY0000721,POL0000242,343.66,2019-01-24,Pending
PAY0000722,POL0000203,1561.36,2022-08-31,Paid
PAY0000723,POL0000237,3114.54,2024-11-13,Pending
PAY0000724,POL0000951,1902.32,2023-04-14,Paid
PAY0000725,POL0000294,3597.02,2018-07-20,Paid
PAY0000726,POL0001111,2077.86,2023-09-10,Paid
PAY0000727,POL0000210,4900.44,2018-04-29,Paid
PAY0000728,POL0000788,4833.71,2024-02-05,Paid
PAY0000729,POL0001633,4039.24,2020-01-13,Pending
PAY0000730,POL0002277,4781.07,2021-05-12,Pending
PAY0000731,POL0000410,1182.94,2020-03-05,Pending
PAY0000732,POL0002818,3804.43,2022-11-12,Pending
PAY0000733,POL0000963,1743.96,2024-03-01,Paid
PAY0000734,POL0001492,3681.41,2018-12-16,Paid
PAY0000735,POL0000458,1994.69,2019-02-20,Failed
PAY0000736,POL0002602,1589.22,2023-02-16,Paid
PAY0000737,POL0002261,4802.22,2022-12-03,Pending
PAY0000738,POL0001832,1207.45,2018-09-06,Paid
PAY0000739,POL0001929,3841.13,2020-12-05,Failed
PAY0000740,POL0000386,3438.43,2021-08-15,Paid
PAY0000741,POL0001436,1656.69,2020-05-18,Paid
PAY0000742,POL0000528,2400.05,2018-03-02,Pending
PAY0000743,POL0001412,886.13,2022-11-01,Paid
PAY0000744,POL0000990,4621.8,2023-09-29,Paid
PAY0000745,POL0000102,4846.98,2022-04-10,Paid
PAY0000746,POL0001613,3715.82,2018-12-18,Paid
PAY0000747,POL0000390,4277.22,2023-05-04,Paid
PAY0000748,POL0001226,596.56,2024-11-19,Pending
PAY0000749,POL0001416,2043.05,2021-03-23,Paid
PAY0000750,POL0000841,1787.89,2022-08-04,Paid
PAY0000751,POL0001378,2911.77,2024-06-15,Paid
PAY0000752,POL0001617,1080.11,2022-01-24,Paid
PAY0000753,POL0001780,2904.23,2020-07-04,Paid
PAY0000754,POL0000235,3340.95,2021-12-19,Paid
PAY0000755,POL0000114,835.29,2018-03-14,Paid
PAY0000756,POL0001984,832.26,2022-09-09,Paid
PAY0000757,POL0000809,370.03,2018-10-26,Pending
PAY0000758,POL0001064,3852.28,2024-01-08,Paid
PAY0000759,POL0002151,1788.84,2018-01-27,Paid
PAY0000760,POL0000411,1282.02,2019-04-28,Paid
PAY0000761,POL0001319,3934.85,2021-09-14,Paid
PAY0000762,POL0001589,887.63,2019-02-28,Paid
PAY0000763,POL0000808,2250.48,2024-04-11,Paid
PAY0000764,POL0001588,3774.98,2022-03-24,Paid
PAY0000765,POL0001061,2954.4,2023-10-29,Paid
PAY0000766,POL0000067,2859.2,2018-07-11,Pending
PAY0000767,POL0002451,955.82,2019-12-10,Paid
PAY0000768,POL0001698,1068.48,2021-03-17,Failed
PAY0000769,POL0002254,2996.28,2019-08-12,Pending
PAY0000770,POL0000341,313.12,2019-05-30,Failed
PAY0000771,POL0001858,4371.77,2023-10-15,Paid
PAY0000772,POL0001076,1882.26,2019-11-05,Paid
PAY0000773,POL0002474,2199.76,2018-07-20,Paid
PAY0000774,POL0000956,1440.48,2024-07-31,Failed
PAY0000775,POL0000209,4408.02,2020-09-07,Paid
PAY0000776,POL0001538,3284.02,2022-08-17,Paid
PAY0000777,POL0002011,2359.56,2019-09-18,Paid
PAY0000778,POL0002724,3009.48,2019-04-01,Paid
PAY0000779,POL0001889,2025.77,2022-03-31,Paid
PAY0000780,POL0000369,2434.8,2022-06-16,Paid
PAY0000781,POL0001763,1916.63,2024-10-06,Paid
PAY0000782,POL0000994,2171.24,2023-03-28,Paid
PAY0000783,POL0000082,1711.89,2021-05-08,Paid
PAY0000784,POL0001188,572.68,2020-10-29,Paid
PAY0000785,POL0000377,379.26,2022-10-16,Paid
PAY0000786,POL0000003,1035.71,2019-06-15,Paid
PAY0000787,POL0000684,1407.86,2024-05-14,Paid
PAY0000788,POL0000764,4474.26,2019-07-16,Pending
PAY0000789,POL0000266,3133.99,2020-02-20,Paid
PAY0000790,POL0002483,4799.83,2022-04-11,Paid
PAY0000791,POL0002730,1830.3,2020-07-08,Pending
PAY0000792,POL0000725,2128.34,2020-12-03,Paid
PAY0000793,POL0002841,3654.82,2020-02-12,Paid
PAY0000794,POL0001251,2973.93,2021-03-11,Paid
PAY0000795,POL0002424,2733.82,2018-04-21,Paid
PAY0000796,POL0001286,2962.71,2022-10-15,Paid
PAY0000797,POL0002414,3003.85,2024-11-21,Pending
PAY0000798,POL0000767,3875.55,2024-05-14,Paid
PAY0000799,POL0002476,3406.79,2018-11-12,Paid
PAY0000800,POL0001032,4795.11,2022-11-29,Paid
PAY0000801,POL0001954,4750.22,2020-02-07,Paid
PAY0000802,POL0001065,2225.23,2018-12-04,Paid
PAY0000803,POL0001902,371.47,2020-02-06,Paid
PAY0000804,POL0002691,253.16,2022-10-19,Paid
PAY0000805,POL0002612,791.33,2022-08-15,Pending
PAY0000806,POL0001126,559.51,2021-05-28,Paid
PAY0000807,POL0001243,1992.16,2022-02-23,Paid
PAY0000808,POL0002292,453.8,2018-04-12,Pending
PAY0000809,POL0002893,3199.59,2020-10-20,Paid
PAY0000810,POL0000939,1112.84,2018-05-11,Paid
PAY0000811,POL0000303,2667.03,2019-09-17,Paid
PAY0000812,POL0000370,694.78,2024-05-05,Paid
PAY0000813,POL0000851,4173.1,2019-01-13,Paid
PAY0000814,POL0002323,3943.8,2018-09-09,Paid
PAY0000815,POL0002118,2055.14,2021-07-06,Paid
PAY0000816,POL0000047,4570.85,2023-10-12,Paid
PAY0000817,POL0002165,1091.36,2022-12-16,Paid
PAY0000818,POL0002565,4106.9,2018-10-20,Paid
PAY0000819,POL0000832,2820.11,2021-06-22,Paid
PAY0000820,POL0002667,1781.98,2019-11-13,Paid
PAY0000821,POL0000756,604.93,2019-01-25,Paid
PAY0000822,POL0001453,1022.29,2023-12-25,Paid
PAY0000823,POL0002084,4341.74,2020-07-14,Pending
PAY0000824,POL0000905,3113.05,2019-07-18,Paid
PAY0000825,POL0002455,1338.06,2020-11-30,Paid
PAY0000826,POL0001709,2580.09,2022-01-28,Paid
PAY0000827,POL0002460,717.62,2018-03-31,Paid
PAY0000828,POL0002536,674.44,2020-04-10,Paid
PAY0000829,POL0000779,4557.27,2018-03-05,Failed
PAY0000830,POL0001791,2397.71,2020-12-05,Paid
PAY0000831,POL0001939,1935.52,2024-09-23,Paid
PAY0000832,POL0000832,4755.54,2020-01-31,Paid
PAY0000833,POL0001097,2115.2,2021-11-15,Paid
PAY0000834,POL0001602,1813.96,2023-12-31,Paid
PAY0000835,POL0000644,1510.33,2020-09-06,Paid
PAY0000836,POL0000413,2912.3,2018-01-19,Paid
PAY0000837,POL0002172,2880.37,2019-10-03,Paid
PAY0000838,POL0001006,277.73,2021-10-09,Pending
PAY0000839,POL0002701,3339.5,2023-02-14,Paid
PAY0000840,POL0000232,3983.87,2018-10-12,Paid
PAY0000841,POL0002481,3156.63,2019-05-25,Paid
PAY0000842,POL0000491,4375.46,2021-04-18,Paid
PAY0000843,POL0001711,1526.8,2019-06-11,Paid
PAY0000844,POL0002134,1121.5,2018-01-09,Paid
PAY0000845,POL0001691,3546.93,2020-08-20,Paid
PAY0000846,POL0001224,1105.08,2020-11-23,Paid
PAY0000847,POL0000875,637.3,2022-07-03,Paid
PAY0000848,POL0002204,663.75,2022-03-13,Failed
PAY0000849,POL0002805,3888.29,2020-11-03,Paid
PAY0000850,POL0000898,337.94,2018-01-04,Paid
PAY0000851,POL0002580,1589.39,2021-09-28,Paid
PAY0000852,POL0001870,820.09,2020-01-25,Paid
PAY0000853,POL0000152,3823.57,2018-04-13,Paid
PAY0000854,POL0001352,2616.77,2023-03-13,Paid
PAY0000855,POL0000172,1186.36,2019-06-23,Paid
PAY0000856,POL0001429,3801.97,2020-07-01,Paid
PAY0000857,POL0001430,3801.76,2022-10-04,Pending
PAY0000858,POL0000762,2710.51,2021-04-30,Paid
PAY0000859,POL0001722,1524.08,2019-07-06,Pending
PAY0000860,POL0001899,3014.13,2020-09-26,Paid
PAY0000861,POL0001360,4680.94,2020-08-12,Paid
PAY0000862,POL0001778,447.85,2023-12-08,Paid
PAY0000863,POL0000693,1481.36,2022-03-05,Paid
PAY0000864,POL0002243,1567.85,2021-03-04,Paid
PAY0000865,POL0001782,3232.7,2022-08-29,Paid
PAY0000866,POL0000100,3325.59,2021-11-08,Paid
PAY0000867,POL0001588,1190.31,2018-04-05,Pending
PAY0000868,POL0000909,1237.28,2018-06-24,Failed
PAY0000869,POL0001921,4655.42,2024-11-30,Paid
PAY0000870,POL0000428,3830.23,2018-09-29,Paid
PAY0000871,POL0000587,4684.49,2020-04-28,Paid
PAY0000872,POL0002968,4182.38,2018-01-30,Pending
PAY0000873,POL0000256,2130.17,2020-08-21,Paid
PAY0000874,POL0001474,785.16,2022-01-28,Paid
PAY0000875,POL0000721,3221.84,2020-06-04,Paid
PAY0000876,POL0002001,1889.56,2024-04-10,Paid
PAY0000877,POL0002452,2241.98,2022-02-04,Paid
PAY0000878,POL0001679,2244.22,2021-06-19,Paid
PAY0000879,POL0002628,4695.29,2020-03-16,Failed
PAY0000880,POL0000407,530.54,2019-07-30,Pending
PAY0000881,POL0001409,1126.9,2021-01-11,Pending
PAY0000882,POL0001962,3118.13,2019-02-28,Paid
PAY0000883,POL0002290,4442.04,2020-08-30,Failed
PAY0000884,POL0002095,4606.12,2022-04-22,Paid
PAY0000885,POL0000115,2881.73,2023-09-03,Paid
PAY0000886,POL0001017,365.89,2020-12-20,Pending
PAY0000887,POL0001732,1941.83,2023-09-28,Paid
PAY0000888,POL0000806,4610.4,2023-08-06,Paid
PAY0000889,POL0002178,2599.73,2019-11-26,Paid
PAY0000890,POL0001581,3687.74,2022-08-12,Pending
PAY0000891,POL0000994,1492.13,2020-01-12,Failed
PAY0000892,POL0001997,320.03,2024-04-02,Paid
PAY0000893,POL0000495,2976.13,2019-10-29,Failed
PAY0000894,POL0001853,4207.91,2019-06-12,Pending
PAY0000895,POL0000082,4953.29,2021-05-28,Paid
PAY0000896,POL0002717,4263.81,2022-05-05,Paid
PAY0000897,POL0001206,2859.17,2024-05-24,Paid
PAY0000898,POL0001456,3121.89,2022-07-21,Paid
PAY0000899,POL0001198,4155.99,2020-12-02,Paid
PAY0000900,POL0002857,295.09,2022-10-26,Paid
PAY0000901,POL0002022,4767.89,2022-01-04,Paid
PAY0000902,POL0002493,2749.86,2024-09-24,Failed
PAY0000903,POL0002917,4769.85,2021-02-05,Pending
PAY0000904,POL0001312,3869.69,2020-01-21,Paid
PAY0000905,POL0000561,931.12,2018-05-29,Paid
PAY0000906,POL0001286,993.25,2020-02-27,Failed
PAY0000907,POL0001780,1897.5,2018-03-27,Paid
PAY0000908,POL0002105,1467.14,2022-05-10,Paid
PAY0000909,POL0002054,2308.63,2018-10-11,Paid
PAY0000910,POL0001599,3098.74,2018-09-29,Paid
PAY0000911,POL0000945,2295.58,2022-11-24,Paid
PAY0000912,POL0000579,470.82,2024-10-20,Failed
PAY0000913,POL0000915,4883.03,2019-07-01,Paid
PAY0000914,POL0001719,2240.59,2019-04-15,Paid
PAY0000915,POL0000162,4285.16,2022-08-12,Paid
PAY0000916,POL0001641,554.98,2020-06-03,Paid
PAY0000917,POL0000775,4088.31,2022-12-04,Paid
PAY0000918,POL0000057,1032.34,2023-01-14,Paid
PAY0000919,POL0002576,3461.14,2023-08-24,Paid
PAY0000920,POL0001190,3376.67,2024-08-28,Paid
PAY0000921,POL0000546,4567.07,2022-04-07,Pending
PAY0000922,POL0002094,1739.25,2019-09-25,Pending
PAY0000923,POL0002981,723.01,2021-12-01,Pending
PAY0000924,POL0000811,4349.92,2020-11-29,Paid
PAY0000925,POL0000047,1791.57,2021-05-04,Paid
PAY0000926,POL0001414,1316.16,2019-05-07,Pending
PAY0000927,POL0002300,2533.8,2024-04-06,Paid
PAY0000928,POL0002214,901.45,2022-04-20,Paid
PAY0000929,POL0002416,1625.42,2024-06-02,Paid
PAY0000930,POL0001403,2049.35,2023-01-18,Pending
PAY0000931,POL0001413,1530.83,2023-02-13,Pending
PAY0000932,POL0002630,2361.25,2020-01-24,Paid
PAY0000933,POL0000572,2046.32,2021-11-26,Failed
PAY0000934,POL0001741,3918.04,2019-02-22,Paid
PAY0000935,POL0000348,4608.36,2022-04-16,Paid
PAY0000936,POL0000845,684.43,2023-02-18,Paid
PAY0000937,POL0002666,4151.85,2019-12-12,Paid
PAY0000938,POL0000497,4672.5,2019-07-13,Pending
PAY0000939,POL0000696,3495.74,2021-08-29,Paid
PAY0000940,POL0001874,4982.81,2023-06-09,Paid
PAY0000941,POL0001979,1808.21,2022-12-20,Failed
PAY0000942,POL0002559,4185.49,2023-02-13,Paid
PAY0000943,POL0002500,3433.77,2022-11-20,Paid
PAY0000944,POL0000543,1752.46,2021-09-05,Paid
PAY0000945,POL0000216,3582.45,2024-10-03,Paid
PAY0000946,POL0002518,2646.18,2024-04-03,Paid
PAY0000947,POL0002901,1107.07,2024-12-31,Paid
PAY0000948,POL0002352,1034.62,2020-04-20,Paid
PAY0000949,POL0000298,3624.31,2024-01-21,Paid
PAY0000950,POL0001370,3617.27,2020-02-20,Paid
PAY0000951,POL0000286,2747.71,2019-05-19,Paid
PAY0000952,POL0000126,2606.8,2024-12-30,Paid
PAY0000953,POL0000051,1064.18,2018-01-06,Paid
PAY0000954,POL0001443,2260.57,2018-10-25,Paid
PAY0000955,POL0001726,4382.71,2023-09-27,Paid
PAY0000956,POL0000471,4302.69,2022-06-07,Paid
PAY0000957,POL0001400,3372.41,2019-06-24,Paid
PAY0000958,POL0002718,4987.31,2018-01-19,Failed
PAY0000959,POL0001504,4487.26,2023-06-28,Paid
PAY0000960,POL0001330,897.11,2019-05-04,Paid
PAY0000961,POL0000438,2115.85,2021-11-06,Paid
PAY0000962,POL0002899,833.3,2020-04-07,Paid
PAY0000963,POL0002390,2437.23,2023-10-10,Failed
PAY0000964,POL0000749,3926.64,2020-03-30,Paid
PAY0000965,POL0000524,947.79,2021-06-06,Paid
PAY0000966,POL0000655,4426.03,2022-09-29,Paid
PAY0000967,POL0000506,2931.48,2021-05-27,Paid
PAY0000968,POL0000399,3794.93,2021-03-09,Paid
PAY0000969,POL0002954,416.75,2024-01-08,Paid
PAY0000970,POL0002109,650.42,2023-03-07,Paid
PAY0000971,POL0001939,3180.13,2022-06-13,Pending
PAY0000972,POL0001205,4223.32,2021-07-18,Paid
PAY0000973,POL0002361,4394.55,2020-02-25,Paid
PAY0000974,POL0000265,3504.17,2023-05-21,Failed
PAY0000975,POL0001053,1164.51,2021-07-06,Paid
PAY0000976,POL0000712,1136.1,2023-04-13,Paid
PAY0000977,POL0000913,4430.54,2022-06-28,Pending
PAY0000978,POL0001615,743.53,2021-05-05,Paid
PAY0000979,POL0001680,3493.14,2019-09-30,Paid
PAY0000980,POL0001735,2760.83,2019-01-05,Failed
PAY0000981,POL0002387,2222.82,2023-05-03,Failed
PAY0000982,POL0001446,2313.61,2021-05-01,Pending
PAY0000983,POL0002137,4737.0,2022-12-13,Paid
PAY0000984,POL0000332,4334.93,2020-08-02,Paid
PAY0000985,POL0000152,4351.92,2020-05-17,Paid
PAY0000986,POL0000708,2151.77,2022-06-18,Paid
PAY0000987,POL0002174,713.51,2023-06-04,Paid
PAY0000988,POL0000421,4989.63,2024-07-10,Paid
PAY0000989,POL0001709,897.65,2024-07-23,Paid
PAY0000990,POL0000253,2674.8,2018-06-28,Failed
PAY0000991,POL0000999,1470.17,2020-07-31,Paid
PAY0000992,POL0001835,2651.57,2018-08-12,Paid
PAY0000993,POL0001732,1663.68,2023-04-05,Paid
PAY0000994,POL0000293,4505.06,2019-10-06,Pending
PAY0000995,POL0001241,4848.04,2021-12-11,Paid
PAY0000996,POL0000169,2168.31,2018-07-11,Paid
PAY0000997,POL0002782,536.91,2018-07-01,Paid
PAY0000998,POL0002064,3384.01,2018-05-14,Paid
PAY0000999,POL0000037,2007.8,2018-10-13,Paid
PAY0001000,POL0001445,4932.65,2018-06-17,Paid
PAY0001001,POL0001927,629.0,2019-02-16,Paid
PAY0001002,POL0000296,771.81,2018-02-05,Paid
PAY0001003,POL0002483,3557.23,2019-09-25,Paid
PAY0001004,POL0002368,3841.52,2020-01-13,Paid
PAY0001005,POL0002582,2461.26,2024-07-08,Paid
PAY0001006,POL0002622,1530.87,2023-10-31,Paid
PAY0001007,POL0000923,1687.09,2020-03-28,Pending
PAY0001008,POL0001821,1822.27,2024-06-04,Paid
PAY0001009,POL0000981,1281.35,2024-03-01,Paid
PAY0001010,POL0002443,4283.08,2023-09-10,Paid
PAY0001011,POL0002325,512.37,2018-11-12,Paid
PAY0001012,POL0000649,2154.93,2018-05-07,Pending
PAY0001013,POL0000283,3788.5,2022-03-24,Paid
PAY0001014,POL0001663,218.36,2019-02-10,Paid
PAY0001015,POL0000999,4414.56,2019-06-08,Failed
PAY0001016,POL0000086,3590.21,2022-12-26,Paid
PAY0001017,POL0000207,552.19,2022-01-20,Paid
PAY0001018,POL0002611,4495.98,2021-03-03,Paid
PAY0001019,POL0002525,2539.06,2018-11-24,Paid
PAY0001020,POL0001767,3330.75,2018-07-30,Paid
PAY0001021,POL0002640,4433.76,2019-09-03,Paid
PAY0001022,POL0000131,4429.58,2018-03-21,Paid
PAY0001023,POL0002448,2161.97,2018-08-17,Paid
PAY0001024,POL0000136,1340.91,2021-12-18,Paid
PAY0001025,POL0002218,1435.62,2021-04-17,Paid
PAY0001026,POL0001187,3876.52,2023-06-26,Paid
PAY0001027,POL0000199,4661.27,2020-11-09,Paid
PAY0001028,POL0000739,546.71,2022-11-24,Paid
PAY0001029,POL0002813,272.09,2024-03-18,Paid
PAY0001030,POL0001518,4150.09,2021-08-29,Paid
PAY0001031,POL0000103,2055.69,2024-07-01,Paid
PAY0001032,POL0000548,1526.96,2021-12-12,Paid
PAY0001033,POL0000006,1104.19,2020-09-01,Paid
PAY0001034,POL0000711,1863.11,2021-05-10,Paid
PAY0001035,POL0000012,4863.05,2021-07-17,Paid
PAY0001036,POL0002151,4889.98,2019-04-11,Paid
PAY0001037,POL0002747,1791.26,2018-02-02,Paid
PAY0001038,POL0001857,4825.71,2018-09-15,Paid
PAY0001039,POL0001714,1639.34,2022-07-31,Paid
PAY0001040,POL0000427,4301.51,2019-02-17,Paid
PAY0001041,POL0000171,1217.62,2019-12-14,Paid
PAY0001042,POL0001713,4167.14,2019-09-14,Failed
PAY0001043,POL0000089,1897.91,2023-12-10,Pending
PAY0001044,POL0002764,1139.47,2018-02-20,Paid
PAY0001045,POL0000855,4686.94,2018-04-28,Paid
PAY0001046,POL0001458,1228.08,2018-12-17,Paid
PAY0001047,POL0002648,4960.81,2021-01-07,Paid
PAY0001048,POL0002474,721.15,2021-03-30,Paid
PAY0001049,POL0000178,248.1,2021-10-20,Paid
PAY0001050,POL0002611,4379.81,2020-07-11,Paid
PAY0001051,POL0000418,3015.7,2022-06-26,Pending
PAY0001052,POL0000554,2223.81,2021-06-01,Pending
PAY0001053,POL0000242,593.43,2020-09-07,Pending
PAY0001054,POL0001380,2959.48,2021-01-14,Paid
PAY0001055,POL0001597,2089.88,2018-04-10,Paid
PAY0001056,POL0001462,2521.39,2024-02-01,Failed
PAY0001057,POL0001466,3225.88,2018-03-10,Paid
PAY0001058,POL0002005,3271.68,2023-09-29,Paid
PAY0001059,POL0002456,4810.88,2023-01-24,Pending
PAY0001060,POL0001947,3344.26,2020-11-23,Paid
PAY0001061,POL0001301,1829.14,2020-07-26,Paid
PAY0001062,POL0001071,1782.24,2023-06-20,Paid
PAY0001063,POL0000822,2490.37,2022-11-29,Paid
PAY0001064,POL0002578,1444.77,2021-12-16,Paid
PAY0001065,POL0001920,2006.91,2018-11-26,Paid
PAY0001066,POL0002548,4242.14,2020-05-30,Paid
PAY0001067,POL0001789,4326.86,2020-02-06,Failed
PAY0001068,POL0000192,3213.4,2019-10-09,Pending
PAY0001069,POL0002097,2997.64,2024-11-17,Paid
PAY0001070,POL0002142,2250.08,2020-12-24,Paid
PAY0001071,POL0000931,3252.31,2020-06-18,Paid
PAY0001072,POL0001773,4069.06,2024-07-09,Pending
PAY0001073,POL0002215,3741.67,2020-07-29,Pending
PAY0001074,POL0002302,370.21,2021-03-21,Paid
PAY0001075,POL0000057,3709.42,2023-04-05,Paid
PAY0001076,POL0002054,3655.75,2023-03-07,Paid
PAY0001077,POL0001998,675.15,2022-07-24,Paid
PAY0001078,POL0000238,921.19,2024-12-14,Pending
PAY0001079,POL0000733,3981.96,2019-07-07,Paid
PAY0001080,POL0002638,2883.15,2023-12-22,Paid
PAY0001081,POL0002068,4143.82,2020-04-08,Paid
PAY0001082,POL0002825,1086.77,2023-05-07,Paid
PAY0001083,POL0001228,346.95,2018-12-24,Paid
PAY0001084,POL0000142,977.32,2022-11-20,Failed
PAY0001085,POL0002424,2372.34,2018-03-17,Paid
PAY0001086,POL0002455,2711.81,2018-05-29,Paid
PAY0001087,POL0000816,4316.97,2021-01-13,Paid
PAY0001088,POL0002018,3637.76,2022-06-26,Paid
PAY0001089,POL0002128,4953.88,2020-05-22,Paid
PAY0001090,POL0000210,577.85,2020-06-18,Paid
PAY0001091,POL0000768,825.06,2018-06-13,Failed
PAY0001092,POL0002425,604.91,2021-07-28,Failed
PAY0001093,POL0002088,2784.6,2023-09-01,Paid
PAY0001094,POL0000453,1480.93,2023-11-20,Paid
PAY0001095,POL0000714,3481.44,2019-11-11,Pending
PAY0001096,POL0000086,836.92,2021-05-19,Paid
PAY0001097,POL0001579,695.32,2022-04-16,Paid
PAY0001098,POL0002284,2408.79,2024-11-29,Paid
PAY0001099,POL0002017,2004.31,2021-09-25,Paid
PAY0001100,POL0001914,4179.99,2022-01-04,Failed
PAY0001101,POL0001606,4220.26,2019-02-10,Paid
PAY0001102,POL0000644,763.66,2024-09-16,Paid
PAY0001103,POL0001272,4099.15,2022-11-28,Paid
PAY0001104,POL0002715,2907.99,2020-07-17,Failed
PAY0001105,POL0001625,2617.08,2024-07-23,Paid
PAY0001106,POL0001563,654.86,2018-09-04,Failed
PAY0001107,POL0002409,3750.23,2019-02-14,Failed
PAY0001108,POL0002916,486.24,2018-03-20,Pending
PAY0001109,POL0000750,1532.92,2020-09-07,Paid
PAY0001110,POL0002223,658.07,2018-10-17,Paid
PAY0001111,POL0002876,2747.68,2022-06-16,Failed
PAY0001112,POL0002852,3297.1,2022-03-18,Failed
PAY0001113,POL0001398,4476.1,2022-03-20,Pending
PAY0001114,POL0001966,3722.59,2018-06-26,Paid
PAY0001115,POL0000061,4813.3,2023-01-17,Paid
PAY0001116,POL0001531,3852.56,2020-11-13,Pending
PAY0001117,POL0000775,1630.75,2021-03-03,Paid
PAY0001118,POL0002462,2828.41,2020-12-06,Paid
PAY0001119,POL0000116,2398.11,2018-06-02,Paid
PAY0001120,POL0001757,2916.65,2021-11-20,Paid
PAY0001121,POL0001448,2946.03,2019-03-03,Pending
PAY0001122,POL0001152,3570.09,2020-01-10,Paid
PAY0001123,POL0001350,598.61,2019-09-10,Paid
PAY0001124,POL0002746,3784.38,2022-07-16,Paid
PAY0001125,POL0001223,889.97,2020-07-22,Failed
PAY0001126,POL0002848,325.8,2020-02-09,Paid
PAY0001127,POL0000627,2690.75,2018-08-13,Paid
PAY0001128,POL0001357,2991.09,2021-03-29,Paid
PAY0001129,POL0001490,367.29,2021-07-18,Paid
PAY0001130,POL0001866,2673.78,2024-01-23,Failed
PAY0001131,POL0002472,2765.94,2020-01-22,Paid
PAY0001132,POL0001337,451.98,2023-10-08,Paid
PAY0001133,POL0000523,3615.61,2020-11-05,Paid
PAY0001134,POL0001640,1209.39,2018-09-06,Paid
PAY0001135,POL0002223,4013.4,2021-04-11,Pending
PAY0001136,POL0002946,1691.95,2019-04-13,Paid
PAY0001137,POL0001972,2493.88,2022-09-07,Paid
PAY0001138,POL0002422,4480.88,2020-06-03,Failed
PAY0001139,POL0000632,4069.66,2019-09-05,Paid
PAY0001140,POL0000237,3952.95,2021-03-09,Paid
PAY0001141,POL0001772,970.08,2023-06-25,Paid
PAY0001142,POL0000968,431.08,2022-10-26,Paid
PAY0001143,POL0001841,3107.64,2018-08-12,Paid
PAY0001144,POL0000443,2171.32,2019-12-11,Paid
PAY0001145,POL0002832,4563.57,2018-10-22,Paid
PAY0001146,POL0001912,1878.05,2023-07-04,Paid
PAY0001147,POL0001020,2170.63,2023-09-20,Paid
PAY0001148,POL0002007,2724.8,2018-03-07,Paid
PAY0001149,POL0002935,4022.72,2020-04-21,Pending
PAY0001150,POL0002894,1487.84,2024-07-10,Paid
PAY0001151,POL0001563,4720.74,2018-09-05,Paid
PAY0001152,POL0000842,2791.62,2024-03-25,Paid
PAY0001153,POL0000635,4236.69,2024-09-20,Paid
PAY0001154,POL0002204,2722.97,2019-12-07,Paid
PAY0001155,POL0002777,3905.57,2023-02-19,Paid
PAY0001156,POL0000813,446.82,2024-08-23,Paid
PAY0001157,POL0002688,4036.22,2021-08-03,Paid
PAY0001158,POL0001710,2715.01,2019-06-29,Pending
PAY0001159,POL0001571,2357.19,2022-07-19,Paid
PAY0001160,POL0001065,735.73,2024-04-16,Paid
PAY0001161,POL0000186,3759.5,2018-01-31,Paid
PAY0001162,POL0002509,829.59,2018-03-27,Pending
PAY0001163,POL0001719,1123.13,2020-12-12,Paid
PAY0001164,POL0001413,806.83,2021-04-01,Pending
PAY0001165,POL0002594,231.56,2021-03-17,Paid
PAY0001166,POL0001473,3377.19,2024-02-21,Paid
PAY0001167,POL0000699,1500.05,2023-09-28,Paid
PAY0001168,POL0002355,917.46,2022-07-24,Paid
PAY0001169,POL0000945,1735.87,2020-04-28,Paid
PAY0001170,POL0000137,2595.61,2021-11-21,Paid
PAY0001171,POL0001226,2616.38,2021-06-08,Paid
PAY0001172,POL0000893,1962.54,2021-11-13,Paid
PAY0001173,POL0002703,2575.67,2023-08-02,Failed
PAY0001174,POL0000621,2251.24,2021-05-28,Paid
PAY0001175,POL0002205,4148.79,2019-01-07,Paid
PAY0001176,POL0002229,342.15,2023-02-25,Paid
PAY0001177,POL0002457,4366.54,2018-04-20,Paid
PAY0001178,POL0000853,1370.79,2021-07-17,Paid
PAY0001179,POL0000871,3664.55,2023-08-07,Paid
PAY0001180,POL0000612,2144.19,2024-12-16,Paid
PAY0001181,POL0001539,1612.8,2024-04-22,Paid
PAY0001182,POL0001569,3153.67,2018-05-17,Pending
PAY0001183,POL0000069,3890.65,2018-07-17,Paid
PAY0001184,POL0000602,2359.69,2018-12-07,Paid
PAY0001185,POL0002065,2439.46,2022-07-08,Paid
PAY0001186,POL0002897,482.51,2023-06-07,Paid
PAY0001187,POL0000879,4635.18,2021-03-05,Paid
PAY0001188,POL0002883,4265.1,2019-01-28,Paid
PAY0001189,POL0000546,2110.37,2019-11-30,Paid
PAY0001190,POL0001800,3871.76,2022-06-18,Pending
PAY0001191,POL0001837,1703.74,2018-02-13,Paid
PAY0001192,POL0002108,3706.02,2024-01-12,Paid
PAY0001193,POL0000184,2680.12,2023-05-25,Paid
PAY0001194,POL0000838,2411.68,2018-01-20,Paid
PAY0001195,POL0001893,471.31,2022-01-20,Paid
PAY0001196,POL0001389,4834.03,2019-01-31,Failed
PAY0001197,POL0001942,4219.56,2018-04-08,Paid
PAY0001198,POL0001953,4008.26,2022-04-08,Paid
PAY0001199,POL0001458,1663.6,2022-06-12,Pending
PAY0001200,POL0002801,1590.03,2022-10-26,Paid
PAY0001201,POL0002771,2951.33,2019-05-10,Paid
PAY0001202,POL0001392,4261.87,2018-10-04,Paid
PAY0001203,POL0001454,4686.22,2022-05-31,Pending
PAY0001204,POL0002378,1490.86,2021-07-23,Paid
PAY0001205,POL0001173,3115.59,2021-09-05,Failed
PAY0001206,POL0001712,3674.73,2023-05-30,Paid
PAY0001207,POL0001401,1286.68,2020-12-17,Paid
PAY0001208,POL0000781,2155.85,2019-10-02,Paid
PAY0001209,POL0001029,1099.88,2022-04-11,Failed
PAY0001210,POL0002450,3554.74,2020-08-01,Paid
PAY0001211,POL0000628,4346.17,2020-09-17,Paid
PAY0001212,POL0002251,4412.16,2023-04-06,Pending
PAY0001213,POL0000054,3416.43,2019-04-21,Paid
PAY0001214,POL0000288,1866.33,2023-09-25,Paid
PAY0001215,POL0001069,3372.99,2021-09-16,Paid
PAY0001216,POL0000284,4348.48,2022-11-26,Paid
PAY0001217,POL0000833,3204.11,2019-02-22,Paid
PAY0001218,POL0000582,2181.88,2020-07-13,Paid
PAY0001219,POL0001995,4615.05,2024-10-19,Paid
PAY0001220,POL0002090,4209.04,2022-03-03,Paid
PAY0001221,POL0000272,4435.69,2019-04-04,Paid
PAY0001222,POL0000917,4535.32,2023-07-30,Pending
PAY0001223,POL0000571,2090.3,2018-09-25,Pending
PAY0001224,POL0002800,4326.27,2019-05-01,Paid
PAY0001225,POL0002095,2937.68,2023-07-17,Pending
PAY0001226,POL0001646,383.16,2019-11-12,Failed
PAY0001227,POL0002174,3252.01,2019-05-08,Paid
PAY0001228,POL0000472,2458.97,2022-11-09,Failed
PAY0001229,POL0000811,1520.74,2024-04-18,Failed
PAY0001230,POL0001947,4857.84,2023-11-09,Paid
PAY0001231,POL0000621,464.34,2023-05-23,Paid
PAY0001232,POL0000677,4740.21,2019-03-27,Paid
PAY0001233,POL0002418,964.48,2018-12-13,Paid
PAY0001234,POL0000771,2009.54,2021-11-03,Paid
PAY0001235,POL0002636,2202.73,2022-01-12,Pending
PAY0001236,POL0002055,3708.9,2019-02-25,Paid
PAY0001237,POL0000698,1234.92,2022-09-14,Paid
PAY0001238,POL0001615,4933.29,2022-09-03,Paid
PAY0001239,POL0000065,3795.26,2019-06-28,Paid
PAY0001240,POL0000202,3991.77,2024-10-15,Paid
PAY0001241,POL0000142,710.86,2024-01-01,Pending
PAY0001242,POL0002865,2486.3,2022-12-12,Paid
PAY0001243,POL0002265,4738.92,2019-10-23,Pending
PAY0001244,POL0001317,1496.32,2024-04-23,Pending
PAY0001245,POL0001158,897.84,2024-09-21,Paid
PAY0001246,POL0002310,2529.89,2022-04-08,Paid
PAY0001247,POL0002332,4665.89,2022-02-28,Paid
PAY0001248,POL0000102,2536.59,2021-06-21,Paid
PAY0001249,POL0000377,2143.2,2018-05-19,Paid
PAY0001250,POL0000206,3321.31,2021-06-03,Paid
PAY0001251,POL0000761,4697.04,2022-04-05,Paid
PAY0001252,POL0001147,435.48,2024-11-01,Paid
PAY0001253,POL0002058,936.3,2020-08-09,Paid
PAY0001254,POL0001191,837.22,2021-09-21,Paid
PAY0001255,POL0001635,609.6,2023-07-19,Paid
PAY0001256,POL0001743,1650.11,2020-02-21,Paid
PAY0001257,POL0002199,1300.68,2023-12-22,Paid
PAY0001258,POL0001061,2833.72,2018-05-02,Failed
PAY0001259,POL0001913,1770.99,2023-06-06,Paid
PAY0001260,POL0002824,2145.0,2024-07-14,Paid
PAY0001261,POL0001498,4720.95,2019-11-10,Paid
PAY0001262,POL0001468,947.15,2024-03-29,Paid
PAY0001263,POL0001029,2064.6,2019-07-25,Paid
PAY0001264,POL0000890,1433.99,2024-01-02,Pending
PAY0001265,POL0001250,2836.0,2020-02-20,Paid
PAY0001266,POL0001563,3734.41,2018-11-01,Paid
PAY0001267,POL0000403,4121.54,2023-02-14,Paid
PAY0001268,POL0002987,2673.42,2020-12-18,Paid
PAY0001269,POL0000811,4303.6,2020-02-24,Paid
PAY0001270,POL0001059,3968.36,2018-09-23,Paid
PAY0001271,POL0001261,953.62,2024-08-20,Paid
PAY0001272,POL0001492,1378.06,2019-07-19,Paid
PAY0001273,POL0002547,3424.26,2018-08-11,Paid
PAY0001274,POL0000512,4879.01,2020-01-31,Paid
PAY0001275,POL0001847,2005.42,2023-06-13,Paid
PAY0001276,POL0000317,1303.08,2021-07-30,Paid
PAY0001277,POL0000303,4371.82,2018-08-20,Paid
PAY0001278,POL0001126,1158.14,2021-04-16,Paid
PAY0001279,POL0001336,3547.56,2023-05-29,Paid
PAY0001280,POL0000082,364.4,2022-03-12,Paid
PAY0001281,POL0000658,291.11,2019-12-31,Paid
PAY0001282,POL0002241,2367.52,2018-07-10,Failed
PAY0001283,POL0002272,3351.39,2024-11-19,Paid
PAY0001284,POL0000053,883.69,2023-01-22,Pending
PAY0001285,POL0001015,3866.64,2018-07-03,Paid
PAY0001286,POL0000345,817.94,2019-12-16,Paid
PAY0001287,POL0001109,2761.8,2022-06-07,Paid
PAY0001288,POL0000987,1679.84,2018-05-04,Paid
PAY0001289,POL0001931,3810.82,2018-01-18,Paid
PAY0001290,POL0000641,4059.76,2019-04-24,Paid
PAY0001291,POL0000211,517.24,2019-07-03,Paid
PAY0001292,POL0000864,1124.5,2019-04-20,Paid
PAY0001293,POL0000776,4484.69,2022-12-26,Paid
PAY0001294,POL0000915,2194.94,2023-01-07,Paid
PAY0001295,POL0000183,2488.33,2022-04-17,Paid
PAY0001296,POL0000506,1006.51,2021-03-09,Failed
PAY0001297,POL0001858,4975.5,2022-08-26,Paid
PAY0001298,POL0002060,4630.63,2024-05-11,Paid
PAY0001299,POL0000093,209.72,2023-08-19,Paid
PAY0001300,POL0000330,2843.53,2020-11-26,Failed
PAY0001301,POL0002238,4386.88,2023-04-16,Paid
PAY0001302,POL0002914,2266.56,2021-12-25,Paid
PAY0001303,POL0002341,2296.71,2019-12-24,Paid
PAY0001304,POL0000261,2020.87,2021-09-09,Paid
PAY0001305,POL0000710,338.38,2019-09-16,Paid
PAY0001306,POL0001952,3993.36,2024-12-04,Paid
PAY0001307,POL0002371,2392.57,2023-03-27,Paid
PAY0001308,POL0002058,2749.12,2020-04-28,Paid
PAY0001309,POL0000088,1427.29,2018-08-02,Paid
PAY0001310,POL0002388,3963.77,2020-01-28,Paid
PAY0001311,POL0001573,4009.99,2022-12-29,Paid
PAY0001312,POL0002735,2854.02,2022-04-03,Paid
PAY0001313,POL0002257,4542.21,2022-01-04,Paid
PAY0001314,POL0001073,756.24,2019-08-13,Paid
PAY0001315,POL0002970,3975.81,2022-02-14,Paid
PAY0001316,POL0001847,2881.2,2024-08-02,Paid
PAY0001317,POL0002311,1308.86,2018-12-10,Failed
PAY0001318,POL0002718,835.06,2024-03-15,Paid
PAY0001319,POL0001489,1644.83,2024-05-06,Paid
PAY0001320,POL0001659,4310.32,2024-05-03,Paid
PAY0001321,POL0002068,3980.57,2020-06-13,Paid
PAY0001322,POL0002616,3296.64,2019-07-27,Paid
PAY0001323,POL0001132,633.57,2018-02-24,Paid
PAY0001324,POL0002188,4783.19,2023-06-08,Failed
PAY0001325,POL0001115,1666.11,2020-04-18,Paid
PAY0001326,POL0000271,3113.6,2019-01-01,Failed
PAY0001327,POL0001597,4054.89,2018-05-06,Paid
PAY0001328,POL0000284,837.71,2019-09-13,Paid
PAY0001329,POL0000366,3330.54,2020-04-15,Paid
PAY0001330,POL0002532,355.02,2020-09-03,Paid
PAY0001331,POL0000003,688.59,2021-04-21,Paid
PAY0001332,POL0000784,3671.09,2023-01-27,Pending
PAY0001333,POL0002212,944.39,2018-12-27,Failed
PAY0001334,POL0000388,2328.83,2018-05-09,Paid
PAY0001335,POL0001033,1392.0,2022-02-20,Paid
PAY0001336,POL0001390,2221.9,2019-04-03,Failed
PAY0001337,POL0002060,570.66,2023-06-20,Paid
PAY0001338,POL0000074,3823.52,2021-10-23,Paid
PAY0001339,POL0000238,579.4,2022-03-03,Paid
PAY0001340,POL0001986,4221.99,2018-04-30,Paid
PAY0001341,POL0002963,3380.52,2023-09-25,Paid
PAY0001342,POL0002282,2199.61,2021-11-01,Pending
PAY0001343,POL0001463,4359.14,2021-06-10,Paid
PAY0001344,POL0001781,1093.43,2018-10-13,Paid
PAY0001345,POL0001505,1469.91,2022-02-26,Paid
PAY0001346,POL0001116,858.19,2021-11-23,Failed
PAY0001347,POL0000872,2031.53,2018-06-14,Failed
PAY0001348,POL0001222,4936.32,2024-11-10,Paid
PAY0001349,POL0001140,972.93,2024-03-15,Paid
PAY0001350,POL0001667,4188.69,2022-04-21,Failed
PAY0001351,POL0002201,3329.02,2024-12-17,Paid
PAY0001352,POL0001657,275.91,2019-02-24,Pending
PAY0001353,POL0001132,4735.47,2023-11-01,Paid
PAY0001354,POL0001972,4861.24,2021-07-02,Paid
PAY0001355,POL0002576,4639.52,2024-04-27,Pending
PAY0001356,POL0000811,2608.35,2021-05-24,Pending
PAY0001357,POL0000056,1257.8,2022-03-23,Paid
PAY0001358,POL0002663,2078.07,2024-07-20,Paid
PAY0001359,POL0001534,3148.12,2023-06-06,Paid
PAY0001360,POL0000934,2018.41,2020-10-19,Paid
PAY0001361,POL0000663,3599.22,2022-01-23,Paid
PAY0001362,POL0001579,4018.76,2018-01-20,Paid
PAY0001363,POL0002348,1205.09,2022-05-25,Failed
PAY0001364,POL0002678,2143.72,2020-09-16,Paid
PAY0001365,POL0001872,4797.17,2021-01-20,Paid
PAY0001366,POL0001303,1399.07,2020-02-24,Paid
PAY0001367,POL0000144,1862.95,2023-01-28,Paid
PAY0001368,POL0000229,371.17,2021-07-01,Paid
PAY0001369,POL0002514,1795.36,2020-10-03,Paid
PAY0001370,POL0002185,1980.47,2019-01-03,Paid
PAY0001371,POL0000240,679.21,2018-06-24,Paid
PAY0001372,POL0002005,206.92,2019-07-26,Pending
PAY0001373,POL0002497,2961.95,2024-08-26,Paid
PAY0001374,POL0001339,1647.33,2023-03-31,Paid
PAY0001375,POL0000151,285.55,2020-01-19,Paid
PAY0001376,POL0000803,4327.73,2023-05-02,Paid
PAY0001377,POL0000353,3005.17,2021-08-26,Paid
PAY0001378,POL0001975,1021.61,2024-02-16,Pending
PAY0001379,POL0001134,4353.18,2020-12-31,Failed
PAY0001380,POL0000466,1417.21,2019-11-23,Paid
PAY0001381,POL0001064,1291.74,2023-08-03,Paid
PAY0001382,POL0002702,4494.24,2018-06-27,Paid
PAY0001383,POL0001396,1061.4,2022-08-24,Paid
PAY0001384,POL0001549,4419.13,2024-06-30,Paid
PAY0001385,POL0001531,4054.27,2022-06-10,Paid
PAY0001386,POL0000053,1686.93,2023-03-21,Paid
PAY0001387,POL0001769,365.11,2023-09-21,Paid
PAY0001388,POL0002399,596.35,2022-02-10,Paid
PAY0001389,POL0001575,725.74,2018-06-21,Failed
PAY0001390,POL0002787,4475.83,2024-04-16,Paid
PAY0001391,POL0002388,2139.37,2020-06-24,Paid
PAY0001392,POL0001145,356.14,2020-04-21,Failed
PAY0001393,POL0002113,2871.43,2024-01-28,Paid
PAY0001394,POL0001464,1198.36,2022-04-04,Paid
PAY0001395,POL0000296,1328.61,2019-05-06,Paid
PAY0001396,POL0002990,972.04,2018-01-15,Paid
PAY0001397,POL0002253,3857.7,2022-07-28,Paid
PAY0001398,POL0000647,202.94,2024-12-28,Paid
PAY0001399,POL0001581,2307.12,2020-10-05,Paid
PAY0001400,POL0002183,616.98,2018-04-09,Pending
PAY0001401,POL0002426,2851.4,2021-09-25,Paid
PAY0001402,POL0002916,1860.76,2019-08-22,Paid
PAY0001403,POL0002628,336.09,2018-12-25,Paid
PAY0001404,POL0000710,2412.68,2018-10-07,Pending
PAY0001405,POL0000067,2938.81,2023-02-24,Paid
PAY0001406,POL0002051,1388.74,2023-12-13,Paid
PAY0001407,POL0001594,3874.46,2024-02-11,Paid
PAY0001408,POL0001912,1981.03,2019-05-31,Paid
PAY0001409,POL0000510,3796.86,2020-03-16,Pending
PAY0001410,POL0001892,2979.28,2021-04-04,Paid
PAY0001411,POL0001462,4372.41,2019-04-11,Paid
PAY0001412,POL0002825,2825.24,2019-08-21,Failed
PAY0001413,POL0001974,1091.01,2022-06-01,Paid
PAY0001414,POL0002000,4148.44,2018-04-19,Paid
PAY0001415,POL0001971,3958.57,2020-08-19,Failed
PAY0001416,POL0001552,4867.31,2022-12-08,Pending
PAY0001417,POL0000102,649.19,2023-08-31,Paid
PAY0001418,POL0001461,3037.91,2024-08-20,Pending
PAY0001419,POL0002847,2560.01,2018-06-24,Paid
PAY0001420,POL0000734,3420.19,2020-07-13,Paid
PAY0001421,POL0002435,4904.86,2024-01-08,Paid
PAY0001422,POL0000533,2754.91,2021-12-27,Paid
PAY0001423,POL0000092,3491.55,2024-12-06,Paid
PAY0001424,POL0001820,1866.62,2023-05-26,Paid
PAY0001425,POL0001157,1635.06,2021-07-20,Pending
PAY0001426,POL0000839,1809.42,2018-04-30,Paid
PAY0001427,POL0000505,385.32,2018-11-27,Paid
PAY0001428,POL0001477,1566.76,2024-09-03,Pending
PAY0001429,POL0000841,1030.14,2022-10-06,Paid
PAY0001430,POL0000687,2395.65,2020-07-15,Paid
PAY0001431,POL0002773,2411.96,2022-08-13,Failed
PAY0001432,POL0002196,3873.1,2021-09-29,Paid
PAY0001433,POL0000934,2611.0,2019-03-20,Paid
PAY0001434,POL0001256,2422.79,2019-02-18,Paid
PAY0001435,POL0000884,1311.81,2020-12-13,Paid
PAY0001436,POL0000314,4291.9,2018-02-24,Pending
PAY0001437,POL0002705,636.8,2018-11-04,Paid
PAY0001438,POL0002346,4915.02,2021-11-20,Failed
PAY0001439,POL0000223,2485.16,2018-02-17,Paid
PAY0001440,POL0002401,1092.74,2018-05-15,Paid
PAY0001441,POL0000416,1900.77,2019-10-24,Paid
PAY0001442,POL0002110,273.78,2018-09-24,Pending
PAY0001443,POL0002656,999.31,2021-11-16,Paid
PAY0001444,POL0000624,1809.63,2024-04-28,Paid
PAY0001445,POL0002424,2861.19,2019-01-14,Paid
PAY0001446,POL0002647,821.51,2021-10-02,Paid
PAY0001447,POL0000405,3444.62,2020-12-14,Paid
PAY0001448,POL0002977,4252.53,2018-03-31,Paid
PAY0001449,POL0001279,2947.23,2022-12-03,Paid
PAY0001450,POL0000390,1625.13,2022-07-11,Paid
PAY0001451,POL0001649,782.68,2020-09-11,Paid
PAY0001452,POL0000766,274.57,2020-02-05,Paid
PAY0001453,POL0000348,3712.65,2023-04-01,Paid
PAY0001454,POL0001346,3216.7,2023-03-23,Paid
PAY0001455,POL0002565,2486.16,2021-06-05,Paid
PAY0001456,POL0001920,689.58,2024-09-20,Paid
PAY0001457,POL0000330,1193.72,2019-09-11,Paid
PAY0001458,POL0001969,4112.83,2023-07-02,Paid
PAY0001459,POL0000974,2503.29,2024-06-09,Paid
PAY0001460,POL0002140,4821.6,2018-09-24,Paid
PAY0001461,POL0001246,4999.87,2021-10-13,Paid
PAY0001462,POL0002238,4043.39,2022-12-06,Paid
PAY0001463,POL0002620,1439.28,2018-01-09,Paid
PAY0001464,POL0000205,1309.35,2019-03-16,Paid
PAY0001465,POL0002260,1417.44,2023-01-18,Paid
PAY0001466,POL0002818,4936.57,2019-12-01,Pending
PAY0001467,POL0000089,1809.63,2023-04-02,Paid
PAY0001468,POL0000363,3590.94,2022-01-12,Paid
PAY0001469,POL0000332,4803.29,2022-11-24,Pending
PAY0001470,POL0002969,4134.06,2022-02-26,Failed
PAY0001471,POL0000708,3068.5,2022-07-18,Paid
PAY0001472,POL0002892,1011.03,2024-12-15,Paid
PAY0001473,POL0001479,1039.7,2022-07-06,Paid
PAY0001474,POL0002743,2563.63,2022-03-20,Paid
PAY0001475,POL0000422,4769.33,2022-11-16,Paid
PAY0001476,POL0000763,4541.57,2021-10-16,Paid
PAY0001477,POL0002784,997.72,2020-12-27,Paid
PAY0001478,POL0001195,1581.05,2024-11-24,Paid
PAY0001479,POL0002758,3026.29,2020-09-24,Paid
PAY0001480,POL0000249,2491.67,2020-01-21,Paid
PAY0001481,POL0002229,772.94,2022-04-15,Pending
PAY0001482,POL0000483,1972.67,2021-02-09,Paid
PAY0001483,POL0001408,4782.63,2022-03-08,Paid
PAY0001484,POL0002837,4766.92,2023-04-24,Pending
PAY0001485,POL0002296,2885.24,2019-12-03,Paid
PAY0001486,POL0000319,3249.25,2023-04-30,Paid
PAY0001487,POL0000700,1265.15,2022-10-03,Paid
PAY0001488,POL0000531,3761.37,2021-01-05,Paid
PAY0001489,POL0001137,451.98,2022-06-13,Paid
PAY0001490,POL0001948,1259.27,2019-03-19,Failed
PAY0001491,POL0002611,228.24,2024-09-03,Paid
PAY0001492,POL0001368,2051.37,2020-07-19,Failed
PAY0001493,POL0000123,4281.25,2019-09-16,Paid
PAY0001494,POL0000750,4916.03,2024-02-07,Pending
PAY0001495,POL0000319,3405.23,2020-04-04,Paid
PAY0001496,POL0001598,3775.36,2021-10-03,Paid
PAY0001497,POL0000586,1461.2,2018-03-31,Paid
PAY0001498,POL0002293,2697.6,2022-06-21,Pending
PAY0001499,POL0000544,3735.57,2023-04-23,Paid
PAY0001500,POL0001481,2586.92,2021-08-28,Paid
PAY0001501,POL0002201,625.02,2019-08-24,Paid
PAY0001502,POL0002704,3756.15,2024-10-09,Pending
PAY0001503,POL0000015,1253.91,2021-07-26,Failed
PAY0001504,POL0001467,668.95,2024-01-28,Paid
PAY0001505,POL0000245,2494.68,2020-08-16,Paid
PAY0001506,POL0002839,558.12,2019-12-12,Paid
PAY0001507,POL0002615,3221.33,2019-06-16,Paid
PAY0001508,POL0002602,3274.27,2024-09-21,Paid
PAY0001509,POL0000899,1432.17,2022-03-26,Paid
PAY0001510,POL0001479,4829.77,2020-08-30,Paid
PAY0001511,POL0001383,4157.37,2024-04-04,Paid
PAY0001512,POL0000052,726.02,2020-11-20,Failed
PAY0001513,POL0002059,3792.86,2022-04-20,Pending
PAY0001514,POL0000823,1894.76,2021-09-18,Paid
PAY0001515,POL0001624,3801.38,2019-08-04,Paid
PAY0001516,POL0002275,4043.82,2024-05-09,Paid
PAY0001517,POL0002162,926.61,2023-01-22,Pending
PAY0001518,POL0000604,3376.84,2023-04-07,Paid
PAY0001519,POL0000593,4341.1,2020-06-09,Paid
PAY0001520,POL0001274,1752.19,2021-09-08,Paid
PAY0001521,POL0001274,585.58,2024-03-30,Paid
PAY0001522,POL0002985,330.88,2022-12-26,Paid
PAY0001523,POL0002258,728.0,2021-01-08,Paid
PAY0001524,POL0002999,220.19,2018-06-19,Paid
PAY0001525,POL0001005,1769.34,2021-04-06,Paid
PAY0001526,POL0002659,1636.78,2020-04-23,Paid
PAY0001527,POL0001572,729.64,2022-03-21,Paid
PAY0001528,POL0002386,3325.37,2022-06-15,Paid
PAY0001529,POL0001812,4961.15,2019-11-25,Paid
PAY0001530,POL0000725,4524.45,2018-12-14,Paid
PAY0001531,POL0000815,1413.68,2023-11-25,Paid
PAY0001532,POL0000532,3895.91,2019-02-02,Pending
PAY0001533,POL0000759,4696.94,2020-09-13,Paid
PAY0001534,POL0000006,4550.55,2024-04-19,Paid
PAY0001535,POL0000585,4445.84,2018-06-08,Failed
PAY0001536,POL0000619,3974.96,2022-05-31,Paid
PAY0001537,POL0001535,1606.36,2022-06-25,Failed
PAY0001538,POL0000797,601.1,2019-06-29,Paid
PAY0001539,POL0001485,2541.53,2023-10-30,Paid
PAY0001540,POL0000356,463.0,2021-07-15,Paid
PAY0001541,POL0002267,4992.67,2019-04-23,Pending
PAY0001542,POL0002415,1919.89,2021-04-03,Paid
PAY0001543,POL0000889,4800.03,2021-01-24,Paid
PAY0001544,POL0000561,3910.98,2021-12-31,Paid
PAY0001545,POL0000364,2174.2,2021-07-16,Paid
PAY0001546,POL0001414,767.89,2023-10-20,Failed
PAY0001547,POL0001319,1338.53,2023-08-05,Failed
PAY0001548,POL0002553,3430.61,2018-01-23,Paid
PAY0001549,POL0001312,4183.69,2021-06-02,Paid
PAY0001550,POL0002225,4901.31,2023-11-09,Paid
PAY0001551,POL0001323,834.38,2020-03-08,Paid
PAY0001552,POL0001644,948.55,2021-05-11,Paid
PAY0001553,POL0001308,403.71,2022-10-19,Paid
PAY0001554,POL0002861,1449.75,2021-03-27,Paid
PAY0001555,POL0002625,4141.12,2023-08-28,Paid
PAY0001556,POL0002866,1151.63,2021-07-06,Failed
PAY0001557,POL0001078,2829.75,2023-02-15,Pending
PAY0001558,POL0002867,2342.75,2019-07-25,Paid
PAY0001559,POL0001835,1763.97,2021-07-01,Paid
PAY0001560,POL0001344,3168.06,2022-08-29,Pending
PAY0001561,POL0002527,2611.16,2023-03-05,Paid
PAY0001562,POL0000722,1806.86,2021-08-02,Paid
PAY0001563,POL0001245,3506.48,2020-01-21,Failed
PAY0001564,POL0001706,1543.85,2019-06-23,Paid
PAY0001565,POL0001958,3287.28,2018-10-20,Failed
PAY0001566,POL0001367,4794.78,2024-07-30,Paid
PAY0001567,POL0001346,3698.97,2020-08-26,Failed
PAY0001568,POL0000581,2208.32,2021-01-06,Paid
PAY0001569,POL0000746,3788.28,2022-11-15,Paid
PAY0001570,POL0001039,4084.36,2021-05-24,Paid
PAY0001571,POL0001504,1764.03,2021-04-06,Paid
PAY0001572,POL0000878,3584.63,2024-11-28,Paid
PAY0001573,POL0000134,2285.1,2018-10-29,Paid
PAY0001574,POL0000718,4128.91,2021-11-02,Paid
PAY0001575,POL0001048,1617.81,2019-02-07,Failed
PAY0001576,POL0002425,4701.25,2018-02-27,Paid
PAY0001577,POL0002700,2958.98,2024-04-05,Paid
PAY0001578,POL0001463,1895.86,2022-07-21,Pending
PAY0001579,POL0001348,2212.98,2019-02-07,Paid
PAY0001580,POL0001146,1869.43,2023-03-19,Paid
PAY0001581,POL0001365,901.98,2024-04-21,Paid
PAY0001582,POL0001232,528.76,2021-11-18,Paid
PAY0001583,POL0002002,1744.54,2023-07-18,Paid
PAY0001584,POL0000166,2401.71,2019-03-17,Paid
PAY0001585,POL0001580,1936.72,2021-01-02,Failed
PAY0001586,POL0001099,266.81,2019-07-31,Paid
PAY0001587,POL0001504,2979.23,2023-05-12,Paid
PAY0001588,POL0002320,895.12,2023-07-09,Pending
PAY0001589,POL0002018,1212.83,2018-09-18,Paid
PAY0001590,POL0002214,779.59,2021-01-12,Paid
PAY0001591,POL0000762,2698.08,2022-06-15,Pending
PAY0001592,POL0001110,656.76,2020-12-06,Paid
PAY0001593,POL0000649,1430.51,2021-09-28,Paid
PAY0001594,POL0002893,2368.2,2020-04-05,Failed
PAY0001595,POL0000551,1005.0,2018-06-15,Paid
PAY0001596,POL0000599,2341.96,2022-02-06,Paid
PAY0001597,POL0002203,1845.13,2024-03-20,Paid
PAY0001598,POL0001600,4330.87,2020-07-10,Paid
PAY0001599,POL0000417,4015.54,2019-03-02,Paid
PAY0001600,POL0001740,4965.7,2018-06-24,Paid
PAY0001601,POL0002115,2738.78,2024-05-06,Paid
PAY0001602,POL0002565,2961.91,2022-02-02,Paid
PAY0001603,POL0001083,4743.9,2022-12-07,Paid
PAY0001604,POL0001007,2118.04,2023-12-05,Paid
PAY0001605,POL0000588,2867.28,2024-10-30,Paid
PAY0001606,POL0000772,2019.61,2018-04-21,Pending
PAY0001607,POL0002808,2820.13,2021-02-02,Paid
PAY0001608,POL0001913,587.68,2020-03-22,Paid
PAY0001609,POL0002224,3962.21,2021-11-15,Paid
PAY0001610,POL0000322,4929.34,2021-04-17,Failed
PAY0001611,POL0001485,515.55,2021-11-23,Pending
PAY0001612,POL0002184,4044.99,2023-09-04,Paid
PAY0001613,POL0002476,1360.33,2019-08-02,Paid
PAY0001614,POL0001818,1148.23,2018-12-27,Paid
PAY0001615,POL0002022,3528.18,2019-06-06,Paid
PAY0001616,POL0000931,411.83,2023-04-25,Paid
PAY0001617,POL0002959,2423.55,2019-07-23,Paid
PAY0001618,POL0000680,206.93,2021-07-21,Paid
PAY0001619,POL0002370,2861.09,2024-09-10,Paid
PAY0001620,POL0001360,2417.99,2024-03-17,Paid
PAY0001621,POL0000781,4594.32,2024-03-31,Paid
PAY0001622,POL0001537,3657.31,2018-02-23,Paid
PAY0001623,POL0000171,804.83,2018-08-04,Paid
PAY0001624,POL0000924,1901.79,2018-12-22,Paid
PAY0001625,POL0000129,4671.58,2022-01-14,Paid
PAY0001626,POL0002728,3681.6,2020-01-09,Paid
PAY0001627,POL0001442,3052.52,2020-05-12,Paid
PAY0001628,POL0000397,2883.54,2019-11-14,Failed
PAY0001629,POL0002109,2110.87,2020-11-06,Failed
PAY0001630,POL0001858,3008.97,2024-10-12,Pending
PAY0001631,POL0001659,3903.99,2019-02-14,Paid
PAY0001632,POL0001796,812.18,2020-02-15,Paid
PAY0001633,POL0002521,4855.19,2024-02-26,Paid
PAY0001634,POL0002786,1348.95,2021-11-01,Paid
PAY0001635,POL0000397,2349.16,2024-03-21,Pending
PAY0001636,POL0000804,309.03,2022-11-12,Paid
PAY0001637,POL0000655,2841.66,2023-03-11,Paid
PAY0001638,POL0002650,2032.96,2022-05-30,Paid
PAY0001639,POL0001877,1398.83,2022-06-07,Paid
PAY0001640,POL0000268,4930.52,2021-07-17,Paid
PAY0001641,POL0002124,2255.08,2024-08-07,Paid
PAY0001642,POL0001093,2188.62,2020-01-29,Paid
PAY0001643,POL0001469,2422.9,2019-11-10,Paid
PAY0001644,POL0001322,757.54,2024-01-24,Paid
PAY0001645,POL0001498,2086.86,2023-07-05,Paid
PAY0001646,POL0000898,1814.74,2023-09-06,Pending
PAY0001647,POL0001755,2432.6,2020-08-30,Paid
PAY0001648,POL0001509,4311.78,2022-01-06,Paid
PAY0001649,POL0000822,1125.37,2018-01-14,Paid
PAY0001650,POL0002136,3117.15,2019-01-16,Paid
PAY0001651,POL0001165,380.66,2021-11-23,Paid
PAY0001652,POL0001565,1720.6,2018-01-30,Paid
PAY0001653,POL0002573,2468.76,2019-07-25,Paid
PAY0001654,POL0000826,556.54,2023-06-05,Paid
PAY0001655,POL0000575,2811.05,2024-09-21,Pending
PAY0001656,POL0001367,1689.56,2022-02-20,Paid
PAY0001657,POL0000687,4965.49,2022-07-09,Paid
PAY0001658,POL0000975,3228.65,2024-11-10,Paid
PAY0001659,POL0000506,1372.04,2020-06-26,Failed
PAY0001660,POL0001771,692.83,2023-03-19,Paid
PAY0001661,POL0000074,395.45,2021-05-28,Paid
PAY0001662,POL0000806,635.71,2022-01-24,Paid
PAY0001663,POL0000581,3464.29,2023-09-13,Failed
PAY0001664,POL0000223,4303.96,2023-01-31,Paid
PAY0001665,POL0000897,952.32,2022-07-11,Paid
PAY0001666,POL0002434,2130.25,2024-07-05,Paid
PAY0001667,POL0002170,1900.33,2019-06-04,Failed
PAY0001668,POL0001799,3293.69,2024-07-24,Paid
PAY0001669,POL0000733,1076.85,2018-09-13,Paid
PAY0001670,POL0001465,4775.93,2019-03-08,Failed
PAY0001671,POL0000823,3697.07,2019-04-13,Paid
PAY0001672,POL0000457,4784.35,2021-10-17,Pending
PAY0001673,POL0002212,1531.37,2020-01-06,Paid
PAY0001674,POL0002140,3021.04,2021-07-26,Pending
PAY0001675,POL0002384,3714.89,2018-11-18,Paid
PAY0001676,POL0000586,3612.59,2020-01-14,Paid
PAY0001677,POL0002983,302.46,2023-07-13,Paid
PAY0001678,POL0000314,4991.79,2021-08-16,Paid
PAY0001679,POL0002650,4654.69,2018-08-15,Paid
PAY0001680,POL0001890,774.81,2024-03-13,Paid
PAY0001681,POL0000994,2809.12,2024-12-26,Failed
PAY0001682,POL0002958,1709.87,2019-10-16,Paid
PAY0001683,POL0001490,4418.69,2022-07-26,Paid
PAY0001684,POL0001665,3548.09,2021-02-20,Failed
PAY0001685,POL0002609,1272.88,2018-02-05,Paid
PAY0001686,POL0002533,362.53,2021-12-25,Paid
PAY0001687,POL0000656,1600.36,2024-03-21,Paid
PAY0001688,POL0002675,383.06,2020-12-27,Paid
PAY0001689,POL0002114,878.29,2023-12-22,Paid
PAY0001690,POL0001881,3253.46,2023-04-19,Paid
PAY0001691,POL0000201,3776.41,2023-02-25,Paid
PAY0001692,POL0002516,2446.48,2021-11-08,Paid
PAY0001693,POL0000434,3081.38,2021-07-13,Paid
PAY0001694,POL0000138,948.25,2023-10-02,Pending
PAY0001695,POL0001076,1720.62,2020-11-15,Failed
PAY0001696,POL0001749,3621.84,2020-11-07,Paid
PAY0001697,POL0001476,1951.48,2024-11-11,Paid
PAY0001698,POL0001182,1874.29,2019-10-11,Paid
PAY0001699,POL0002850,1131.16,2022-09-19,Paid
PAY0001700,POL0000862,3055.16,2021-10-31,Paid
PAY0001701,POL0001230,4085.79,2018-08-28,Paid
PAY0001702,POL0001340,2453.34,2018-03-23,Paid
PAY0001703,POL0000136,754.59,2021-08-25,Paid
PAY0001704,POL0000449,4224.16,2021-11-13,Paid
PAY0001705,POL0000069,542.71,2024-10-13,Paid
PAY0001706,POL0000813,2464.29,2020-09-06,Paid
PAY0001707,POL0001015,1453.17,2022-10-04,Paid
PAY0001708,POL0001191,4694.33,2020-01-22,Paid
PAY0001709,POL0001741,3740.21,2018-10-09,Paid
PAY0001710,POL0002020,2918.76,2019-02-04,Pending
PAY0001711,POL0001965,3405.23,2024-11-16,Paid
PAY0001712,POL0000097,2757.09,2019-11-22,Failed
PAY0001713,POL0000377,908.48,2021-10-25,Failed
PAY0001714,POL0001515,3603.67,2020-08-29,Paid
PAY0001715,POL0001948,2564.83,2020-01-18,Paid
PAY0001716,POL0001077,3244.68,2020-08-31,Paid
PAY0001717,POL0000009,416.97,2022-03-19,Paid
PAY0001718,POL0002379,881.77,2018-11-16,Pending
PAY0001719,POL0000251,3028.98,2020-06-07,Paid
PAY0001720,POL0000360,2405.26,2020-09-05,Paid
PAY0001721,POL0002397,1288.99,2023-12-17,Paid
PAY0001722,POL0000124,1355.65,2023-03-21,Paid
PAY0001723,POL0000634,3231.96,2023-05-25,Paid
PAY0001724,POL0000199,483.04,2020-10-27,Failed
PAY0001725,POL0000829,2284.44,2024-02-18,Paid
PAY0001726,POL0001435,2710.9,2024-06-15,Paid
PAY0001727,POL0000918,1679.08,2021-04-08,Paid
PAY0001728,POL0001119,4138.64,2021-05-06,Paid
PAY0001729,POL0002078,472.49,2019-02-25,Paid
PAY0001730,POL0001116,4355.76,2021-11-23,Failed
PAY0001731,POL0000596,3671.66,2022-12-19,Paid
PAY0001732,POL0002703,2342.02,2018-04-17,Paid
PAY0001733,POL0002869,4637.44,2020-08-27,Paid
PAY0001734,POL0002508,3570.74,2019-03-29,Paid
PAY0001735,POL0001745,4669.02,2022-05-09,Paid
PAY0001736,POL0000023,2468.43,2019-03-28,Paid
PAY0001737,POL0000326,2374.27,2023-10-06,Paid
PAY0001738,POL0000877,2747.56,2019-04-28,Failed
PAY0001739,POL0002733,514.05,2018-02-28,Paid
PAY0001740,POL0000263,4560.77,2021-07-10,Paid
PAY0001741,POL0002855,3405.04,2023-01-18,Paid
PAY0001742,POL0001384,3164.41,2020-04-02,Paid
PAY0001743,POL0001586,4647.02,2018-07-05,Failed
PAY0001744,POL0000433,4969.46,2021-05-03,Paid
PAY0001745,POL0000560,984.29,2018-07-14,Paid
PAY0001746,POL0002556,3795.19,2022-08-12,Pending
PAY0001747,POL0000049,2983.74,2021-10-02,Paid
PAY0001748,POL0002216,2412.79,2023-06-30,Paid
PAY0001749,POL0001703,4892.54,2023-12-16,Paid
PAY0001750,POL0002489,4281.26,2022-11-02,Paid
PAY0001751,POL0000594,3544.4,2019-07-17,Failed
PAY0001752,POL0001599,2036.85,2022-07-28,Paid
PAY0001753,POL0000228,3397.0,2018-03-17,Paid
PAY0001754,POL0001976,2752.13,2023-05-17,Paid
PAY0001755,POL0000214,1396.97,2024-05-21,Paid
PAY0001756,POL0001666,2361.83,2023-06-18,Paid
PAY0001757,POL0002928,1218.62,2018-04-13,Paid
PAY0001758,POL0002656,2602.02,2022-08-27,Paid
PAY0001759,POL0002798,3657.14,2024-04-19,Paid
PAY0001760,POL0001042,375.9,2020-01-10,Paid
PAY0001761,POL0000467,3873.82,2019-08-06,Paid
PAY0001762,POL0002392,295.97,2024-07-30,Paid
PAY0001763,POL0002372,2682.93,2023-09-13,Paid
PAY0001764,POL0001270,2952.69,2021-12-15,Paid
PAY0001765,POL0001084,3853.97,2020-01-30,Pending
PAY0001766,POL0001666,3852.94,2024-08-06,Paid
PAY0001767,POL0000862,2203.79,2020-03-31,Paid
PAY0001768,POL0002726,518.59,2018-04-19,Paid
PAY0001769,POL0001951,3528.8,2023-12-15,Paid
PAY0001770,POL0002728,2652.73,2020-03-06,Paid
PAY0001771,POL0001277,1798.68,2020-11-25,Failed
PAY0001772,POL0000848,1327.39,2023-02-04,Paid
PAY0001773,POL0001407,774.84,2018-06-25,Paid
PAY0001774,POL0000576,1616.68,2020-09-09,Paid
PAY0001775,POL0000545,2400.75,2018-09-06,Paid
PAY0001776,POL0000058,2492.52,2018-09-16,Paid
PAY0001777,POL0002112,2997.15,2024-10-25,Paid
PAY0001778,POL0000899,1939.85,2023-05-29,Paid
PAY0001779,POL0002173,4615.51,2021-08-06,Paid
PAY0001780,POL0002109,2580.17,2021-11-16,Paid
PAY0001781,POL0000380,2233.88,2019-02-18,Paid
PAY0001782,POL0000978,431.21,2020-04-05,Paid
PAY0001783,POL0001785,3075.27,2019-09-21,Paid
PAY0001784,POL0001162,3093.77,2024-09-16,Paid
PAY0001785,POL0000066,2999.79,2020-06-07,Paid
PAY0001786,POL0001203,4460.47,2024-07-18,Failed
PAY0001787,POL0002014,3861.92,2019-05-16,Failed
PAY0001788,POL0000798,4363.55,2023-04-23,Paid
PAY0001789,POL0001817,485.23,2022-02-18,Paid
PAY0001790,POL0001195,1727.01,2020-07-23,Paid
PAY0001791,POL0002803,1729.82,2020-02-18,Paid
PAY0001792,POL0000632,3353.82,2020-06-09,Paid
PAY0001793,POL0001368,2353.35,2024-10-02,Paid
PAY0001794,POL0000227,3931.87,2019-02-13,Failed
PAY0001795,POL0000192,2045.27,2023-04-27,Paid
PAY0001796,POL0002800,1263.72,2019-06-06,Paid
PAY0001797,POL0001630,1596.57,2022-12-02,Paid
PAY0001798,POL0001150,1075.85,2018-03-14,Paid
PAY0001799,POL0000099,1149.88,2019-10-25,Paid
PAY0001800,POL0000344,1240.83,2021-08-27,Paid
PAY0001801,POL0002291,277.25,2019-07-03,Paid
PAY0001802,POL0000020,3637.22,2019-12-12,Failed
PAY0001803,POL0002407,2118.09,2018-09-30,Paid
PAY0001804,POL0000433,308.82,2021-04-20,Paid
PAY0001805,POL0001000,1976.04,2023-12-29,Paid
PAY0001806,POL0002659,4545.77,2024-10-23,Paid
PAY0001807,POL0002535,2653.97,2019-06-18,Pending
PAY0001808,POL0000330,4936.41,2019-06-10,Paid
PAY0001809,POL0001691,2791.81,2023-10-13,Paid
PAY0001810,POL0002233,4821.44,2023-08-08,Paid
PAY0001811,POL0000335,1168.64,2018-08-31,Paid
PAY0001812,POL0002554,1591.69,2022-11-22,Pending
PAY0001813,POL0002511,3559.86,2022-06-22,Paid
PAY0001814,POL0001957,4936.74,2018-07-07,Paid
PAY0001815,POL0002051,4161.43,2021-04-20,Failed
PAY0001816,POL0002717,2857.79,2021-10-20,Paid
PAY0001817,POL0001988,608.73,2020-12-14,Paid
PAY0001818,POL0002223,1949.02,2018-11-09,Paid
PAY0001819,POL0001872,614.84,2018-09-29,Failed
PAY0001820,POL0001605,1694.15,2019-04-25,Paid
PAY0001821,POL0001557,1442.2,2019-06-28,Paid
PAY0001822,POL0002346,2065.07,2020-08-13,Paid
PAY0001823,POL0002166,4218.93,2023-09-17,Paid
PAY0001824,POL0000789,921.81,2019-01-30,Paid
PAY0001825,POL0000642,1669.11,2023-09-26,Paid
PAY0001826,POL0000206,1453.36,2018-02-20,Failed
PAY0001827,POL0002078,1621.48,2024-03-08,Paid
PAY0001828,POL0001452,1930.99,2021-06-17,Paid
PAY0001829,POL0002990,1372.7,2018-04-06,Paid
PAY0001830,POL0000823,4724.39,2023-08-25,Paid
PAY0001831,POL0002045,2216.49,2019-10-07,Paid
PAY0001832,POL0002305,747.74,2023-10-17,Failed
PAY0001833,POL0002230,2444.76,2019-01-17,Paid
PAY0001834,POL0000208,1085.27,2023-03-21,Pending
PAY0001835,POL0000879,1237.43,2023-08-03,Paid
PAY0001836,POL0002390,1568.2,2022-01-07,Pending
PAY0001837,POL0001613,798.85,2024-08-02,Paid
PAY0001838,POL0000378,3661.37,2022-05-14,Paid
PAY0001839,POL0000411,4001.34,2023-06-07,Paid
PAY0001840,POL0000383,2092.57,2021-07-09,Paid
PAY0001841,POL0002885,3507.16,2022-12-20,Failed
PAY0001842,POL0000571,2066.98,2021-11-24,Paid
PAY0001843,POL0001175,987.57,2023-10-30,Paid
PAY0001844,POL0001644,2106.41,2018-01-21,Paid
PAY0001845,POL0002417,2873.54,2020-09-19,Pending
PAY0001846,POL0001131,396.77,2019-02-11,Paid
PAY0001847,POL0001163,3341.53,2018-05-29,Paid
PAY0001848,POL0000280,3764.52,2018-09-30,Failed
PAY0001849,POL0002120,4327.86,2020-12-24,Failed
PAY0001850,POL0002671,693.3,2021-02-21,Paid
PAY0001851,POL0002553,200.45,2018-11-25,Paid
PAY0001852,POL0001762,551.68,2024-12-22,Paid
PAY0001853,POL0002998,4635.76,2019-11-03,Paid
PAY0001854,POL0002154,3874.67,2021-03-09,Pending
PAY0001855,POL0002207,4210.09,2018-07-27,Pending
PAY0001856,POL0001174,2681.67,2023-12-26,Paid
PAY0001857,POL0000014,2728.26,2021-05-26,Paid
PAY0001858,POL0002053,1632.83,2021-06-16,Paid
PAY0001859,POL0001297,4245.21,2023-02-22,Pending
PAY0001860,POL0002259,4182.89,2020-07-28,Paid
PAY0001861,POL0002375,2082.42,2021-01-21,Paid
PAY0001862,POL0000858,1780.48,2018-11-23,Paid
PAY0001863,POL0000466,3744.19,2021-06-27,Pending
PAY0001864,POL0001964,325.61,2018-01-12,Paid
PAY0001865,POL0001774,4327.75,2020-06-12,Failed
PAY0001866,POL0000746,2341.99,2024-06-10,Paid
PAY0001867,POL0002225,2318.45,2021-08-02,Paid
PAY0001868,POL0001791,3411.57,2018-01-25,Paid
PAY0001869,POL0001857,3299.6,2020-03-26,Failed
PAY0001870,POL0000132,1476.68,2019-11-27,Paid
PAY0001871,POL0000777,4727.74,2024-10-02,Paid
PAY0001872,POL0002464,4934.38,2022-07-17,Paid
PAY0001873,POL0000344,2724.75,2019-12-21,Paid
PAY0001874,POL0002533,2894.63,2021-06-15,Paid
PAY0001875,POL0001556,2860.73,2023-12-05,Paid
PAY0001876,POL0001594,2531.78,2018-10-13,Paid
PAY0001877,POL0000578,4736.9,2023-11-12,Paid
PAY0001878,POL0000345,1374.81,2018-06-05,Paid
PAY0001879,POL0001421,718.2,2021-08-07,Pending
PAY0001880,POL0002523,4661.83,2019-01-13,Paid
PAY0001881,POL0000525,1222.58,2021-09-01,Paid
PAY0001882,POL0001598,3795.95,2019-07-09,Paid
PAY0001883,POL0001948,1178.59,2019-10-10,Paid
PAY0001884,POL0000046,4808.89,2018-08-24,Paid
PAY0001885,POL0001935,3997.38,2022-04-28,Paid
PAY0001886,POL0001629,4609.85,2018-08-12,Paid
PAY0001887,POL0000981,4764.73,2024-09-29,Paid
PAY0001888,POL0001452,605.24,2018-05-15,Paid
PAY0001889,POL0002071,2280.27,2018-03-02,Paid
PAY0001890,POL0001893,3310.88,2024-03-30,Paid
PAY0001891,POL0002115,4051.79,2020-02-25,Paid
PAY0001892,POL0000626,1359.06,2022-11-25,Paid
PAY0001893,POL0002254,4590.1,2020-11-10,Paid
PAY0001894,POL0000258,1260.69,2024-10-13,Paid
PAY0001895,POL0002011,4357.65,2023-02-23,Paid
PAY0001896,POL0002594,2661.02,2024-09-18,Paid
PAY0001897,POL0002856,2674.03,2022-06-07,Paid
PAY0001898,POL0000253,1995.23,2018-06-18,Paid
PAY0001899,POL0001605,696.83,2024-10-13,Paid
PAY0001900,POL0001213,1866.03,2022-07-14,Failed
PAY0001901,POL0002201,2248.34,2018-07-01,Paid
PAY0001902,POL0001739,2499.3,2019-07-13,Paid
PAY0001903,POL0002125,3747.66,2019-03-28,Paid
PAY0001904,POL0002751,1889.94,2022-04-05,Paid
PAY0001905,POL0002588,2151.65,2021-12-14,Paid
PAY0001906,POL0000725,4549.27,2020-10-25,Paid
PAY0001907,POL0002417,3812.32,2021-12-20,Paid
PAY0001908,POL0000568,309.71,2019-09-17,Paid
PAY0001909,POL0002672,4098.03,2024-11-30,Paid
PAY0001910,POL0001779,4951.73,2020-09-20,Paid
PAY0001911,POL0001178,4710.89,2018-08-09,Paid
PAY0001912,POL0002203,4212.59,2023-05-08,Pending
PAY0001913,POL0002842,3220.03,2020-07-22,Paid
PAY0001914,POL0000271,1535.32,2019-12-27,Failed
PAY0001915,POL0000562,3341.27,2022-06-10,Paid
PAY0001916,POL0001533,3538.84,2022-03-24,Pending
PAY0001917,POL0001414,1551.48,2021-09-17,Paid
PAY0001918,POL0002180,1425.58,2021-05-07,Paid
PAY0001919,POL0001694,2105.23,2019-11-04,Paid
PAY0001920,POL0000845,3277.51,2020-09-20,Paid
PAY0001921,POL0002313,1606.7,2020-11-17,Paid
PAY0001922,POL0000220,2867.2,2021-03-13,Paid
PAY0001923,POL0000899,4516.34,2024-02-09,Paid
PAY0001924,POL0002985,1616.48,2018-01-07,Paid
PAY0001925,POL0002337,4836.67,2022-10-28,Paid
PAY0001926,POL0001103,2472.07,2024-05-03,Paid
PAY0001927,POL0000751,684.36,2022-12-06,Pending
PAY0001928,POL0002368,464.19,2022-02-21,Paid
PAY0001929,POL0000318,1825.64,2019-02-25,Pending
PAY0001930,POL0002535,1442.04,2020-09-24,Failed
PAY0001931,POL0001415,4249.82,2023-11-22,Paid
PAY0001932,POL0001773,3740.66,2019-05-13,Paid
PAY0001933,POL0000588,4445.82,2018-10-17,Pending
PAY0001934,POL0001842,3028.42,2024-01-30,Paid
PAY0001935,POL0002087,2290.19,2023-07-03,Pending
PAY0001936,POL0002991,1498.73,2023-12-23,Paid
PAY0001937,POL0000105,2998.92,2020-04-26,Paid
PAY0001938,POL0001606,3166.52,2018-04-22,Paid
PAY0001939,POL0000507,2086.15,2019-02-17,Paid
PAY0001940,POL0000570,4695.66,2018-07-21,Paid
PAY0001941,POL0000329,3271.78,2019-08-14,Paid
PAY0001942,POL0001715,4219.91,2021-06-09,Paid
PAY0001943,POL0000984,3177.88,2018-02-10,Paid
PAY0001944,POL0002356,1719.38,2022-02-22,Paid
PAY0001945,POL0000222,3735.77,2018-09-10,Paid
PAY0001946,POL0002704,1305.22,2024-02-11,Pending
PAY0001947,POL0002721,3063.72,2020-03-17,Pending
PAY0001948,POL0000151,2131.36,2021-03-09,Pending
PAY0001949,POL0002221,919.45,2019-02-10,Paid
PAY0001950,POL0002771,2183.55,2021-06-04,Paid
PAY0001951,POL0000979,1689.35,2019-08-28,Failed
PAY0001952,POL0002858,738.67,2024-11-15,Paid
PAY0001953,POL0002925,4154.38,2022-06-01,Paid
PAY0001954,POL0001569,2593.2,2019-04-21,Paid
PAY0001955,POL0000621,1862.51,2020-03-05,Pending
PAY0001956,POL0002095,2623.83,2022-06-10,Paid
PAY0001957,POL0001632,3822.0,2023-06-22,Paid
PAY0001958,POL0001149,287.82,2023-09-29,Pending
PAY0001959,POL0001319,2824.41,2019-10-04,Paid
PAY0001960,POL0002938,2499.92,2021-05-03,Pending
PAY0001961,POL0001838,4486.74,2023-11-26,Paid
PAY0001962,POL0000840,2868.66,2019-01-26,Paid
PAY0001963,POL0001843,859.15,2021-12-25,Paid
PAY0001964,POL0001561,2065.68,2018-09-05,Paid
PAY0001965,POL0001618,3181.13,2020-08-12,Paid
PAY0001966,POL0002618,420.48,2019-01-06,Paid
PAY0001967,POL0001979,4446.32,2019-11-04,Paid
PAY0001968,POL0002586,525.36,2021-10-03,Paid
PAY0001969,POL0001321,346.84,2024-11-17,Paid
PAY0001970,POL0000044,209.67,2018-10-11,Paid
PAY0001971,POL0000597,3481.97,2020-02-24,Paid
PAY0001972,POL0000022,2388.42,2020-07-15,Paid
PAY0001973,POL0000226,693.52,2021-05-28,Paid
PAY0001974,POL0000549,4309.8,2024-06-22,Failed
PAY0001975,POL0000374,1173.06,2020-09-27,Paid
PAY0001976,POL0002661,1766.36,2021-04-16,Paid
PAY0001977,POL0002702,1053.06,2020-12-01,Failed
PAY0001978,POL0001028,4648.43,2024-10-03,Failed
PAY0001979,POL0002072,3838.72,2018-11-17,Paid
PAY0001980,POL0001986,3674.98,2024-04-02,Paid
PAY0001981,POL0001727,411.18,2020-09-02,Paid
PAY0001982,POL0000833,2708.97,2018-06-19,Paid
PAY0001983,POL0001805,2962.17,2023-02-03,Paid
PAY0001984,POL0002587,2036.1,2022-01-17,Paid
PAY0001985,POL0000372,1744.43,2022-12-12,Pending
PAY0001986,POL0001617,4289.33,2024-12-30,Paid
PAY0001987,POL0001389,310.48,2019-11-12,Paid
PAY0001988,POL0000913,3201.7,2022-05-05,Paid
PAY0001989,POL0001093,2092.39,2018-02-18,Paid
PAY0001990,POL0001337,3396.56,2018-05-17,Paid
PAY0001991,POL0001096,1150.0,2021-02-24,Paid
PAY0001992,POL0001270,1345.56,2022-07-25,Failed
PAY0001993,POL0000758,3016.9,2020-10-12,Pending
PAY0001994,POL0001789,4903.71,2023-12-10,Paid
PAY0001995,POL0001097,4878.48,2024-05-06,Failed
PAY0001996,POL0002834,1395.11,2019-04-11,Paid
PAY0001997,POL0001888,691.28,2018-02-27,Failed
PAY0001998,POL0002088,3033.65,2020-10-22,Paid
PAY0001999,POL0002933,2215.92,2018-03-05,Paid
PAY0002000,POL0002793,3856.1,2024-03-31,Paid
PAY0002001,POL0000566,2734.32,2020-12-13,Paid
PAY0002002,POL0000302,2650.82,2020-04-10,Paid
PAY0002003,POL0001725,3303.01,2022-08-03,Paid
PAY0002004,POL0000934,806.81,2022-05-13,Paid
PAY0002005,POL0000555,3450.38,2022-03-10,Paid
PAY0002006,POL0000004,2544.89,2022-05-16,Paid
PAY0002007,POL0001285,4136.71,2021-06-25,Paid
PAY0002008,POL0000881,865.79,2019-05-05,Paid
PAY0002009,POL0000410,1643.59,2019-05-15,Paid
PAY0002010,POL0001771,4761.18,2023-12-07,Paid
PAY0002011,POL0002313,2854.75,2020-10-07,Paid
PAY0002012,POL0002063,4660.64,2022-01-17,Paid
PAY0002013,POL0000088,3507.37,2024-04-11,Pending
PAY0002014,POL0002008,4646.87,2020-05-14,Paid
PAY0002015,POL0000099,1725.57,2018-11-16,Paid
PAY0002016,POL0001008,634.56,2023-02-17,Failed
PAY0002017,POL0001641,4050.76,2019-10-27,Pending
PAY0002018,POL0000217,4061.45,2021-08-18,Paid
PAY0002019,POL0002458,3170.37,2021-03-15,Failed
PAY0002020,POL0000191,2981.94,2021-10-17,Paid
PAY0002021,POL0001239,4591.56,2019-05-15,Paid
PAY0002022,POL0001734,1047.19,2020-04-13,Paid
PAY0002023,POL0000617,3159.38,2022-08-23,Paid
PAY0002024,POL0001206,438.9,2023-03-31,Paid
PAY0002025,POL0002643,876.15,2021-10-08,Paid
PAY0002026,POL0002278,2298.91,2024-02-23,Paid
PAY0002027,POL0002848,4141.8,2018-06-25,Paid
PAY0002028,POL0000530,3719.04,2018-07-24,Paid
PAY0002029,POL0000071,4875.51,2022-05-20,Paid
PAY0002030,POL0001239,415.27,2020-02-15,Failed
PAY0002031,POL0002165,2030.49,2019-04-25,Paid
PAY0002032,POL0000100,962.2,2022-07-21,Failed
PAY0002033,POL0000600,377.41,2021-11-14,Paid
PAY0002034,POL0000860,1469.11,2019-06-03,Paid
PAY0002035,POL0001689,1373.46,2018-02-27,Pending
PAY0002036,POL0002343,2216.13,2020-02-24,Paid
PAY0002037,POL0001005,872.39,2020-10-02,Pending
PAY0002038,POL0002682,2545.12,2023-07-09,Paid
PAY0002039,POL0001747,4616.47,2020-12-31,Pending
PAY0002040,POL0002105,3791.31,2018-07-17,Paid
PAY0002041,POL0002241,4242.45,2023-01-04,Pending
PAY0002042,POL0000994,4062.7,2019-06-11,Paid
PAY0002043,POL0001177,2070.21,2024-04-02,Paid
PAY0002044,POL0001047,3603.01,2021-05-15,Pending
PAY0002045,POL0000030,3820.43,2024-03-07,Pending
PAY0002046,POL0001725,1187.11,2020-06-30,Paid
PAY0002047,POL0002358,4329.26,2019-03-22,Paid
PAY0002048,POL0001645,2397.19,2018-01-21,Paid
PAY0002049,POL0001377,278.53,2022-09-11,Paid
PAY0002050,POL0000572,3288.24,2022-09-27,Pending
PAY0002051,POL0000066,3448.46,2018-01-01,Paid
PAY0002052,POL0002214,2848.46,2020-01-05,Paid
PAY0002053,POL0001516,1219.59,2018-10-21,Paid
PAY0002054,POL0000564,2514.93,2018-01-05,Paid
PAY0002055,POL0000180,2120.61,2023-09-10,Paid
PAY0002056,POL0002592,4878.49,2018-09-07,Paid
PAY0002057,POL0000726,4158.46,2024-05-28,Paid
PAY0002058,POL0000777,3857.12,2023-06-03,Paid
PAY0002059,POL0001041,1069.15,2020-06-16,Paid
PAY0002060,POL0002174,1788.99,2021-03-12,Paid
PAY0002061,POL0000082,2022.62,2019-08-21,Paid
PAY0002062,POL0001640,2564.61,2019-12-19,Pending
PAY0002063,POL0001206,345.08,2018-06-03,Paid
PAY0002064,POL0002486,3046.44,2024-04-13,Paid
PAY0002065,POL0000968,1917.71,2024-01-05,Paid
PAY0002066,POL0001714,2896.05,2021-03-25,Paid
PAY0002067,POL0002578,243.1,2024-12-08,Paid
PAY0002068,POL0001677,1742.88,2023-12-21,Failed
PAY0002069,POL0001185,3889.6,2020-02-16,Paid
PAY0002070,POL0001935,2605.19,2023-04-02,Paid
PAY0002071,POL0002047,3986.66,2023-02-10,Paid
PAY0002072,POL0002982,3555.01,2021-04-19,Paid
PAY0002073,POL0002782,4303.62,2020-01-22,Failed
PAY0002074,POL0000557,235.73,2024-02-04,Paid
PAY0002075,POL0001211,1454.36,2023-05-05,Paid
PAY0002076,POL0001491,2834.25,2024-04-18,Paid
PAY0002077,POL0002289,4716.89,2019-06-06,Pending
PAY0002078,POL0001761,3462.99,2020-06-13,Paid
PAY0002079,POL0002382,2391.63,2022-11-12,Paid
PAY0002080,POL0000048,824.68,2021-06-06,Paid
PAY0002081,POL0000463,2567.43,2024-08-01,Paid
PAY0002082,POL0001098,2317.22,2020-07-28,Paid
PAY0002083,POL0002365,3936.53,2020-06-10,Paid
PAY0002084,POL0002050,2184.07,2023-09-20,Paid
PAY0002085,POL0002420,1730.42,2024-04-01,Paid
PAY0002086,POL0001794,630.65,2021-08-04,Pending
PAY0002087,POL0001868,423.21,2022-04-16,Failed
PAY0002088,POL0001034,2307.85,2023-02-11,Paid
PAY0002089,POL0000588,1864.94,2021-08-29,Pending
PAY0002090,POL0000423,2865.56,2022-08-16,Paid
PAY0002091,POL0001657,3617.26,2024-03-06,Paid
PAY0002092,POL0002881,392.03,2020-03-12,Paid
PAY0002093,POL0002775,2581.84,2020-04-22,Paid
PAY0002094,POL0000476,4337.47,2021-04-06,Paid
PAY0002095,POL0000245,2384.8,2020-07-04,Paid
PAY0002096,POL0002740,2701.96,2019-01-26,Pending
PAY0002097,POL0000488,2536.6,2023-02-08,Failed
PAY0002098,POL0002901,2071.01,2022-06-08,Paid
PAY0002099,POL0001836,728.57,2021-03-01,Paid
PAY0002100,POL0001826,806.51,2024-06-15,Paid
PAY0002101,POL0001097,1059.63,2020-03-11,Paid
PAY0002102,POL0000753,4004.31,2022-01-10,Paid
PAY0002103,POL0001898,1521.6,2022-04-05,Paid
PAY0002104,POL0000928,4750.99,2022-09-09,Paid
PAY0002105,POL0001029,4088.82,2020-08-06,Paid
PAY0002106,POL0001486,3485.8,2024-03-06,Paid
PAY0002107,POL0001390,3657.89,2023-07-24,Paid
PAY0002108,POL0002265,428.63,2024-08-16,Paid
PAY0002109,POL0001238,2928.27,2020-01-07,Paid
PAY0002110,POL0000959,4717.07,2019-04-10,Pending
PAY0002111,POL0001349,387.73,2020-06-25,Paid
PAY0002112,POL0002358,1596.88,2023-11-16,Paid
PAY0002113,POL0002086,447.26,2019-01-19,Paid
PAY0002114,POL0000905,2934.76,2024-02-20,Paid
PAY0002115,POL0001085,757.76,2019-11-20,Paid
PAY0002116,POL0001119,2500.4,2021-04-21,Pending
PAY0002117,POL0002281,3655.76,2019-04-01,Paid
PAY0002118,POL0001813,989.3,2022-08-10,Pending
PAY0002119,POL0001572,3825.75,2020-01-12,Paid
PAY0002120,POL0000513,488.98,2024-03-09,Failed
PAY0002121,POL0002198,918.2,2023-01-21,Failed
PAY0002122,POL0002263,1544.53,2023-11-12,Pending
PAY0002123,POL0002447,4021.28,2019-10-24,Paid
PAY0002124,POL0001582,4280.66,2019-07-29,Paid
PAY0002125,POL0001601,1257.82,2023-05-23,Paid
PAY0002126,POL0001960,659.76,2019-12-27,Paid
PAY0002127,POL0002237,4270.18,2024-09-26,Paid
PAY0002128,POL0001687,3316.96,2021-04-28,Paid
PAY0002129,POL0000660,957.71,2019-08-08,Paid
PAY0002130,POL0000028,2877.04,2018-02-28,Paid
PAY0002131,POL0002725,4387.38,2018-10-04,Paid
PAY0002132,POL0002002,533.67,2023-11-23,Paid
PAY0002133,POL0000135,601.86,2019-08-11,Pending
PAY0002134,POL0001790,1513.32,2024-08-29,Paid
PAY0002135,POL0000305,3330.86,2022-09-30,Failed
PAY0002136,POL0002543,1054.44,2023-09-25,Failed
PAY0002137,POL0000724,4118.56,2024-02-14,Paid
PAY0002138,POL0002908,3802.06,2022-02-05,Paid
PAY0002139,POL0002439,2892.82,2024-12-03,Paid
PAY0002140,POL0002647,757.12,2021-01-02,Pending
PAY0002141,POL0002967,4943.46,2023-12-08,Paid
PAY0002142,POL0000892,2552.16,2024-10-26,Paid
PAY0002143,POL0002271,2369.95,2021-01-29,Paid
PAY0002144,POL0002028,4978.73,2024-08-10,Paid
PAY0002145,POL0000828,4346.57,2023-09-25,Paid
PAY0002146,POL0002314,2390.57,2022-01-26,Paid
PAY0002147,POL0001344,2210.25,2019-08-03,Paid
PAY0002148,POL0002301,660.37,2022-12-14,Paid
PAY0002149,POL0000199,4647.26,2019-09-11,Failed
PAY0002150,POL0002976,4250.12,2018-09-09,Paid
PAY0002151,POL0000407,1688.01,2019-02-28,Pending
PAY0002152,POL0001462,3815.94,2020-01-05,Paid
PAY0002153,POL0001775,3861.1,2024-11-19,Paid
PAY0002154,POL0001481,1293.97,2022-01-26,Paid
PAY0002155,POL0001501,3145.55,2020-01-09,Pending
PAY0002156,POL0001371,1424.14,2022-04-12,Paid
PAY0002157,POL0000486,3991.45,2023-03-04,Pending
PAY0002158,POL0002901,938.29,2019-12-29,Failed
PAY0002159,POL0000363,3410.75,2020-02-27,Paid
PAY0002160,POL0000212,1764.86,2018-10-03,Paid
PAY0002161,POL0000701,373.67,2020-05-15,Paid
PAY0002162,POL0002925,793.78,2023-10-02,Paid
PAY0002163,POL0002662,3343.52,2023-02-02,Paid
PAY0002164,POL0000916,1351.59,2018-08-22,Paid
PAY0002165,POL0001461,3228.97,2018-06-28,Paid
PAY0002166,POL0000143,2191.15,2023-12-14,Paid
PAY0002167,POL0001094,3525.02,2021-08-01,Paid
PAY0002168,POL0001872,2566.15,2020-01-20,Paid
PAY0002169,POL0000958,1681.03,2021-08-23,Failed
PAY0002170,POL0001734,899.93,2023-10-24,Paid
PAY0002171,POL0001552,1837.27,2020-10-03,Paid
PAY0002172,POL0001334,3247.49,2024-03-19,Paid
PAY0002173,POL0000865,3754.27,2019-03-17,Pending
PAY0002174,POL0001287,969.63,2020-09-01,Paid
PAY0002175,POL0000060,3388.51,2018-10-27,Paid
PAY0002176,POL0000522,1060.54,2018-03-13,Failed
PAY0002177,POL0000309,1264.73,2022-04-13,Paid
PAY0002178,POL0001544,2750.32,2020-02-07,Paid
PAY0002179,POL0001406,1588.17,2020-08-20,Paid
PAY0002180,POL0002389,3375.66,2022-12-22,Paid
PAY0002181,POL0001626,4787.73,2023-10-26,Paid
PAY0002182,POL0001573,914.68,2023-03-04,Failed
PAY0002183,POL0002002,2938.45,2019-06-19,Paid
PAY0002184,POL0000900,4631.84,2019-03-23,Paid
PAY0002185,POL0001108,1047.34,2021-09-28,Pending
PAY0002186,POL0000762,1960.88,2018-04-27,Failed
PAY0002187,POL0000240,793.36,2023-09-22,Paid
PAY0002188,POL0000225,3281.78,2024-07-02,Paid
PAY0002189,POL0000279,3411.89,2019-02-21,Paid
PAY0002190,POL0001417,3388.08,2019-02-27,Paid
PAY0002191,POL0001702,2802.21,2022-05-05,Paid
PAY0002192,POL0002477,3782.05,2021-10-26,Paid
PAY0002193,POL0000402,372.21,2023-10-11,Paid
PAY0002194,POL0002094,4796.06,2024-06-13,Paid
PAY0002195,POL0002562,1266.06,2024-06-29,Paid
PAY0002196,POL0001808,783.5,2023-05-08,Paid
PAY0002197,POL0001390,4717.45,2020-05-31,Paid
PAY0002198,POL0001197,4186.1,2022-06-04,Paid
PAY0002199,POL0000304,3871.38,2018-01-03,Paid
PAY0002200,POL0002200,702.78,2019-05-19,Paid
PAY0002201,POL0002399,4076.14,2023-03-08,Pending
PAY0002202,POL0000705,3123.31,2023-06-16,Paid
PAY0002203,POL0000092,3713.16,2020-10-22,Paid
PAY0002204,POL0002154,4894.74,2022-12-02,Paid
PAY0002205,POL0002789,1133.32,2021-01-04,Paid
PAY0002206,POL0001127,2621.03,2022-06-13,Paid
PAY0002207,POL0002180,3816.09,2021-01-13,Pending
PAY0002208,POL0002817,2281.55,2019-11-13,Paid
PAY0002209,POL0001313,462.33,2023-06-19,Pending
PAY0002210,POL0000458,734.91,2023-09-01,Paid
PAY0002211,POL0000899,3090.04,2024-09-02,Paid
PAY0002212,POL0001837,1568.02,2018-04-23,Pending
PAY0002213,POL0000249,861.64,2023-04-13,Paid
PAY0002214,POL0002240,1831.48,2022-05-22,Pending
PAY0002215,POL0002633,1164.71,2019-07-09,Paid
PAY0002216,POL0000168,314.91,2022-05-04,Failed
PAY0002217,POL0001598,928.71,2023-12-26,Pending
PAY0002218,POL0002219,4438.77,2018-12-20,Paid
PAY0002219,POL0001240,257.78,2022-12-09,Paid
PAY0002220,POL0001533,3914.48,2019-08-02,Paid
PAY0002221,POL0001198,3816.61,2022-12-02,Pending
PAY0002222,POL0001992,2908.34,2023-04-21,Paid
PAY0002223,POL0002584,1200.55,2019-10-28,Failed
PAY0002224,POL0000408,4414.68,2021-12-28,Paid
PAY0002225,POL0000501,2480.36,2023-01-21,Paid
PAY0002226,POL0001162,1031.39,2024-02-09,Paid
PAY0002227,POL0000099,2259.31,2022-02-03,Paid
PAY0002228,POL0002884,1135.6,2021-03-28,Paid
PAY0002229,POL0002295,2004.84,2018-12-05,Paid
PAY0002230,POL0002732,2584.1,2019-11-29,Paid
PAY0002231,POL0000713,1927.52,2023-12-18,Paid
PAY0002232,POL0000107,3353.81,2021-11-23,Failed
PAY0002233,POL0001072,4692.41,2023-11-14,Paid
PAY0002234,POL0002893,1871.12,2023-05-18,Paid
PAY0002235,POL0000046,1907.55,2022-05-17,Failed
PAY0002236,POL0002444,3743.85,2019-06-28,Paid
PAY0002237,POL0001171,2746.84,2022-11-25,Paid
PAY0002238,POL0002664,2258.43,2020-10-01,Paid
PAY0002239,POL0001604,4106.28,2021-09-20,Paid
PAY0002240,POL0000950,4476.97,2022-04-14,Paid
PAY0002241,POL0002722,3034.82,2020-01-13,Paid
PAY0002242,POL0001142,1088.5,2019-10-19,Paid
PAY0002243,POL0002285,2438.17,2023-10-08,Paid
PAY0002244,POL0000629,2620.98,2024-12-12,Paid
PAY0002245,POL0002218,2274.6,2019-09-07,Paid
PAY0002246,POL0001732,1459.67,2018-10-11,Paid
PAY0002247,POL0002869,2467.14,2018-11-16,Paid
PAY0002248,POL0002440,2343.42,2018-10-02,Paid
PAY0002249,POL0000501,1205.57,2024-11-27,Paid
PAY0002250,POL0001818,4536.47,2021-03-07,Paid
PAY0002251,POL0002222,4449.64,2023-08-19,Pending
PAY0002252,POL0000593,3846.16,2023-05-05,Paid
PAY0002253,POL0000172,2124.54,2024-12-28,Failed
PAY0002254,POL0000958,1977.64,2024-06-26,Paid
PAY0002255,POL0002724,3639.03,2018-10-11,Failed
PAY0002256,POL0000809,3118.97,2019-10-19,Pending
PAY0002257,POL0000623,3082.87,2022-11-23,Paid
PAY0002258,POL0000719,795.74,2019-07-11,Paid
PAY0002259,POL0002386,3167.76,2020-02-03,Paid
PAY0002260,POL0001435,4528.94,2018-01-03,Paid
PAY0002261,POL0002985,611.92,2022-06-23,Paid
PAY0002262,POL0001541,1828.02,2021-05-02,Paid
PAY0002263,POL0001437,2643.27,2022-01-16,Paid
PAY0002264,POL0000378,3492.85,2023-01-01,Paid
PAY0002265,POL0001433,630.25,2019-12-31,Paid
PAY0002266,POL0001775,4389.47,2018-07-09,Failed
PAY0002267,POL0000418,394.62,2023-04-18,Paid
PAY0002268,POL0002379,4316.91,2023-02-20,Pending
PAY0002269,POL0000983,332.73,2019-03-02,Paid
PAY0002270,POL0002328,936.91,2018-11-04,Paid
PAY0002271,POL0001139,4041.55,2023-03-27,Paid
PAY0002272,POL0002929,4328.79,2021-05-20,Paid
PAY0002273,POL0001234,4914.88,2023-10-30,Paid
PAY0002274,POL0000447,755.43,2023-03-20,Paid
PAY0002275,POL0000831,2726.97,2023-07-11,Paid
PAY0002276,POL0001418,570.35,2019-05-30,Paid
PAY0002277,POL0002783,950.76,2019-04-30,Paid
PAY0002278,POL0001205,1037.57,2019-08-02,Paid
PAY0002279,POL0000193,504.26,2020-09-02,Paid
PAY0002280,POL0002861,4486.3,2022-12-15,Failed
PAY0002281,POL0001280,806.51,2023-03-02,Paid
PAY0002282,POL0001969,3220.84,2021-03-16,Pending
PAY0002283,POL0002472,3203.59,2020-04-17,Paid
PAY0002284,POL0000706,1153.5,2023-11-23,Paid
PAY0002285,POL0001660,4992.37,2020-08-11,Paid
PAY0002286,POL0002139,1867.37,2024-02-14,Paid
PAY0002287,POL0000648,4544.45,2018-06-16,Paid
PAY0002288,POL0000795,4751.77,2021-04-25,Paid
PAY0002289,POL0000741,4755.15,2020-08-07,Paid
PAY0002290,POL0002193,3813.62,2024-11-19,Paid
PAY0002291,POL0002500,1418.26,2019-04-26,Paid
PAY0002292,POL0000242,779.15,2023-12-24,Failed
PAY0002293,POL0001510,2935.45,2024-01-25,Paid
PAY0002294,POL0001055,1928.19,2020-08-20,Paid
PAY0002295,POL0000773,4188.99,2020-11-16,Paid
PAY0002296,POL0001084,3775.95,2022-11-18,Paid
PAY0002297,POL0002524,1527.05,2021-11-13,Paid
PAY0002298,POL0000101,281.67,2024-06-23,Failed
PAY0002299,POL0002858,1339.12,2018-05-15,Paid
PAY0002300,POL0002839,2922.15,2022-08-02,Paid
PAY0002301,POL0002681,579.19,2022-12-29,Paid
PAY0002302,POL0001779,3359.71,2018-09-27,Paid
PAY0002303,POL0002020,3424.14,2020-10-09,Paid
PAY0002304,POL0002925,1013.09,2022-08-09,Paid
PAY0002305,POL0000589,3062.33,2024-06-06,Paid
PAY0002306,POL0000273,3113.46,2018-08-19,Paid
PAY0002307,POL0002930,2494.3,2022-06-21,Paid
PAY0002308,POL0002035,4775.58,2020-01-19,Paid
PAY0002309,POL0001502,719.18,2019-05-02,Paid
PAY0002310,POL0002106,2151.8,2024-07-02,Paid
PAY0002311,POL0002807,4438.02,2018-04-01,Paid
PAY0002312,POL0000983,2054.31,2020-09-26,Pending
PAY0002313,POL0002993,2238.27,2020-12-25,Paid
PAY0002314,POL0000387,3407.71,2020-05-31,Paid
PAY0002315,POL0001632,3394.71,2019-06-15,Paid
PAY0002316,POL0000045,309.93,2021-09-01,Paid
PAY0002317,POL0002339,2387.35,2022-03-05,Paid
PAY0002318,POL0001282,1800.86,2018-03-08,Paid
PAY0002319,POL0000815,3212.94,2020-06-08,Paid
PAY0002320,POL0001270,2867.37,2020-05-11,Paid
PAY0002321,POL0000240,3324.14,2021-12-31,Paid
PAY0002322,POL0001152,3338.08,2024-01-30,Failed
PAY0002323,POL0001738,1423.38,2024-10-20,Paid
PAY0002324,POL0000276,1383.03,2018-05-11,Paid
PAY0002325,POL0002466,1977.36,2018-09-01,Paid
PAY0002326,POL0002255,1361.4,2024-11-18,Failed
PAY0002327,POL0001576,3477.48,2024-10-04,Paid
PAY0002328,POL0002413,3093.76,2019-02-03,Paid
PAY0002329,POL0000833,1238.66,2020-04-19,Failed
PAY0002330,POL0001370,4443.7,2019-09-01,Paid
PAY0002331,POL0000568,2411.18,2023-10-12,Paid
PAY0002332,POL0000160,809.86,2018-08-24,Failed
PAY0002333,POL0001858,1222.23,2021-05-10,Paid
PAY0002334,POL0000096,2791.28,2019-07-25,Paid
PAY0002335,POL0002473,1824.44,2023-06-01,Pending
PAY0002336,POL0000599,4285.87,2019-09-21,Paid
PAY0002337,POL0001331,2574.73,2024-07-31,Paid
PAY0002338,POL0002316,4593.42,2018-08-13,Paid
PAY0002339,POL0000044,688.77,2023-01-07,Paid
PAY0002340,POL0002643,3409.25,2023-08-13,Paid
PAY0002341,POL0001012,4451.77,2020-11-10,Paid
PAY0002342,POL0001747,1606.07,2022-01-24,Paid
PAY0002343,POL0001882,851.3,2018-01-09,Paid
PAY0002344,POL0002057,2391.89,2023-04-20,Paid
PAY0002345,POL0001949,4814.4,2022-06-06,Paid
PAY0002346,POL0002717,3240.62,2020-11-07,Paid
PAY0002347,POL0001884,3291.09,2020-06-11,Failed
PAY0002348,POL0000381,3423.21,2024-07-28,Paid
PAY0002349,POL0001856,390.85,2023-12-01,Paid
PAY0002350,POL0001667,2339.12,2019-08-14,Paid
PAY0002351,POL0002775,572.35,2024-09-01,Paid
PAY0002352,POL0002163,1716.12,2021-11-11,Paid
PAY0002353,POL0001659,4143.68,2021-05-11,Failed
PAY0002354,POL0000388,3350.1,2019-10-21,Paid
PAY0002355,POL0002487,4978.75,2020-08-04,Paid
PAY0002356,POL0000910,1026.34,2020-02-18,Paid
PAY0002357,POL0002893,2105.86,2024-03-11,Paid
PAY0002358,POL0001948,4086.27,2018-02-20,Paid
PAY0002359,POL0001343,1235.32,2018-04-29,Paid
PAY0002360,POL0002983,937.86,2018-07-20,Pending
PAY0002361,POL0000876,2252.54,2022-09-30,Paid
PAY0002362,POL0000028,2041.89,2021-10-08,Paid
PAY0002363,POL0000636,4904.99,2021-01-05,Failed
PAY0002364,POL0002016,2390.01,2022-07-30,Paid
PAY0002365,POL0001422,4332.54,2024-05-31,Paid
PAY0002366,POL0002125,4462.23,2023-09-20,Paid
PAY0002367,POL0000587,957.78,2024-07-05,Paid
PAY0002368,POL0001210,3633.46,2021-03-05,Paid
PAY0002369,POL0000234,1532.51,2020-09-26,Paid
PAY0002370,POL0001978,654.75,2022-06-11,Paid
PAY0002371,POL0000329,4398.58,2019-08-22,Paid
PAY0002372,POL0002396,1603.68,2023-12-04,Paid
PAY0002373,POL0001283,1857.76,2023-11-02,Paid
PAY0002374,POL0002805,1755.15,2019-03-31,Pending
PAY0002375,POL0002034,1161.42,2022-05-27,Pending
PAY0002376,POL0002467,2285.62,2020-11-25,Paid
PAY0002377,POL0000391,2255.81,2021-12-19,Failed
PAY0002378,POL0001886,2162.01,2021-08-31,Failed
PAY0002379,POL0001944,4598.23,2018-09-20,Pending
PAY0002380,POL0002037,1830.81,2020-01-20,Paid
PAY0002381,POL0001951,345.82,2018-12-16,Paid
PAY0002382,POL0002638,1056.5,2021-01-25,Paid
PAY0002383,POL0001872,3663.19,2021-03-28,Pending
PAY0002384,POL0002163,3036.12,2019-05-24,Pending
PAY0002385,POL0000004,4768.33,2021-01-21,Paid
PAY0002386,POL0002691,3533.29,2019-02-21,Paid
PAY0002387,POL0001152,1132.36,2020-06-20,Paid
PAY0002388,POL0000009,779.09,2023-08-21,Paid
PAY0002389,POL0002166,2699.65,2023-12-16,Paid
PAY0002390,POL0002904,3393.26,2021-08-13,Failed
PAY0002391,POL0002748,995.06,2020-12-22,Paid
PAY0002392,POL0001675,3088.13,2022-10-21,Paid
PAY0002393,POL0000932,4352.14,2024-06-13,Pending
PAY0002394,POL0000125,3692.33,2022-02-06,Paid
PAY0002395,POL0002271,3388.12,2022-04-23,Pending
PAY0002396,POL0002376,3988.79,2020-07-09,Paid
PAY0002397,POL0001017,699.6,2019-05-04,Paid
PAY0002398,POL0002866,1178.39,2024-10-10,Paid
PAY0002399,POL0000259,382.88,2020-10-20,Paid
PAY0002400,POL0002115,895.89,2020-12-27,Paid
PAY0002401,POL0002931,4583.28,2018-12-23,Paid
PAY0002402,POL0000972,1266.3,2020-03-18,Paid
PAY0002403,POL0001550,3378.07,2018-11-08,Paid
PAY0002404,POL0000279,3519.52,2021-03-16,Paid
PAY0002405,POL0001147,3297.56,2019-08-28,Paid
PAY0002406,POL0000589,2858.82,2018-05-07,Paid
PAY0002407,POL0002320,2533.43,2021-04-19,Paid
PAY0002408,POL0000502,2215.62,2018-03-18,Pending
PAY0002409,POL0002706,4601.11,2021-03-05,Paid
PAY0002410,POL0000893,245.67,2019-06-14,Paid
PAY0002411,POL0002616,456.75,2023-05-27,Paid
PAY0002412,POL0000218,2564.06,2022-12-09,Paid
PAY0002413,POL0002733,1786.45,2022-07-17,Pending
PAY0002414,POL0002207,2159.51,2019-04-28,Paid
PAY0002415,POL0000360,4989.67,2020-04-04,Paid
PAY0002416,POL0001489,3920.65,2021-11-15,Paid
PAY0002417,POL0002592,4411.56,2022-12-10,Paid
PAY0002418,POL0001665,1969.16,2022-05-10,Paid
PAY0002419,POL0000291,1349.89,2019-04-18,Paid
PAY0002420,POL0002084,3886.35,2020-06-12,Paid
PAY0002421,POL0000860,4076.37,2020-07-28,Paid
PAY0002422,POL0002114,2839.51,2024-01-29,Failed
PAY0002423,POL0002845,4500.52,2022-03-31,Paid
PAY0002424,POL0002205,4843.16,2020-09-10,Paid
PAY0002425,POL0001579,2460.9,2019-04-17,Failed
PAY0002426,POL0002169,1268.8,2019-08-25,Paid
PAY0002427,POL0002240,2682.14,2018-08-19,Paid
PAY0002428,POL0001378,4949.76,2020-04-07,Paid
PAY0002429,POL0001567,1606.05,2019-10-01,Paid
PAY0002430,POL0002405,3164.48,2019-05-29,Pending
PAY0002431,POL0000531,3531.12,2023-07-15,Paid
PAY0002432,POL0000480,1226.86,2023-11-04,Failed
PAY0002433,POL0000797,3024.6,2018-05-10,Paid
PAY0002434,POL0001097,1709.63,2023-03-12,Paid
PAY0002435,POL0001100,4300.21,2022-06-14,Paid
PAY0002436,POL0002236,3630.82,2022-03-21,Paid
PAY0002437,POL0002015,4166.08,2024-03-01,Paid
PAY0002438,POL0001362,1158.48,2021-12-04,Pending
PAY0002439,POL0000476,365.96,2018-05-03,Paid
PAY0002440,POL0000917,4282.52,2024-02-15,Paid
PAY0002441,POL0000649,2056.42,2020-12-07,Paid
PAY0002442,POL0002210,1062.67,2022-11-28,Paid
PAY0002443,POL0000802,641.1,2021-10-15,Paid
PAY0002444,POL0002095,2679.2,2023-12-07,Paid
PAY0002445,POL0002072,920.61,2019-03-18,Paid
PAY0002446,POL0001360,2920.12,2019-04-18,Paid
PAY0002447,POL0001308,3691.07,2018-12-22,Failed
PAY0002448,POL0002222,2768.28,2024-12-06,Paid
PAY0002449,POL0000879,4537.76,2020-11-25,Failed
PAY0002450,POL0002019,946.73,2022-09-21,Pending
PAY0002451,POL0002822,2570.98,2022-08-23,Paid
PAY0002452,POL0000230,983.31,2022-04-29,Paid
PAY0002453,POL0000703,4404.33,2019-06-19,Paid
PAY0002454,POL0000118,4674.75,2024-03-06,Pending
PAY0002455,POL0002101,2119.98,2019-04-30,Paid
PAY0002456,POL0000948,1667.59,2019-09-06,Paid
PAY0002457,POL0000572,1540.72,2018-10-07,Failed
PAY0002458,POL0001961,4326.69,2020-01-23,Paid
PAY0002459,POL0000523,3475.72,2020-08-16,Paid
PAY0002460,POL0000772,4426.85,2018-06-22,Paid
PAY0002461,POL0002830,764.08,2024-02-17,Paid
PAY0002462,POL0002703,2484.93,2023-02-19,Paid
PAY0002463,POL0000113,3445.66,2022-02-12,Paid
PAY0002464,POL0001288,4506.04,2022-08-27,Paid
PAY0002465,POL0001368,2033.69,2021-04-10,Pending
PAY0002466,POL0000099,1702.83,2020-08-30,Paid
PAY0002467,POL0002521,4582.24,2019-08-07,Paid
PAY0002468,POL0001047,428.16,2024-08-19,Paid
PAY0002469,POL0000239,2502.06,2022-04-29,Paid
PAY0002470,POL0002669,2401.41,2018-06-14,Paid
PAY0002471,POL0001287,901.07,2019-10-02,Failed
PAY0002472,POL0001349,2095.76,2021-09-20,Paid
PAY0002473,POL0002720,3668.48,2020-02-25,Paid
PAY0002474,POL0000387,1960.97,2019-08-07,Paid
PAY0002475,POL0000606,1686.37,2021-06-16,Paid
PAY0002476,POL0002170,3953.1,2019-03-13,Failed
PAY0002477,POL0001324,4945.83,2023-12-18,Paid
PAY0002478,POL0000563,3940.89,2024-07-25,Pending
PAY0002479,POL0002365,4262.45,2021-12-13,Paid
PAY0002480,POL0001843,4709.6,2018-04-17,Paid
PAY0002481,POL0000020,4048.51,2023-09-05,Paid
PAY0002482,POL0000542,4905.7,2020-07-14,Paid
PAY0002483,POL0001324,3786.96,2022-07-11,Paid
PAY0002484,POL0001766,3375.31,2018-02-26,Paid
PAY0002485,POL0002453,3528.07,2021-12-28,Paid
PAY0002486,POL0002741,4520.39,2023-11-04,Paid
PAY0002487,POL0002160,3478.44,2023-05-16,Paid
PAY0002488,POL0001315,3853.78,2018-02-13,Failed
PAY0002489,POL0001946,1236.85,2024-10-13,Paid
PAY0002490,POL0002427,4580.72,2023-07-29,Paid
PAY0002491,POL0000940,2346.62,2023-03-12,Paid
PAY0002492,POL0000238,973.12,2024-01-20,Paid
PAY0002493,POL0000644,4038.98,2023-12-25,Paid
PAY0002494,POL0002378,1910.69,2021-10-11,Paid
PAY0002495,POL0000185,1083.77,2020-01-07,Pending
PAY0002496,POL0001831,1430.01,2018-08-30,Failed
PAY0002497,POL0001786,367.76,2023-01-27,Paid
PAY0002498,POL0001449,634.99,2020-11-12,Paid
PAY0002499,POL0000482,3044.6,2018-01-29,Paid
PAY0002500,POL0002649,4357.85,2021-03-22,Paid
PAY0002501,POL0001382,2352.95,2020-11-20,Paid
PAY0002502,POL0000362,3205.08,2018-03-07,Paid
PAY0002503,POL0001060,4086.72,2018-01-22,Pending
PAY0002504,POL0000516,1912.49,2020-09-28,Pending
PAY0002505,POL0001770,3340.71,2018-08-22,Failed
PAY0002506,POL0000330,1882.08,2024-05-28,Paid
PAY0002507,POL0002317,3285.03,2019-09-11,Paid
PAY0002508,POL0001543,1244.52,2019-01-09,Paid
PAY0002509,POL0000955,4893.63,2021-03-15,Pending
PAY0002510,POL0002426,565.65,2022-09-23,Paid
PAY0002511,POL0000293,2625.12,2020-10-03,Paid
PAY0002512,POL0001935,1574.22,2024-01-26,Paid
PAY0002513,POL0001310,3084.02,2024-01-17,Paid
PAY0002514,POL0000360,2255.87,2018-03-16,Paid
PAY0002515,POL0001610,1671.99,2022-03-24,Paid
PAY0002516,POL0002572,1400.18,2019-07-13,Paid
PAY0002517,POL0001361,1075.99,2022-01-03,Paid
PAY0002518,POL0000624,3957.82,2022-08-04,Paid
PAY0002519,POL0001566,1266.56,2024-08-16,Paid
PAY0002520,POL0001921,3912.93,2023-01-25,Paid
PAY0002521,POL0001512,2528.19,2018-05-29,Paid
PAY0002522,POL0002392,546.69,2018-03-30,Failed
PAY0002523,POL0001254,994.12,2023-01-26,Pending
PAY0002524,POL0000618,4485.94,2024-10-11,Paid
PAY0002525,POL0001824,3093.52,2024-07-16,Paid
PAY0002526,POL0000575,1084.8,2019-10-30,Paid
PAY0002527,POL0002002,3578.07,2023-07-26,Failed
PAY0002528,POL0000397,4151.66,2020-09-10,Paid
PAY0002529,POL0002469,1787.14,2024-12-22,Paid
PAY0002530,POL0001580,2871.66,2023-01-01,Paid
PAY0002531,POL0002709,1608.56,2024-05-16,Paid
PAY0002532,POL0000402,584.3,2020-11-29,Paid
PAY0002533,POL0001512,2117.64,2022-02-19,Paid
PAY0002534,POL0002094,3806.87,2022-01-20,Paid
PAY0002535,POL0000687,2401.67,2019-10-01,Paid
PAY0002536,POL0000154,2145.29,2023-03-06,Pending
PAY0002537,POL0000261,1956.83,2022-08-16,Paid
PAY0002538,POL0002693,2402.8,2018-09-03,Paid
PAY0002539,POL0002335,1727.5,2018-12-02,Paid
PAY0002540,POL0002033,3138.48,2023-07-18,Paid
PAY0002541,POL0002893,505.12,2022-03-31,Pending
PAY0002542,POL0001777,4075.46,2021-06-03,Paid
PAY0002543,POL0001355,1031.2,2021-12-10,Paid
PAY0002544,POL0000639,3240.53,2018-10-17,Paid
PAY0002545,POL0002753,2359.44,2019-05-25,Failed
PAY0002546,POL0001293,3912.77,2021-08-03,Paid
PAY0002547,POL0000157,4165.47,2020-06-15,Paid
PAY0002548,POL0000614,1180.16,2018-05-10,Paid
PAY0002549,POL0002477,3450.46,2018-04-09,Paid
PAY0002550,POL0001909,1111.56,2018-11-04,Pending
PAY0002551,POL0000982,795.19,2021-07-26,Pending
PAY0002552,POL0002900,4665.42,2018-08-18,Paid
PAY0002553,POL0001276,989.07,2023-06-05,Paid
PAY0002554,POL0000267,1295.03,2021-08-22,Paid
PAY0002555,POL0000059,825.56,2018-01-30,Paid
PAY0002556,POL0000617,2457.4,2023-04-23,Paid
PAY0002557,POL0001805,4614.12,2023-11-15,Paid
PAY0002558,POL0001583,1467.47,2023-06-05,Paid
PAY0002559,POL0002219,2800.89,2018-12-05,Paid
PAY0002560,POL0001688,2175.0,2022-03-14,Paid
PAY0002561,POL0001712,1812.85,2021-10-21,Paid
PAY0002562,POL0001343,2946.33,2022-03-13,Paid
PAY0002563,POL0000657,2882.69,2021-01-22,Paid
PAY0002564,POL0000837,1924.96,2021-01-14,Pending
PAY0002565,POL0001024,4282.7,2022-07-11,Paid
PAY0002566,POL0002870,455.23,2018-05-15,Paid
PAY0002567,POL0000734,609.14,2018-06-06,Paid
PAY0002568,POL0000398,4955.75,2022-10-20,Paid
PAY0002569,POL0000969,3788.88,2018-09-27,Paid
PAY0002570,POL0000462,4058.86,2024-01-21,Paid
PAY0002571,POL0000138,3092.97,2023-12-04,Paid
PAY0002572,POL0000762,2215.33,2024-10-06,Failed
PAY0002573,POL0002198,3220.29,2021-11-26,Pending
PAY0002574,POL0000863,644.41,2020-02-04,Paid
PAY0002575,POL0000781,3837.29,2018-04-14,Paid
PAY0002576,POL0000593,2795.57,2022-05-21,Paid
PAY0002577,POL0001601,4792.31,2023-01-15,Paid
PAY0002578,POL0002348,3259.88,2023-08-24,Paid
PAY0002579,POL0001447,928.12,2024-01-02,Failed
PAY0002580,POL0001443,2492.24,2018-10-13,Paid
PAY0002581,POL0002807,477.55,2020-07-28,Paid
PAY0002582,POL0002933,3778.06,2018-02-09,Paid
PAY0002583,POL0002552,2608.79,2024-02-20,Paid
PAY0002584,POL0001337,1974.34,2022-09-25,Paid
PAY0002585,POL0001302,4849.04,2019-05-15,Paid
PAY0002586,POL0000802,4714.87,2023-03-07,Paid
PAY0002587,POL0002866,4773.59,2022-08-16,Paid
PAY0002588,POL0002358,1260.66,2024-05-30,Pending
PAY0002589,POL0000574,3697.13,2024-10-21,Failed
PAY0002590,POL0000596,4737.83,2020-01-04,Paid
PAY0002591,POL0002048,2940.18,2020-03-07,Paid
PAY0002592,POL0000027,1227.97,2024-10-06,Paid
PAY0002593,POL0002429,4125.5,2023-06-10,Paid
PAY0002594,POL0001344,4423.61,2024-12-28,Pending
PAY0002595,POL0000131,3575.53,2023-09-25,Paid
PAY0002596,POL0002687,1609.05,2023-09-13,Paid
PAY0002597,POL0001547,1115.33,2021-08-08,Paid
PAY0002598,POL0002333,3196.5,2023-08-03,Paid
PAY0002599,POL0001221,2517.44,2021-09-25,Paid
PAY0002600,POL0000737,3410.16,2018-12-28,Paid
PAY0002601,POL0001299,736.16,2020-03-17,Paid
PAY0002602,POL0001092,852.39,2024-04-19,Paid
PAY0002603,POL0000233,1941.87,2024-10-08,Paid
PAY0002604,POL0002659,1442.05,2024-02-11,Pending
PAY0002605,POL0000222,3172.83,2020-09-19,Paid
PAY0002606,POL0000453,1964.19,2024-10-04,Paid
PAY0002607,POL0001660,3483.06,2020-02-03,Paid
PAY0002608,POL0000304,3890.23,2021-01-25,Paid
PAY0002609,POL0000936,1098.4,2021-03-17,Paid
PAY0002610,POL0001638,4615.15,2018-10-02,Paid
PAY0002611,POL0001344,3978.37,2022-12-23,Paid
PAY0002612,POL0002312,3208.55,2021-10-21,Paid
PAY0002613,POL0000365,4562.86,2022-09-24,Paid
PAY0002614,POL0001413,1476.17,2018-12-02,Paid
PAY0002615,POL0002790,2224.22,2020-03-12,Paid
PAY0002616,POL0001251,611.78,2020-03-27,Paid
PAY0002617,POL0000456,2389.67,2020-08-09,Failed
PAY0002618,POL0001764,2630.72,2019-11-22,Failed
PAY0002619,POL0001329,3157.12,2020-11-19,Paid
PAY0002620,POL0002553,507.39,2023-07-31,Paid
PAY0002621,POL0000328,355.84,2019-06-13,Paid
PAY0002622,POL0000819,2215.47,2023-09-15,Paid
PAY0002623,POL0001966,1107.84,2019-07-28,Paid
PAY0002624,POL0000736,3842.18,2021-05-22,Pending
PAY0002625,POL0002540,3409.93,2021-12-16,Paid
PAY0002626,POL0002509,1763.97,2020-03-11,Paid
PAY0002627,POL0001468,419.76,2021-07-23,Paid
PAY0002628,POL0000566,1075.73,2022-12-31,Paid
PAY0002629,POL0001628,3520.06,2021-08-23,Failed
PAY0002630,POL0000820,4952.79,2019-05-18,Paid
PAY0002631,POL0001715,1767.01,2020-10-12,Paid
PAY0002632,POL0000516,4049.58,2020-12-07,Paid
PAY0002633,POL0002466,4362.06,2023-09-20,Paid
PAY0002634,POL0001125,431.27,2022-11-28,Paid
PAY0002635,POL0002456,4597.86,2018-05-08,Paid
PAY0002636,POL0001429,2437.77,2022-11-19,Paid
PAY0002637,POL0001154,4828.36,2019-08-18,Paid
PAY0002638,POL0000844,2785.07,2019-03-15,Failed
PAY0002639,POL0000035,1328.69,2021-04-03,Paid
PAY0002640,POL0002047,4878.41,2021-04-04,Pending
PAY0002641,POL0001768,1367.86,2020-01-01,Paid
PAY0002642,POL0002202,4435.9,2018-06-29,Pending
PAY0002643,POL0001783,1031.02,2020-06-15,Paid
PAY0002644,POL0002938,3438.88,2023-11-01,Paid
PAY0002645,POL0002616,2174.2,2024-03-29,Paid
PAY0002646,POL0000229,4865.69,2024-07-09,Paid
PAY0002647,POL0000976,1086.91,2022-09-25,Paid
PAY0002648,POL0001847,2162.21,2020-10-19,Paid
PAY0002649,POL0001277,3270.93,2023-03-17,Paid
PAY0002650,POL0001512,4892.58,2023-04-04,Pending
PAY0002651,POL0000805,1658.54,2023-02-01,Failed
PAY0002652,POL0000564,2104.98,2022-04-09,Paid
PAY0002653,POL0002963,2416.6,2020-03-28,Pending
PAY0002654,POL0002063,1412.96,2022-03-13,Paid
PAY0002655,POL0000895,4123.3,2024-01-13,Paid
PAY0002656,POL0000854,641.58,2022-07-31,Paid
PAY0002657,POL0000340,3582.99,2019-07-04,Paid
PAY0002658,POL0002411,2762.86,2019-10-13,Paid
PAY0002659,POL0000180,1361.25,2022-03-03,Pending
PAY0002660,POL0000589,2565.59,2023-12-20,Paid
PAY0002661,POL0002263,4183.76,2018-06-05,Paid
PAY0002662,POL0002046,2338.12,2022-08-13,Paid
PAY0002663,POL0001759,785.11,2020-07-13,Paid
PAY0002664,POL0002400,395.85,2023-04-27,Paid
PAY0002665,POL0002069,3933.42,2020-11-18,Paid
PAY0002666,POL0001617,1786.08,2022-10-26,Paid
PAY0002667,POL0000565,4669.97,2023-07-21,Pending
PAY0002668,POL0000669,3162.31,2019-05-07,Paid
PAY0002669,POL0002992,2294.16,2024-12-03,Paid
PAY0002670,POL0000369,2909.43,2021-09-08,Failed
PAY0002671,POL0002707,2394.24,2022-01-06,Paid
PAY0002672,POL0000694,4547.89,2024-11-02,Paid
PAY0002673,POL0001102,2398.5,2024-09-23,Pending
PAY0002674,POL0001143,699.51,2018-02-12,Paid
PAY0002675,POL0000359,3066.02,2020-10-08,Paid
PAY0002676,POL0001641,3190.31,2023-04-26,Paid
PAY0002677,POL0001538,3873.58,2020-09-11,Paid
PAY0002678,POL0001651,4679.76,2019-09-10,Paid
PAY0002679,POL0000503,2326.79,2020-06-04,Paid
PAY0002680,POL0002080,1889.97,2022-07-10,Pending
PAY0002681,POL0002406,2555.7,2019-05-10,Paid
PAY0002682,POL0000062,4520.95,2020-08-23,Paid
PAY0002683,POL0001121,4903.92,2024-08-22,Paid
PAY0002684,POL0001671,4861.93,2018-02-18,Paid
PAY0002685,POL0001520,1302.54,2019-03-09,Paid
PAY0002686,POL0001634,2585.1,2020-04-24,Paid
PAY0002687,POL0000452,1445.48,2019-04-17,Failed
PAY0002688,POL0002454,1966.32,2023-10-21,Paid
PAY0002689,POL0001693,352.08,2022-05-21,Paid
PAY0002690,POL0000357,970.89,2022-01-30,Paid
PAY0002691,POL0002179,2105.96,2022-07-14,Paid
PAY0002692,POL0001046,1950.58,2023-01-01,Paid
PAY0002693,POL0000596,1538.4,2022-09-30,Paid
PAY0002694,POL0001625,1305.49,2024-03-19,Pending
PAY0002695,POL0002274,3794.99,2024-10-06,Paid
PAY0002696,POL0001130,1613.84,2023-11-22,Failed
PAY0002697,POL0001973,3591.41,2020-07-06,Pending
PAY0002698,POL0002442,1969.4,2019-08-26,Paid
PAY0002699,POL0000871,4049.5,2022-05-30,Pending
PAY0002700,POL0002031,1002.72,2019-10-17,Pending
PAY0002701,POL0001832,956.5,2018-07-04,Paid
PAY0002702,POL0002135,3462.43,2019-07-25,Paid
PAY0002703,POL0002571,4591.59,2020-11-23,Failed
PAY0002704,POL0000093,886.34,2020-07-27,Pending
PAY0002705,POL0000804,553.78,2024-11-28,Paid
PAY0002706,POL0002201,4686.26,2019-03-13,Paid
PAY0002707,POL0000354,763.17,2018-02-10,Paid
PAY0002708,POL0000879,1401.76,2018-05-03,Paid
PAY0002709,POL0000608,4661.57,2021-08-09,Paid
PAY0002710,POL0001897,4054.01,2021-07-22,Paid
PAY0002711,POL0000983,1845.24,2022-12-15,Paid
PAY0002712,POL0002965,4781.73,2022-01-03,Paid
PAY0002713,POL0002963,2926.63,2024-03-09,Paid
PAY0002714,POL0002457,546.79,2021-06-06,Paid
PAY0002715,POL0001111,3574.72,2021-12-26,Paid
PAY0002716,POL0002259,2778.93,2023-02-28,Paid
PAY0002717,POL0000383,2948.42,2023-07-09,Paid
PAY0002718,POL0001619,4971.7,2024-11-12,Paid
PAY0002719,POL0001548,932.07,2019-07-17,Paid
PAY0002720,POL0002919,3352.62,2021-04-19,Paid
PAY0002721,POL0001029,2401.96,2020-06-14,Failed
PAY0002722,POL0001100,1505.09,2019-06-28,Paid
PAY0002723,POL0002459,3529.01,2020-03-16,Paid
PAY0002724,POL0002052,3407.42,2019-07-21,Paid
PAY0002725,POL0001107,4311.18,2024-03-01,Paid
PAY0002726,POL0000941,4418.57,2020-12-27,Paid
PAY0002727,POL0000431,2896.73,2021-09-10,Paid
PAY0002728,POL0002460,1762.75,2022-01-21,Paid
PAY0002729,POL0002017,2741.99,2018-10-07,Paid
PAY0002730,POL0002083,1924.42,2023-12-04,Paid
PAY0002731,POL0001266,1531.31,2021-12-19,Failed
PAY0002732,POL0000908,2847.56,2019-06-17,Paid
PAY0002733,POL0002128,3358.08,2023-11-25,Paid
PAY0002734,POL0002123,3034.74,2023-07-08,Paid
PAY0002735,POL0002859,4781.21,2023-07-03,Failed
PAY0002736,POL0000284,1633.45,2018-11-21,Paid
PAY0002737,POL0000727,1987.24,2020-06-16,Paid
PAY0002738,POL0001782,3404.69,2023-07-20,Paid
PAY0002739,POL0000337,3081.72,2022-01-06,Paid
PAY0002740,POL0001995,208.94,2021-12-17,Paid
PAY0002741,POL0001988,1698.97,2019-04-14,Pending
PAY0002742,POL0000586,1418.06,2020-11-18,Paid
PAY0002743,POL0001915,4231.59,2023-01-11,Paid
PAY0002744,POL0000567,4357.99,2019-01-11,Paid
PAY0002745,POL0002131,1562.69,2020-05-01,Failed
PAY0002746,POL0001700,689.94,2020-03-15,Failed
PAY0002747,POL0002366,1184.97,2020-11-24,Paid
PAY0002748,POL0000875,1047.53,2022-11-29,Paid
PAY0002749,POL0002727,1339.69,2024-11-28,Paid
PAY0002750,POL0001652,1326.3,2018-11-24,Paid
PAY0002751,POL0001321,2503.23,2023-10-27,Paid
PAY0002752,POL0002748,1734.28,2019-11-10,Paid
PAY0002753,POL0001791,2887.14,2020-08-03,Paid
PAY0002754,POL0001366,1851.85,2023-12-28,Paid
PAY0002755,POL0002882,4110.45,2019-01-31,Paid
PAY0002756,POL0000955,4763.8,2024-01-09,Failed
PAY0002757,POL0001889,2138.81,2019-07-09,Paid
PAY0002758,POL0001448,437.45,2023-07-02,Paid
PAY0002759,POL0002067,1349.98,2021-02-18,Paid
PAY0002760,POL0001847,688.92,2024-12-03,Paid
PAY0002761,POL0002862,1854.87,2022-06-19,Paid
PAY0002762,POL0002052,3296.55,2023-09-19,Paid
PAY0002763,POL0002515,2690.76,2019-09-09,Paid
PAY0002764,POL0002238,1365.8,2022-09-04,Paid
PAY0002765,POL0001305,3882.84,2024-06-30,Paid
PAY0002766,POL0000063,831.11,2019-07-12,Paid
PAY0002767,POL0001014,1295.34,2024-10-28,Paid
PAY0002768,POL0002038,3445.03,2019-06-10,Paid
PAY0002769,POL0001990,1146.73,2022-03-26,Paid
PAY0002770,POL0001903,3458.06,2024-08-01,Paid
PAY0002771,POL0001805,4889.32,2018-10-26,Pending
PAY0002772,POL0001878,4190.5,2024-07-24,Paid
PAY0002773,POL0001796,968.05,2024-12-07,Failed
PAY0002774,POL0001026,2698.39,2020-05-23,Paid
PAY0002775,POL0002115,2227.14,2018-06-23,Paid
PAY0002776,POL0000878,4960.01,2024-09-29,Failed
PAY0002777,POL0000132,4829.12,2023-05-29,Paid
PAY0002778,POL0001072,810.14,2018-12-26,Paid
PAY0002779,POL0002653,4561.91,2022-03-05,Pending
PAY0002780,POL0002989,1128.41,2018-10-04,Paid
PAY0002781,POL0000993,1733.37,2021-12-17,Pending
PAY0002782,POL0001677,1896.36,2019-10-20,Paid
PAY0002783,POL0001071,1576.75,2018-10-10,Pending
PAY0002784,POL0001760,4295.57,2018-07-28,Paid
PAY0002785,POL0002332,1783.68,2023-05-14,Paid
PAY0002786,POL0002597,4120.34,2021-03-23,Paid
PAY0002787,POL0001435,4973.01,2024-11-18,Paid
PAY0002788,POL0002950,4235.66,2022-11-22,Paid
PAY0002789,POL0001246,1861.49,2020-06-11,Paid
PAY0002790,POL0001400,3614.01,2018-10-30,Paid
PAY0002791,POL0001033,2762.83,2024-03-25,Paid
PAY0002792,POL0000902,3975.29,2018-07-04,Paid
PAY0002793,POL0001495,934.87,2020-08-05,Paid
PAY0002794,POL0000342,3263.05,2024-12-01,Paid
PAY0002795,POL0000066,3913.6,2022-04-05,Paid
PAY0002796,POL0000607,3853.91,2022-09-18,Paid
PAY0002797,POL0002794,4825.25,2022-04-03,Paid
PAY0002798,POL0002580,480.37,2024-04-28,Pending
PAY0002799,POL0001420,1859.74,2019-10-21,Paid
PAY0002800,POL0001382,2487.46,2022-05-15,Failed
PAY0002801,POL0000358,1686.86,2018-05-17,Paid
PAY0002802,POL0001416,1686.99,2023-05-22,Paid
PAY0002803,POL0000376,1045.42,2018-07-16,Paid
PAY0002804,POL0001210,4102.17,2024-04-26,Paid
PAY0002805,POL0001329,4558.73,2019-04-17,Paid
PAY0002806,POL0002112,595.17,2022-11-16,Paid
PAY0002807,POL0000178,943.51,2023-06-03,Paid
PAY0002808,POL0000235,1296.57,2019-04-12,Paid
PAY0002809,POL0002913,2643.14,2024-04-05,Paid
PAY0002810,POL0000762,3997.63,2021-12-11,Failed
PAY0002811,POL0002088,542.99,2024-12-18,Paid
PAY0002812,POL0001311,3256.7,2019-01-27,Pending
PAY0002813,POL0001283,916.81,2018-09-06,Paid
PAY0002814,POL0001264,4862.99,2018-07-18,Paid
PAY0002815,POL0001608,4514.11,2020-04-05,Failed
PAY0002816,POL0000351,4758.0,2022-07-28,Failed
PAY0002817,POL0000541,709.59,2018-01-13,Failed
PAY0002818,POL0001623,2542.57,2018-10-02,Paid
PAY0002819,POL0002879,993.18,2024-07-04,Paid
PAY0002820,POL0000030,3081.71,2019-09-23,Paid
PAY0002821,POL0000309,1317.15,2020-02-08,Paid
PAY0002822,POL0001510,3899.03,2023-05-11,Failed
PAY0002823,POL0002094,3291.21,2024-12-17,Paid
PAY0002824,POL0000137,2943.7,2022-05-08,Paid
PAY0002825,POL0000775,4161.09,2024-10-08,Paid
PAY0002826,POL0001599,2601.31,2018-05-08,Paid
PAY0002827,POL0001455,1495.29,2018-07-06,Paid
PAY0002828,POL0002604,3179.39,2022-01-19,Pending
PAY0002829,POL0002481,4793.9,2021-01-21,Paid
PAY0002830,POL0000847,3085.56,2018-02-13,Paid
PAY0002831,POL0000207,3222.17,2021-01-07,Paid
PAY0002832,POL0002005,4686.8,2018-10-07,Paid
PAY0002833,POL0002494,2673.32,2019-12-03,Paid
PAY0002834,POL0001230,4982.52,2020-10-06,Paid
PAY0002835,POL0002379,966.38,2021-11-03,Paid
PAY0002836,POL0000596,2777.79,2020-12-12,Failed
PAY0002837,POL0002573,1221.92,2018-11-18,Paid
PAY0002838,POL0002797,2375.97,2019-04-18,Paid
PAY0002839,POL0001128,1018.75,2024-06-27,Failed
PAY0002840,POL0002407,1268.14,2024-11-08,Pending
PAY0002841,POL0000852,1211.84,2021-02-21,Pending
PAY0002842,POL0000555,1736.15,2022-02-12,Paid
PAY0002843,POL0001203,846.1,2019-07-28,Pending
PAY0002844,POL0002406,4084.84,2018-05-25,Paid
PAY0002845,POL0001288,1259.24,2019-06-16,Paid
PAY0002846,POL0000755,2199.53,2019-07-04,Failed
PAY0002847,POL0000549,277.07,2024-06-30,Paid
PAY0002848,POL0001377,703.43,2018-10-30,Failed
PAY0002849,POL0001388,4502.11,2019-12-08,Paid
PAY0002850,POL0001274,4218.37,2019-10-24,Paid
PAY0002851,POL0001144,4236.43,2019-07-02,Paid
PAY0002852,POL0000807,2174.5,2019-07-26,Failed
PAY0002853,POL0001928,879.35,2021-01-27,Paid
PAY0002854,POL0001234,717.89,2019-03-11,Paid
PAY0002855,POL0002100,3106.89,2020-07-20,Paid
PAY0002856,POL0001746,4175.33,2021-02-23,Paid
PAY0002857,POL0000313,4520.55,2019-03-24,Paid
PAY0002858,POL0001303,1585.91,2022-10-01,Paid
PAY0002859,POL0000388,1740.93,2022-04-28,Paid
PAY0002860,POL0001226,684.21,2020-10-31,Paid
PAY0002861,POL0002187,3917.17,2020-08-09,Failed
PAY0002862,POL0001876,1523.31,2019-07-27,Paid
PAY0002863,POL0002067,2508.46,2023-03-11,Paid
PAY0002864,POL0002369,4658.71,2021-12-31,Paid
PAY0002865,POL0000095,3810.64,2022-05-15,Pending
PAY0002866,POL0000130,453.14,2023-03-15,Paid
PAY0002867,POL0002993,239.14,2020-12-07,Paid
PAY0002868,POL0001954,3979.56,2021-03-11,Paid
PAY0002869,POL0002308,2852.0,2022-02-15,Paid
PAY0002870,POL0000987,3657.61,2019-04-04,Paid
PAY0002871,POL0000817,952.71,2019-07-13,Paid
PAY0002872,POL0002202,4385.83,2019-08-10,Paid
PAY0002873,POL0002601,3911.96,2023-02-15,Paid
PAY0002874,POL0002170,4476.03,2020-02-25,Paid
PAY0002875,POL0001780,1837.26,2019-02-26,Paid
PAY0002876,POL0000757,1523.38,2024-03-27,Pending
PAY0002877,POL0001168,928.31,2019-11-18,Paid
PAY0002878,POL0002595,4664.42,2019-02-28,Pending
PAY0002879,POL0001235,1048.78,2021-04-25,Paid
PAY0002880,POL0002448,772.72,2022-01-30,Paid
PAY0002881,POL0000406,1124.86,2022-01-09,Paid
PAY0002882,POL0001853,3902.63,2021-04-14,Paid
PAY0002883,POL0002412,4469.74,2021-02-22,Paid
PAY0002884,POL0001990,4092.38,2022-11-21,Paid
PAY0002885,POL0000163,2903.55,2024-04-20,Paid
PAY0002886,POL0002812,4970.64,2023-07-08,Paid
PAY0002887,POL0000551,530.5,2019-11-24,Paid
PAY0002888,POL0000131,4362.52,2020-09-04,Paid
PAY0002889,POL0002701,2253.03,2023-07-10,Paid
PAY0002890,POL0002318,2384.59,2018-11-05,Paid
PAY0002891,POL0001705,812.46,2021-09-01,Paid
PAY0002892,POL0002952,360.48,2018-02-19,Pending
PAY0002893,POL0000787,1719.82,2021-06-11,Paid
PAY0002894,POL0002413,1039.3,2022-07-14,Paid
PAY0002895,POL0001934,2520.03,2018-08-11,Paid
PAY0002896,POL0002659,907.19,2022-03-29,Paid
PAY0002897,POL0002980,862.05,2021-11-14,Failed
PAY0002898,POL0001347,4409.5,2020-02-10,Paid
PAY0002899,POL0002637,4622.21,2019-01-12,Paid
PAY0002900,POL0002256,4828.24,2023-07-21,Paid
PAY0002901,POL0002396,3466.41,2020-07-08,Failed
PAY0002902,POL0000045,3900.88,2018-09-26,Paid
PAY0002903,POL0000347,4211.77,2022-02-21,Paid
PAY0002904,POL0000714,3362.83,2019-05-27,Paid
PAY0002905,POL0000647,1785.17,2018-11-08,Paid
PAY0002906,POL0002417,950.66,2018-09-21,Pending
PAY0002907,POL0002582,1338.91,2018-09-27,Pending
PAY0002908,POL0000358,4233.99,2024-04-04,Paid
PAY0002909,POL0002543,3541.27,2021-07-12,Paid
PAY0002910,POL0000905,2387.82,2018-03-05,Paid
PAY0002911,POL0000060,341.14,2019-03-13,Paid
PAY0002912,POL0002346,1477.78,2021-01-15,Paid
PAY0002913,POL0002107,3698.71,2018-12-18,Paid
PAY0002914,POL0000231,2659.46,2022-10-18,Paid
PAY0002915,POL0002845,2290.56,2023-01-02,Paid
PAY0002916,POL0000448,1705.66,2023-04-25,Paid
PAY0002917,POL0002661,3113.27,2019-11-16,Paid
PAY0002918,POL0002416,4838.65,2021-10-26,Paid
PAY0002919,POL0000554,4525.39,2021-06-24,Paid
PAY0002920,POL0001053,346.39,2024-12-16,Paid
PAY0002921,POL0002325,2508.58,2018-02-18,Paid
PAY0002922,POL0002657,1781.45,2019-09-17,Paid
PAY0002923,POL0002751,2650.9,2021-09-26,Paid
PAY0002924,POL0001403,3109.83,2018-03-05,Paid
PAY0002925,POL0000831,1160.13,2019-03-12,Paid
PAY0002926,POL0000038,3951.53,2018-10-09,Paid
PAY0002927,POL0001231,2480.33,2018-01-03,Paid
PAY0002928,POL0001730,4961.63,2018-06-18,Paid
PAY0002929,POL0000289,320.61,2021-03-07,Paid
PAY0002930,POL0001517,1110.65,2018-11-23,Paid
PAY0002931,POL0001249,3510.22,2023-07-11,Paid
PAY0002932,POL0002500,3536.86,2024-09-10,Paid
PAY0002933,POL0002076,2994.5,2018-07-16,Paid
PAY0002934,POL0000702,4865.41,2020-05-19,Paid
PAY0002935,POL0002805,2193.51,2020-03-12,Paid
PAY0002936,POL0002382,2201.78,2020-12-01,Paid
PAY0002937,POL0001397,4570.29,2018-08-12,Paid
PAY0002938,POL0001851,2784.52,2023-09-23,Paid
PAY0002939,POL0002609,1897.89,2022-10-05,Paid
PAY0002940,POL0000204,3650.9,2022-11-14,Paid
PAY0002941,POL0002427,3174.42,2020-01-11,Paid
PAY0002942,POL0002950,1670.77,2019-10-25,Paid
PAY0002943,POL0001139,1630.06,2020-04-22,Paid
PAY0002944,POL0001044,2098.94,2018-12-11,Paid
PAY0002945,POL0001008,543.78,2018-09-02,Paid
PAY0002946,POL0001621,4724.56,2019-11-24,Paid
PAY0002947,POL0002960,1078.5,2023-07-16,Paid
PAY0002948,POL0002444,1130.36,2020-08-09,Paid
PAY0002949,POL0000353,3305.78,2020-06-02,Paid
PAY0002950,POL0001138,3676.39,2018-05-19,Paid
PAY0002951,POL0002562,3736.81,2020-11-20,Paid
PAY0002952,POL0000546,2000.36,2018-09-18,Paid
PAY0002953,POL0000282,4391.98,2019-02-11,Pending
PAY0002954,POL0000673,2811.2,2018-03-02,Pending
PAY0002955,POL0002654,2305.22,2018-01-26,Paid
PAY0002956,POL0000760,4089.86,2024-11-09,Paid
PAY0002957,POL0001345,1369.09,2021-02-11,Paid
PAY0002958,POL0002414,4328.89,2022-08-08,Failed
PAY0002959,POL0000520,2786.38,2020-01-29,Paid
PAY0002960,POL0000110,4520.28,2023-09-26,Pending
PAY0002961,POL0002954,1167.74,2023-06-12,Paid
PAY0002962,POL0000953,4693.1,2021-07-31,Paid
PAY0002963,POL0000680,3501.81,2023-07-27,Failed
PAY0002964,POL0001602,3167.98,2024-04-14,Failed
PAY0002965,POL0000959,2225.92,2024-09-18,Paid
PAY0002966,POL0002372,4790.31,2022-11-19,Paid
PAY0002967,POL0001976,2330.81,2023-03-18,Paid
PAY0002968,POL0002060,2593.01,2022-08-22,Paid
PAY0002969,POL0001823,3951.19,2022-10-04,Paid
PAY0002970,POL0002025,1567.24,2022-12-25,Paid
PAY0002971,POL0001185,1599.18,2023-06-26,Paid
PAY0002972,POL0002312,3921.43,2021-04-11,Paid
PAY0002973,POL0000380,817.18,2022-07-13,Paid
PAY0002974,POL0002128,4150.23,2024-01-02,Paid
PAY0002975,POL0001295,3200.84,2021-04-25,Paid
PAY0002976,POL0002473,2787.6,2020-09-04,Paid
PAY0002977,POL0000616,1299.73,2019-06-08,Paid
PAY0002978,POL0000436,3974.57,2020-03-22,Paid
PAY0002979,POL0000922,4063.77,2024-05-15,Paid
PAY0002980,POL0001548,2518.12,2022-03-24,Failed
PAY0002981,POL0000795,2068.01,2022-01-20,Pending
PAY0002982,POL0001135,1381.58,2021-04-13,Failed
PAY0002983,POL0000452,3820.32,2023-08-13,Paid
PAY0002984,POL0000260,3269.37,2018-12-17,Paid
PAY0002985,POL0002870,1191.83,2021-07-29,Pending
PAY0002986,POL0002756,4013.45,2018-08-12,Paid
PAY0002987,POL0002900,4434.59,2021-07-05,Failed
PAY0002988,POL0001208,484.39,2022-01-28,Paid
PAY0002989,POL0002706,3907.62,2024-01-21,Paid
PAY0002990,POL0002223,4293.45,2023-11-10,Paid
PAY0002991,POL0000712,4959.24,2020-01-19,Paid
PAY0002992,POL0001724,1340.49,2022-01-17,Pending
PAY0002993,POL0001979,1980.82,2022-02-14,Paid
PAY0002994,POL0001410,4837.72,2023-08-07,Paid
PAY0002995,POL0002633,651.27,2019-01-31,Paid
PAY0002996,POL0002234,2713.8,2021-09-26,Paid
PAY0002997,POL0002700,2632.37,2021-12-13,Paid
PAY0002998,POL0001925,3111.43,2020-03-06,Pending
PAY0002999,POL0000167,1787.8,2024-12-18,Paid
PAY0003000,POL0002191,4644.41,2024-07-26,Paid
