policy_id,customer_id,policy_type,premium_amount,coverage_amount,start_date,end_date,underwriting_score
POL0000001,CUST0002092,Property,4067.29,410873.79,2020-07-20,2021-02-18,0.688
POL0000002,CUST0001907,Property,975.76,457300.76,2019-01-24,2021-06-26,0.158
POL0000003,CUST0001722,Property,1605.61,109085.39,2019-10-31,2021-08-17,0.133
POL0000004,CUST0001068,Auto,3461.64,276045.47,2024-03-21,2024-12-12,0.181
POL0000005,CUST0002210,Property,1714.35,322080.5,2022-07-02,2023-07-26,0.17
POL0000006,CUST0001817,Health,4004.01,265695.46,2019-08-02,2021-05-04,0.538
POL0000007,CUST0000253,Life,826.18,222697.43,2018-08-16,2019-05-03,0.272
POL0000008,CUST0000132,Property,3860.89,104068.0,2020-02-17,2021-07-02,0.788
POL0000009,CUST0001908,Health,528.09,249227.49,2024-09-08,2026-04-25,0.457
POL0000010,CUST0001911,Property,260.44,206595.27,2020-12-13,2021-12-17,0.656
POL0000011,CUST0002522,Health,4511.47,399826.05,2022-08-12,2023-09-28,0.622
POL0000012,CUST0001680,Auto,2990.43,384166.14,2018-12-08,2020-07-01,0.356
POL0000013,CUST0001133,Life,1888.77,75659.35,2023-10-10,2024-09-22,0.295
POL0000014,CUST0002754,Life,1316.45,53374.34,2024-01-12,2025-09-25,0.374
POL0000015,CUST0001059,Auto,3161.05,454995.43,2018-09-07,2021-04-06,0.737
POL0000016,CUST0001926,Health,2643.21,272399.11,2019-02-07,2020-01-20,0.569
POL0000017,CUST0002323,Property,4959.67,430322.46,2018-11-18,2020-01-02,0.303
POL0000018,CUST0000187,Health,4919.44,38494.05,2019-04-12,2020-03-06,0.754
POL0000019,CUST0000949,Life,3248.12,267992.65,2024-11-20,2027-03-13,0.144
POL0000020,CUST0002291,Auto,2325.78,274318.99,2022-08-16,2024-08-14,0.659
POL0000021,CUST0000264,Auto,2557.48,431744.0,2018-12-06,2020-06-23,0.451
POL0000022,CUST0001998,Health,3475.9,57828.9,2024-11-07,2026-05-21,0.685
POL0000023,CUST0000522,Health,687.56,127818.33,2022-12-02,2025-08-16,0.842
POL0000024,CUST0001565,Auto,1776.09,209203.77,2021-09-06,2022-12-04,0.7
POL0000025,CUST0000783,Life,561.31,434262.32,2022-06-12,2024-08-16,0.454
POL0000026,CUST0000535,Property,552.13,470052.82,2020-08-24,2021-04-22,0.221
POL0000027,CUST0000210,Property,1140.03,496435.06,2023-11-22,2025-08-29,0.745
POL0000028,CUST0002094,Health,2529.22,480004.81,2024-09-29,2026-09-06,0.469
POL0000029,CUST0001564,Auto,3966.92,12911.46,2019-06-22,2020-05-16,0.16
POL0000030,CUST0000026,Auto,2530.38,33377.09,2023-06-15,2024-05-01,0.675
POL0000031,CUST0000175,Auto,1810.29,82327.34,2018-02-24,2018-12-16,0.333
POL0000032,CUST0001540,Life,595.29,180942.43,2023-09-17,2024-05-18,0.139
POL0000033,CUST0001335,Health,2841.42,416659.84,2019-11-10,2021-07-10,0.822
POL0000034,CUST0000322,Health,1502.09,447401.54,2020-09-01,2022-01-03,0.486
POL0000035,CUST0001603,Health,3151.68,101548.86,2024-12-14,2027-05-18,0.325
POL0000036,CUST0001159,Life,4890.5,313635.43,2023-07-11,2025-03-11,0.673
POL0000037,CUST0000055,Health,734.31,459507.37,2021-04-03,2022-03-09,0.809
POL0000038,CUST0001567,Property,1218.2,237228.55,2023-01-04,2024-05-03,0.1
POL0000039,CUST0001610,Health,2470.85,60736.35,2022-06-28,2023-12-20,0.65
POL0000040,CUST0001873,Health,4849.35,234328.69,2019-12-10,2021-03-11,0.714
POL0000041,CUST0002716,Health,3904.69,194139.5,2020-10-25,2022-02-12,0.268
POL0000042,CUST0002195,Life,4511.5,293052.42,2020-05-14,2022-05-14,0.492
POL0000043,CUST0001509,Property,1801.83,224942.76,2024-04-22,2025-04-05,0.171
POL0000044,CUST0002647,Property,4961.78,18499.5,2019-03-10,2020-12-07,0.697
POL0000045,CUST0002068,Auto,693.6,497058.89,2020-08-13,2022-09-11,0.778
POL0000046,CUST0000333,Auto,454.27,276334.72,2022-03-26,2022-09-28,0.187
POL0000047,CUST0001579,Property,4306.89,242079.07,2023-06-18,2025-08-02,0.753
POL0000048,CUST0000907,Health,4650.87,477762.51,2021-05-21,2023-10-28,0.717
POL0000049,CUST0002992,Health,634.81,86371.58,2024-06-02,2025-04-09,0.378
POL0000050,CUST0000911,Health,744.45,102726.43,2020-12-22,2023-01-28,0.652
POL0000051,CUST0000401,Life,359.24,405927.23,2024-08-22,2027-03-21,0.1
POL0000052,CUST0000950,Health,701.64,137807.23,2024-04-26,2025-10-04,0.845
POL0000053,CUST0001330,Life,1205.22,401621.28,2021-04-07,2023-09-24,0.54
POL0000054,CUST0002076,Property,4856.37,143051.41,2020-12-31,2023-02-14,0.596
POL0000055,CUST0002515,Health,3405.73,26261.94,2022-09-20,2025-03-22,0.632
POL0000056,CUST0001911,Health,3937.05,263337.21,2023-01-19,2024-03-26,0.549
POL0000057,CUST0000101,Auto,3925.47,106376.35,2023-07-15,2025-02-23,0.785
POL0000058,CUST0000551,Property,2768.35,381344.68,2023-01-08,2024-12-30,0.588
POL0000059,CUST0002850,Health,4027.95,324187.82,2018-09-08,2020-02-24,0.826
POL0000060,CUST0002401,Life,3059.88,462565.31,2024-03-25,2026-09-03,0.566
POL0000061,CUST0001706,Property,1709.82,393664.3,2021-09-29,2023-10-12,0.237
POL0000062,CUST0002344,Auto,2893.33,98580.22,2024-03-30,2025-09-28,0.831
POL0000063,CUST0000353,Property,2760.84,402077.54,2021-06-21,2023-07-24,0.645
POL0000064,CUST0002956,Life,4152.57,324451.15,2018-11-27,2020-10-17,0.659
POL0000065,CUST0001019,Auto,4912.29,337786.3,2018-05-06,2020-04-17,0.888
POL0000066,CUST0001180,Life,2173.0,417808.81,2023-09-30,2025-09-06,0.16
POL0000067,CUST0001098,Property,3864.28,291173.79,2019-11-25,2021-11-01,0.443
POL0000068,CUST0002503,Auto,678.86,238341.72,2021-12-24,2023-07-28,0.291
POL0000069,CUST0002760,Life,3928.79,321954.11,2018-07-14,2019-07-03,0.604
POL0000070,CUST0000980,Property,1982.8,155999.14,2024-10-06,2025-06-20,0.745
POL0000071,CUST0001356,Life,389.07,99472.59,2019-12-15,2021-08-25,0.873
POL0000072,CUST0000739,Health,1943.58,312128.04,2023-08-19,2026-03-07,0.464
POL0000073,CUST0000977,Property,3131.09,124585.7,2018-10-26,2020-10-23,0.729
POL0000074,CUST0001372,Auto,772.4,49158.4,2021-02-03,2022-03-21,0.834
POL0000075,CUST0002281,Auto,4635.37,10271.55,2023-08-06,2025-03-07,0.647
POL0000076,CUST0001802,Health,572.83,308076.51,2018-04-30,2019-05-27,0.294
POL0000077,CUST0002150,Life,4664.03,187452.9,2022-02-09,2023-02-16,0.586
POL0000078,CUST0000953,Life,3594.26,378632.38,2018-08-31,2020-09-20,0.876
POL0000079,CUST0000481,Auto,1782.62,193836.44,2024-03-31,2026-08-28,0.89
POL0000080,CUST0001238,Life,2075.6,248141.69,2018-01-05,2019-03-27,0.614
POL0000081,CUST0000108,Property,3755.88,209471.64,2020-10-24,2021-08-25,0.81
POL0000082,CUST0000973,Property,3087.06,328781.65,2021-09-11,2024-02-22,0.26
POL0000083,CUST0001627,Auto,3423.89,184508.19,2022-09-07,2024-03-21,0.297
POL0000084,CUST0000704,Property,2067.99,482246.15,2023-07-07,2025-06-29,0.862
POL0000085,CUST0002383,Auto,2541.5,468712.02,2018-06-05,2020-04-16,0.208
POL0000086,CUST0002134,Life,4951.36,425533.67,2022-09-22,2024-04-26,0.253
POL0000087,CUST0002782,Life,1226.83,460947.13,2022-11-26,2024-02-09,0.436
POL0000088,CUST0000875,Life,2205.71,230078.45,2021-01-08,2022-07-28,0.572
POL0000089,CUST0001448,Health,1600.75,272850.89,2018-04-09,2019-11-21,0.583
POL0000090,CUST0002412,Auto,3872.54,373625.37,2019-11-17,2021-04-25,0.334
POL0000091,CUST0002108,Property,3867.26,351111.5,2021-04-13,2022-01-11,0.836
POL0000092,CUST0001274,Life,1603.74,446432.51,2019-04-08,2020-08-27,0.832
POL0000093,CUST0000560,Health,590.67,361002.2,2024-06-03,2025-03-09,0.414
POL0000094,CUST0000117,Property,254.88,498963.51,2020-07-18,2023-03-21,0.447
POL0000095,CUST0000874,Property,2251.76,180767.84,2018-08-24,2020-05-25,0.662
POL0000096,CUST0002963,Property,2169.62,418168.89,2022-10-24,2024-03-01,0.63
POL0000097,CUST0000968,Life,4944.27,351841.06,2024-04-22,2024-11-12,0.406
POL0000098,CUST0001569,Property,2455.05,348779.36,2020-02-24,2021-12-28,0.431
POL0000099,CUST0000044,Auto,1430.81,169659.44,2021-07-11,2022-12-25,0.378
POL0000100,CUST0000509,Health,4477.9,394944.88,2021-09-18,2022-07-11,0.288
POL0000101,CUST0002012,Property,2557.13,451184.25,2020-07-11,2021-07-24,0.467
POL0000102,CUST0001189,Property,3076.04,117088.75,2022-12-14,2024-03-16,0.649
POL0000103,CUST0001316,Auto,659.21,316493.45,2024-10-18,2026-11-18,0.694
POL0000104,CUST0000849,Property,2038.0,202146.07,2020-09-07,2021-05-23,0.723
POL0000105,CUST0001880,Life,4732.27,494878.58,2023-09-15,2025-05-10,0.4
POL0000106,CUST0000917,Life,3029.63,244628.08,2020-02-28,2021-08-14,0.712
POL0000107,CUST0002946,Life,1853.61,121876.89,2022-05-05,2024-04-09,0.105
POL0000108,CUST0000799,Property,3203.2,197110.24,2022-07-20,2024-07-09,0.482
POL0000109,CUST0000876,Health,4569.97,330380.81,2024-10-26,2027-02-08,0.735
POL0000110,CUST0001761,Health,1515.15,47283.79,2020-05-31,2022-03-18,0.604
POL0000111,CUST0002334,Property,2624.56,305764.94,2024-12-07,2025-06-14,0.479
POL0000112,CUST0002732,Health,4801.72,466300.13,2018-04-07,2020-04-14,0.616
POL0000113,CUST0000819,Health,1027.5,426677.77,2022-09-08,2024-07-21,0.826
POL0000114,CUST0002169,Property,3654.39,43160.03,2024-08-09,2025-10-22,0.553
POL0000115,CUST0000945,Life,3149.51,496761.04,2024-06-29,2026-06-02,0.74
POL0000116,CUST0000907,Property,3462.44,352376.19,2023-02-24,2025-11-09,0.885
POL0000117,CUST0000013,Life,1885.85,89517.6,2022-07-17,2025-01-19,0.664
POL0000118,CUST0000603,Life,1706.62,16083.88,2018-02-09,2020-09-17,0.559
POL0000119,CUST0000200,Health,3484.21,93928.49,2019-12-10,2022-01-23,0.13
POL0000120,CUST0002634,Health,1234.61,420706.2,2019-09-13,2020-03-16,0.4
POL0000121,CUST0001792,Life,2214.34,20603.27,2021-09-13,2024-04-08,0.552
POL0000122,CUST0000448,Life,1103.24,124242.18,2024-06-10,2025-01-10,0.738
POL0000123,CUST0001812,Health,239.86,381079.74,2020-05-31,2021-05-20,0.45
POL0000124,CUST0000841,Auto,4856.28,297194.16,2022-02-28,2023-11-11,0.868
POL0000125,CUST0000590,Life,2272.17,393540.5,2022-02-18,2024-03-15,0.317
POL0000126,CUST0001154,Life,4852.88,375613.75,2024-06-13,2025-05-05,0.696
POL0000127,CUST0002937,Life,873.55,34794.68,2023-05-12,2025-05-29,0.435
POL0000128,CUST0002091,Health,3019.36,447330.6,2019-09-11,2020-09-17,0.489
POL0000129,CUST0000520,Property,1164.68,121245.6,2018-07-24,2019-02-01,0.742
POL0000130,CUST0001037,Life,3992.36,281162.3,2021-02-11,2023-01-21,0.337
POL0000131,CUST0000725,Life,3961.77,325701.2,2022-05-22,2023-07-21,0.177
POL0000132,CUST0002671,Life,740.51,92627.82,2022-04-19,2024-08-20,0.516
POL0000133,CUST0000988,Property,4577.91,488353.32,2024-05-02,2025-02-19,0.523
POL0000134,CUST0000803,Property,1134.22,249196.42,2024-03-13,2026-11-11,0.738
POL0000135,CUST0002583,Life,3142.29,38244.92,2021-04-10,2022-05-27,0.875
POL0000136,CUST0002350,Life,4931.04,469258.4,2018-07-23,2020-11-26,0.144
POL0000137,CUST0000527,Auto,4435.5,297271.24,2022-07-30,2023-12-13,0.573
POL0000138,CUST0001666,Property,4791.51,352604.67,2023-11-04,2025-10-21,0.645
POL0000139,CUST0001139,Auto,1844.47,267336.14,2022-05-09,2023-03-10,0.889
POL0000140,CUST0000460,Life,706.76,419021.6,2019-10-16,2021-02-19,0.854
POL0000141,CUST0002880,Life,1104.06,26235.4,2020-01-20,2021-12-10,0.67
POL0000142,CUST0002553,Life,2602.38,141505.4,2019-08-24,2021-06-17,0.517
POL0000143,CUST0000932,Life,4007.5,240127.69,2019-12-03,2021-03-07,0.229
POL0000144,CUST0001987,Health,920.74,47535.77,2019-07-03,2022-03-06,0.407
POL0000145,CUST0000325,Health,3366.71,355894.27,2021-06-06,2022-09-11,0.568
POL0000146,CUST0000579,Health,1753.17,202895.07,2023-03-08,2025-06-15,0.68
POL0000147,CUST0002809,Auto,1837.77,143607.32,2020-08-10,2022-10-11,0.608
POL0000148,CUST0002899,Property,3377.21,11655.63,2024-01-07,2025-07-31,0.671
POL0000149,CUST0001538,Life,2441.6,362716.85,2021-09-20,2023-08-23,0.443
POL0000150,CUST0002550,Property,4097.76,418566.56,2021-12-12,2023-06-26,0.682
POL0000151,CUST0002001,Health,948.41,203569.86,2024-05-14,2025-06-13,0.215
POL0000152,CUST0002382,Life,3991.75,286466.81,2019-02-19,2021-02-09,0.23
POL0000153,CUST0002332,Life,508.33,121566.45,2023-01-02,2025-02-25,0.23
POL0000154,CUST0000475,Auto,1131.46,314876.85,2019-12-29,2020-10-19,0.813
POL0000155,CUST0001078,Property,3349.52,15947.35,2020-03-13,2022-01-30,0.161
POL0000156,CUST0001482,Auto,4303.64,249435.51,2022-10-11,2024-08-20,0.741
POL0000157,CUST0001603,Health,1412.86,325660.69,2018-11-24,2020-02-17,0.287
POL0000158,CUST0001444,Property,1770.52,459913.97,2023-06-17,2025-02-25,0.475
POL0000159,CUST0000632,Health,2778.18,196854.55,2024-05-15,2025-08-28,0.833
POL0000160,CUST0000703,Auto,1215.55,384943.2,2019-10-18,2020-05-23,0.569
POL0000161,CUST0002457,Auto,4093.55,302866.64,2019-01-23,2019-08-14,0.268
POL0000162,CUST0000982,Life,3913.46,464235.94,2022-02-11,2024-09-23,0.327
POL0000163,CUST0001328,Property,897.4,205205.06,2021-03-16,2021-10-24,0.836
POL0000164,CUST0001959,Property,2426.38,166356.72,2019-05-22,2020-05-05,0.442
POL0000165,CUST0000559,Life,3919.17,444699.58,2021-01-02,2022-06-05,0.57
POL0000166,CUST0000222,Property,1819.18,34129.76,2021-11-29,2022-11-12,0.468
POL0000167,CUST0001557,Health,3238.91,76828.84,2022-09-10,2025-05-31,0.403
POL0000168,CUST0002206,Health,441.02,50378.17,2020-08-18,2022-08-05,0.279
POL0000169,CUST0000348,Auto,3121.71,423123.88,2023-12-08,2026-04-27,0.649
POL0000170,CUST0001183,Health,932.73,15197.64,2020-09-26,2022-07-09,0.675
POL0000171,CUST0000889,Property,4186.8,432212.01,2019-12-01,2022-03-21,0.32
POL0000172,CUST0000922,Life,1906.16,231121.22,2021-02-06,2023-05-11,0.731
POL0000173,CUST0001259,Auto,1551.46,11972.39,2018-09-02,2019-07-21,0.784
POL0000174,CUST0002710,Life,4236.27,206806.14,2019-07-08,2021-11-09,0.837
POL0000175,CUST0000405,Auto,440.69,101532.41,2018-01-02,2018-10-09,0.229
POL0000176,CUST0001281,Auto,2103.72,315956.24,2022-04-23,2024-05-16,0.343
POL0000177,CUST0000677,Life,1976.02,342885.81,2024-03-23,2026-05-16,0.788
POL0000178,CUST0000589,Health,1567.04,248888.51,2023-06-18,2025-12-02,0.259
POL0000179,CUST0001621,Health,4576.42,29854.57,2024-01-31,2025-11-15,0.103
POL0000180,CUST0002606,Health,3804.46,331503.11,2021-02-04,2022-06-09,0.797
POL0000181,CUST0002953,Health,506.83,422599.0,2022-01-10,2024-02-12,0.361
POL0000182,CUST0002527,Life,3630.5,362958.9,2022-09-17,2023-05-14,0.432
POL0000183,CUST0002535,Property,2731.04,416679.38,2018-07-22,2019-02-15,0.457
POL0000184,CUST0001595,Auto,4524.17,108249.67,2019-10-25,2021-10-04,0.779
POL0000185,CUST0000566,Life,1702.14,445555.09,2023-06-05,2024-02-12,0.37
POL0000186,CUST0002572,Health,2955.98,167874.79,2020-01-03,2021-07-29,0.814
POL0000187,CUST0000704,Health,2603.63,16568.36,2023-09-07,2025-04-02,0.594
POL0000188,CUST0002869,Life,2549.89,423261.91,2023-02-02,2025-08-27,0.522
POL0000189,CUST0000858,Auto,2389.31,471492.42,2024-08-04,2026-05-26,0.36
POL0000190,CUST0001285,Life,1187.02,331223.52,2024-12-04,2026-09-17,0.295
POL0000191,CUST0000585,Life,3827.41,123403.95,2019-06-13,2020-10-17,0.599
POL0000192,CUST0002734,Property,2366.41,133354.79,2024-05-04,2026-01-11,0.458
POL0000193,CUST0000232,Life,4800.88,238630.51,2019-08-25,2021-01-09,0.828
POL0000194,CUST0002318,Property,1451.88,449937.23,2022-02-26,2022-11-19,0.493
POL0000195,CUST0002988,Auto,3477.17,83302.85,2024-05-13,2025-11-02,0.509
POL0000196,CUST0002922,Life,4715.44,414727.1,2021-07-13,2023-12-04,0.433
POL0000197,CUST0001246,Life,3384.6,152738.38,2023-09-19,2024-09-29,0.731
POL0000198,CUST0000052,Health,4382.11,406207.22,2019-12-12,2022-07-04,0.44
POL0000199,CUST0002164,Life,4171.91,460932.89,2024-05-05,2025-11-20,0.315
POL0000200,CUST0000538,Health,1928.57,219472.0,2020-09-19,2021-07-13,0.79
POL0000201,CUST0000541,Health,3080.59,188874.82,2021-06-05,2023-04-13,0.577
POL0000202,CUST0001043,Health,950.05,403088.45,2019-03-05,2020-12-05,0.573
POL0000203,CUST0000815,Auto,2770.52,269446.61,2019-01-05,2020-11-10,0.589
POL0000204,CUST0001416,Property,1306.03,345380.03,2019-05-24,2021-07-05,0.675
POL0000205,CUST0002839,Health,3769.94,315186.33,2022-10-20,2023-12-20,0.35
POL0000206,CUST0001653,Life,2734.68,84915.53,2024-06-19,2025-08-06,0.127
POL0000207,CUST0002666,Life,2173.89,423947.28,2024-10-04,2026-05-23,0.748
POL0000208,CUST0000419,Health,1490.23,105929.8,2021-08-06,2023-05-14,0.203
POL0000209,CUST0002357,Health,4993.75,466818.25,2018-09-03,2020-06-25,0.677
POL0000210,CUST0000864,Life,544.21,132779.93,2018-10-31,2020-04-27,0.166
POL0000211,CUST0000186,Health,409.09,369601.68,2022-01-19,2022-12-17,0.4
POL0000212,CUST0000261,Property,1242.84,149481.14,2022-10-04,2023-12-29,0.15
POL0000213,CUST0001552,Property,4861.15,165714.85,2019-09-09,2021-04-02,0.518
POL0000214,CUST0001297,Auto,4900.34,161900.91,2018-12-13,2020-12-08,0.623
POL0000215,CUST0002208,Health,3343.65,376467.2,2024-10-02,2027-03-25,0.237
POL0000216,CUST0002918,Auto,4424.51,282839.41,2019-09-14,2022-03-04,0.397
POL0000217,CUST0000762,Auto,1227.02,442646.7,2022-11-01,2024-07-02,0.844
POL0000218,CUST0000224,Auto,4865.8,160612.63,2023-11-15,2026-02-22,0.454
POL0000219,CUST0001280,Health,885.37,349076.34,2024-05-16,2025-05-19,0.742
POL0000220,CUST0000180,Auto,685.4,378944.81,2021-02-04,2023-10-23,0.842
POL0000221,CUST0002068,Property,738.62,84226.24,2023-09-07,2024-11-11,0.879
POL0000222,CUST0001648,Auto,2951.01,206288.79,2018-03-04,2019-09-29,0.819
POL0000223,CUST0000632,Property,3948.68,246580.57,2022-06-21,2024-10-09,0.354
POL0000224,CUST0001537,Property,1960.0,184286.82,2021-12-17,2023-01-19,0.87
POL0000225,CUST0002106,Health,4893.9,167835.17,2018-02-16,2020-03-30,0.75
POL0000226,CUST0002771,Auto,2285.22,346345.75,2024-09-10,2025-09-14,0.77
POL0000227,CUST0001964,Health,922.15,115774.53,2024-12-26,2026-02-12,0.112
POL0000228,CUST0000615,Property,2436.64,357601.47,2022-07-23,2024-12-06,0.863
POL0000229,CUST0000562,Life,3459.38,468171.66,2019-10-29,2020-12-13,0.722
POL0000230,CUST0002422,Auto,4194.68,286946.79,2021-01-22,2022-07-13,0.714
POL0000231,CUST0000622,Health,2402.09,309602.78,2024-07-11,2026-04-29,0.165
POL0000232,CUST0002136,Life,3049.31,43777.02,2020-06-18,2022-07-12,0.286
POL0000233,CUST0001014,Auto,1483.25,433593.68,2023-07-19,2025-03-18,0.87
POL0000234,CUST0002062,Auto,3300.4,149869.42,2020-10-20,2021-12-10,0.501
POL0000235,CUST0002181,Health,4932.67,311375.07,2020-02-11,2020-09-10,0.418
POL0000236,CUST0001961,Life,435.46,489764.96,2019-04-02,2020-04-28,0.772
POL0000237,CUST0001058,Health,4455.35,301796.27,2024-08-04,2026-08-25,0.17
POL0000238,CUST0002940,Auto,2898.96,365107.65,2023-12-28,2025-07-08,0.434
POL0000239,CUST0000592,Auto,1410.07,228206.61,2018-02-11,2018-08-11,0.401
POL0000240,CUST0000583,Property,4783.47,39579.26,2024-11-14,2026-08-05,0.38
POL0000241,CUST0001614,Auto,2520.1,400823.68,2020-01-07,2022-01-24,0.346
POL0000242,CUST0001102,Auto,1792.11,27149.43,2022-03-06,2023-11-02,0.268
POL0000243,CUST0000289,Life,1071.19,353322.34,2022-03-26,2024-12-12,0.238
POL0000244,CUST0001569,Life,1373.37,21231.57,2020-05-25,2023-01-28,0.612
POL0000245,CUST0002927,Property,4197.68,432529.57,2018-09-14,2020-12-21,0.836
POL0000246,CUST0001444,Property,3149.17,87241.66,2023-09-16,2024-12-17,0.507
POL0000247,CUST0000007,Property,4583.58,261993.03,2022-02-14,2023-03-14,0.338
POL0000248,CUST0001184,Health,1313.45,302603.85,2018-02-24,2020-09-11,0.227
POL0000249,CUST0000240,Health,781.47,234197.25,2024-11-18,2026-02-25,0.764
POL0000250,CUST0001987,Property,229.22,176974.11,2021-11-21,2023-11-13,0.877
POL0000251,CUST0001447,Health,2637.74,239229.01,2024-06-10,2026-11-24,0.379
POL0000252,CUST0002584,Auto,4991.87,162593.72,2020-07-28,2021-10-24,0.333
POL0000253,CUST0001750,Property,3535.83,224679.95,2024-07-13,2025-01-19,0.581
POL0000254,CUST0002118,Property,1680.29,185867.37,2020-03-29,2020-11-10,0.72
POL0000255,CUST0001904,Health,4408.92,287440.36,2020-05-27,2022-04-21,0.464
POL0000256,CUST0002264,Life,3952.27,126582.84,2018-11-07,2021-02-05,0.604
POL0000257,CUST0001078,Property,273.99,494441.71,2019-11-25,2021-08-03,0.673
POL0000258,CUST0002854,Health,4120.93,255426.28,2021-01-09,2023-02-11,0.868
POL0000259,CUST0002378,Health,1642.53,105139.42,2021-05-28,2023-09-25,0.232
POL0000260,CUST0000848,Life,918.43,243762.71,2021-01-24,2022-09-22,0.898
POL0000261,CUST0001312,Property,1286.39,434543.41,2018-02-01,2019-10-05,0.414
POL0000262,CUST0002093,Life,2449.18,20685.33,2018-05-18,2019-03-23,0.679
POL0000263,CUST0002877,Auto,2239.37,342981.52,2020-11-08,2021-05-28,0.558
POL0000264,CUST0002246,Life,1586.66,278504.22,2020-09-02,2022-03-24,0.489
POL0000265,CUST0001240,Life,1026.65,93083.42,2019-05-05,2020-03-14,0.658
POL0000266,CUST0001505,Health,3858.71,410563.46,2018-07-13,2020-06-23,0.417
POL0000267,CUST0001333,Life,4952.53,190753.46,2023-02-27,2024-04-01,0.201
POL0000268,CUST0002944,Auto,3933.4,153962.99,2022-03-09,2023-08-03,0.491
POL0000269,CUST0002380,Health,1620.5,415781.34,2021-03-31,2022-02-03,0.518
POL0000270,CUST0000696,Auto,1375.08,322877.27,2018-06-03,2018-12-31,0.262
POL0000271,CUST0000027,Life,1244.8,450146.95,2024-01-01,2026-02-20,0.848
POL0000272,CUST0002366,Auto,856.14,318643.01,2019-08-28,2022-04-04,0.282
POL0000273,CUST0002413,Auto,2846.39,373000.65,2024-03-21,2025-11-15,0.427
POL0000274,CUST0000960,Life,3105.92,419858.49,2018-09-18,2020-01-08,0.224
POL0000275,CUST0001527,Life,3586.41,36822.42,2024-05-01,2026-03-15,0.529
POL0000276,CUST0001869,Health,3465.02,390263.99,2023-02-20,2025-09-17,0.346
POL0000277,CUST0000373,Health,1603.2,310716.18,2023-10-24,2026-03-06,0.491
POL0000278,CUST0001950,Property,1785.49,44058.82,2024-04-14,2025-10-02,0.28
POL0000279,CUST0000245,Health,3471.27,259203.18,2019-05-29,2021-02-21,0.143
POL0000280,CUST0001841,Life,1877.35,50404.46,2023-05-26,2024-12-26,0.723
POL0000281,CUST0001677,Auto,1220.59,370614.13,2023-12-25,2026-01-01,0.613
POL0000282,CUST0002526,Auto,1996.81,277785.84,2024-12-17,2027-05-24,0.373
POL0000283,CUST0000125,Health,1506.0,477251.03,2018-07-28,2020-04-22,0.138
POL0000284,CUST0000537,Health,623.9,99736.33,2018-06-23,2019-01-22,0.792
POL0000285,CUST0002754,Life,4184.67,306956.39,2019-01-09,2021-08-11,0.236
POL0000286,CUST0001920,Auto,4294.93,113675.25,2021-11-07,2023-01-08,0.845
POL0000287,CUST0001636,Property,1254.8,310891.84,2020-12-02,2021-07-11,0.483
POL0000288,CUST0001426,Property,510.91,364098.35,2021-11-17,2024-07-24,0.372
POL0000289,CUST0001541,Health,3746.37,363929.12,2021-09-21,2022-07-20,0.693
POL0000290,CUST0000531,Property,1215.34,409386.26,2021-02-05,2021-08-30,0.801
POL0000291,CUST0002834,Life,2088.49,428239.61,2020-03-17,2021-12-18,0.397
POL0000292,CUST0000254,Property,507.85,47863.15,2021-02-01,2023-02-21,0.426
POL0000293,CUST0002169,Health,1286.09,178200.91,2019-06-18,2020-05-09,0.447
POL0000294,CUST0000661,Life,4005.93,346690.03,2019-07-01,2021-05-06,0.838
POL0000295,CUST0001802,Auto,4061.1,254307.28,2019-05-27,2021-08-10,0.654
POL0000296,CUST0001061,Life,1194.01,103431.21,2019-03-09,2021-01-02,0.298
POL0000297,CUST0001366,Health,1812.39,280827.69,2022-12-01,2024-08-31,0.248
POL0000298,CUST0001037,Health,844.34,209643.47,2020-08-27,2023-02-03,0.284
POL0000299,CUST0001207,Property,556.03,201118.76,2020-07-06,2021-05-09,0.311
POL0000300,CUST0002136,Property,4962.42,406779.32,2022-04-25,2023-11-01,0.284
POL0000301,CUST0002094,Auto,3346.85,209723.18,2021-08-08,2023-11-30,0.627
POL0000302,CUST0001143,Auto,2802.06,22962.71,2024-03-24,2026-11-11,0.193
POL0000303,CUST0002981,Health,3874.39,38451.04,2023-02-01,2023-10-21,0.41
POL0000304,CUST0001555,Health,4232.37,429559.58,2020-06-20,2022-06-04,0.6
POL0000305,CUST0001756,Health,4072.23,480694.4,2021-03-30,2023-03-02,0.333
POL0000306,CUST0001966,Auto,279.39,347320.57,2019-07-27,2021-12-21,0.152
POL0000307,CUST0000745,Health,1096.68,188540.46,2020-04-25,2022-07-11,0.165
POL0000308,CUST0001630,Auto,3343.55,469914.15,2022-02-25,2024-06-27,0.201
POL0000309,CUST0000967,Health,2003.64,334773.51,2023-01-12,2023-10-21,0.769
POL0000310,CUST0000763,Life,4915.92,423723.44,2021-04-06,2023-10-27,0.626
POL0000311,CUST0002810,Life,3393.94,385267.63,2022-08-21,2024-07-19,0.152
POL0000312,CUST0000794,Health,4791.43,195778.26,2022-09-05,2024-02-28,0.413
POL0000313,CUST0000744,Life,1166.94,244564.08,2018-05-31,2020-10-10,0.323
POL0000314,CUST0001070,Auto,4346.99,101204.76,2018-06-16,2019-08-25,0.562
POL0000315,CUST0001532,Property,1742.49,153086.91,2019-06-03,2020-08-02,0.518
POL0000316,CUST0000558,Life,4949.91,391281.57,2019-08-22,2020-08-27,0.485
POL0000317,CUST0001995,Property,956.91,448049.41,2020-05-04,2022-07-18,0.352
POL0000318,CUST0000526,Life,2678.43,364985.61,2021-05-03,2023-04-17,0.21
POL0000319,CUST0002645,Auto,4005.65,237935.11,2021-07-27,2022-12-02,0.694
POL0000320,CUST0000840,Life,2276.68,52389.54,2019-10-17,2021-01-14,0.804
POL0000321,CUST0000003,Life,2446.8,37904.49,2021-07-05,2023-01-08,0.855
POL0000322,CUST0001052,Health,4934.51,193419.53,2024-08-19,2026-05-04,0.147
POL0000323,CUST0001405,Property,2241.48,237272.64,2024-02-01,2026-05-08,0.692
POL0000324,CUST0000157,Property,3099.55,308469.1,2023-06-19,2024-06-27,0.681
POL0000325,CUST0002903,Auto,461.79,13179.87,2024-05-01,2025-07-12,0.858
POL0000326,CUST0001938,Auto,4242.61,494964.22,2020-08-10,2023-04-06,0.302
POL0000327,CUST0001955,Property,3311.21,188330.05,2022-12-24,2025-01-23,0.694
POL0000328,CUST0000511,Health,2139.3,425566.39,2022-12-15,2024-06-06,0.144
POL0000329,CUST0000687,Health,277.61,272133.69,2019-03-08,2021-03-04,0.605
POL0000330,CUST0001138,Property,3040.01,73915.33,2020-10-03,2021-07-17,0.381
POL0000331,CUST0001413,Life,260.76,400807.12,2020-11-08,2021-05-30,0.715
POL0000332,CUST0001511,Property,205.78,357815.27,2023-06-29,2025-10-07,0.791
POL0000333,CUST0000571,Life,3157.27,268443.68,2023-07-21,2025-04-25,0.392
POL0000334,CUST0000715,Property,1107.28,262131.01,2019-04-04,2019-10-22,0.52
POL0000335,CUST0001339,Life,1121.06,52865.01,2018-01-23,2019-12-05,0.194
POL0000336,CUST0002287,Health,3335.7,331365.98,2023-07-15,2025-12-26,0.434
POL0000337,CUST0002351,Property,457.75,456510.13,2018-01-09,2020-07-12,0.389
POL0000338,CUST0002655,Auto,1704.35,55690.01,2019-12-21,2021-10-31,0.246
POL0000339,CUST0000991,Life,917.27,139120.61,2018-11-26,2021-05-28,0.816
POL0000340,CUST0000334,Health,2984.85,452130.91,2019-04-21,2021-06-01,0.218
POL0000341,CUST0002161,Auto,3376.47,149328.52,2024-07-11,2026-02-17,0.609
POL0000342,CUST0001645,Health,3661.45,330432.4,2021-12-18,2023-05-11,0.812
POL0000343,CUST0000362,Life,1425.11,272060.9,2019-03-21,2021-08-19,0.83
POL0000344,CUST0001881,Property,628.4,302200.53,2023-04-02,2024-07-10,0.735
POL0000345,CUST0002849,Health,577.68,213736.56,2024-08-12,2025-07-04,0.241
POL0000346,CUST0002145,Property,2245.53,156995.82,2018-02-19,2020-10-19,0.754
POL0000347,CUST0001982,Property,4740.05,33781.39,2021-09-01,2023-03-18,0.321
POL0000348,CUST0002064,Health,1245.1,374697.66,2023-09-20,2024-03-28,0.838
POL0000349,CUST0002604,Health,1432.36,375585.8,2018-03-13,2019-06-11,0.667
POL0000350,CUST0001978,Health,684.27,338655.61,2024-11-22,2026-12-09,0.728
POL0000351,CUST0000376,Property,3106.74,325380.56,2021-04-12,2023-08-24,0.168
POL0000352,CUST0000742,Auto,3463.39,129421.39,2019-02-10,2020-06-06,0.566
POL0000353,CUST0000390,Life,3286.07,20949.02,2021-11-28,2022-12-16,0.757
POL0000354,CUST0002668,Auto,4333.43,406270.54,2022-07-18,2023-12-24,0.789
POL0000355,CUST0001241,Property,2534.84,250657.88,2020-09-14,2023-04-11,0.123
POL0000356,CUST0000824,Health,845.39,160350.68,2024-01-21,2025-04-10,0.851
POL0000357,CUST0002368,Health,1589.14,59946.63,2022-01-28,2022-08-17,0.135
POL0000358,CUST0002244,Life,3379.66,40733.58,2022-01-14,2023-12-30,0.592
POL0000359,CUST0000418,Life,3142.99,180944.69,2020-11-16,2023-04-20,0.655
POL0000360,CUST0000607,Auto,2748.82,404321.16,2019-09-12,2020-06-13,0.186
POL0000361,CUST0000568,Auto,3478.23,460174.64,2024-04-22,2026-01-06,0.138
POL0000362,CUST0000544,Life,3259.48,449408.17,2018-11-25,2020-02-10,0.728
POL0000363,CUST0002279,Property,4430.36,460800.41,2020-01-21,2022-02-22,0.408
POL0000364,CUST0000884,Auto,3012.88,454785.42,2022-09-14,2025-04-05,0.186
POL0000365,CUST0002569,Health,3937.29,268340.13,2019-09-20,2021-04-04,0.71
POL0000366,CUST0000703,Health,1393.79,117513.66,2022-01-20,2024-01-19,0.779
POL0000367,CUST0001224,Property,3455.28,401042.83,2021-11-29,2023-06-23,0.57
POL0000368,CUST0002894,Life,4530.53,114719.36,2020-07-08,2022-08-27,0.229
POL0000369,CUST0002721,Auto,2051.52,140931.57,2024-03-25,2026-03-14,0.112
POL0000370,CUST0001623,Health,3939.7,124294.62,2020-11-27,2021-08-25,0.661
POL0000371,CUST0002069,Life,3678.99,262341.38,2021-03-10,2023-03-25,0.54
POL0000372,CUST0002636,Auto,485.73,167695.48,2021-06-10,2022-05-14,0.621
POL0000373,CUST0002946,Property,2991.24,85536.46,2019-11-25,2021-01-05,0.751
POL0000374,CUST0001787,Health,824.91,232054.97,2019-03-12,2020-12-23,0.447
POL0000375,CUST0001620,Property,4843.13,438214.55,2020-08-12,2022-02-14,0.2
POL0000376,CUST0001458,Property,4094.76,289570.9,2021-01-31,2022-08-09,0.852
POL0000377,CUST0002419,Property,726.67,440384.45,2022-10-01,2024-10-02,0.536
POL0000378,CUST0001584,Auto,784.41,105977.37,2019-05-06,2019-12-08,0.592
POL0000379,CUST0001915,Property,3053.47,91817.2,2022-06-20,2024-09-13,0.847
POL0000380,CUST0000078,Auto,1855.47,292032.79,2022-01-01,2024-05-20,0.845
POL0000381,CUST0001309,Auto,367.55,237031.16,2020-08-08,2021-03-12,0.558
POL0000382,CUST0000648,Property,2799.88,333484.59,2022-09-10,2023-06-17,0.338
POL0000383,CUST0002188,Property,2061.66,399367.13,2022-11-25,2024-11-16,0.898
POL0000384,CUST0000553,Life,685.17,378140.57,2022-05-05,2023-05-09,0.645
POL0000385,CUST0000998,Health,4049.22,471707.98,2023-04-26,2025-03-17,0.427
POL0000386,CUST0000282,Life,4592.37,205145.64,2019-02-06,2021-05-23,0.548
POL0000387,CUST0001282,Health,3831.65,111129.5,2021-04-29,2022-01-23,0.433
POL0000388,CUST0001847,Health,4147.63,279947.19,2018-06-11,2018-12-13,0.811
POL0000389,CUST0001384,Life,1239.15,64264.13,2024-02-12,2024-12-26,0.486
POL0000390,CUST0002488,Life,1465.15,151537.05,2018-01-25,2018-10-26,0.759
POL0000391,CUST0002318,Health,1200.93,111865.15,2023-04-08,2025-06-26,0.772
POL0000392,CUST0001158,Health,3872.3,204316.22,2018-03-03,2020-05-22,0.759
POL0000393,CUST0002794,Health,4750.0,64496.12,2023-05-19,2024-12-04,0.678
POL0000394,CUST0000104,Auto,3640.82,25602.45,2020-02-16,2020-12-14,0.784
POL0000395,CUST0000766,Health,4431.04,331829.06,2019-02-06,2020-05-15,0.41
POL0000396,CUST0002143,Property,3265.76,309022.0,2023-02-23,2024-08-21,0.192
POL0000397,CUST0002777,Property,2060.77,357095.88,2019-04-29,2021-09-15,0.774
POL0000398,CUST0001597,Property,2243.66,333589.36,2024-12-01,2026-10-01,0.499
POL0000399,CUST0000480,Life,561.54,66004.39,2021-01-11,2022-05-30,0.202
POL0000400,CUST0002828,Life,350.99,152628.65,2024-01-09,2025-08-17,0.192
POL0000401,CUST0002061,Life,3538.28,73468.04,2021-09-16,2023-08-15,0.227
POL0000402,CUST0001964,Health,2304.46,423056.48,2020-01-29,2022-04-26,0.701
POL0000403,CUST0002649,Property,2850.63,375982.79,2022-02-20,2022-11-03,0.669
POL0000404,CUST0002143,Health,2876.77,108748.23,2021-10-23,2022-12-10,0.263
POL0000405,CUST0002341,Auto,1531.4,177241.53,2020-10-01,2022-11-05,0.778
POL0000406,CUST0002073,Auto,2484.28,483641.35,2024-11-13,2026-09-07,0.325
POL0000407,CUST0001296,Life,2459.65,301138.09,2020-01-09,2021-10-13,0.734
POL0000408,CUST0001529,Auto,2064.45,402566.24,2021-12-05,2023-02-28,0.491
POL0000409,CUST0001190,Property,4139.24,139649.61,2023-04-19,2025-01-24,0.685
POL0000410,CUST0000939,Auto,2365.59,112925.93,2024-08-19,2026-05-29,0.405
POL0000411,CUST0000762,Life,3097.49,394119.3,2023-07-09,2025-09-27,0.378
POL0000412,CUST0000654,Health,4498.5,346077.5,2022-02-09,2024-02-05,0.773
POL0000413,CUST0001670,Auto,4357.92,343679.19,2019-07-23,2022-01-06,0.128
POL0000414,CUST0002686,Property,4474.03,280790.95,2020-06-21,2021-09-13,0.88
POL0000415,CUST0002539,Property,1496.02,286153.39,2021-06-17,2023-08-10,0.619
POL0000416,CUST0001932,Property,367.92,370491.78,2020-03-31,2021-10-09,0.446
POL0000417,CUST0001127,Health,1453.12,142301.22,2018-09-27,2019-09-18,0.602
POL0000418,CUST0001926,Property,1537.8,182856.55,2018-08-14,2019-11-10,0.198
POL0000419,CUST0000575,Life,4564.93,437102.02,2018-08-03,2020-12-20,0.511
POL0000420,CUST0002342,Life,3316.37,161343.95,2018-08-24,2020-11-21,0.888
POL0000421,CUST0002944,Property,592.18,277691.69,2020-12-05,2023-03-01,0.288
POL0000422,CUST0001330,Auto,849.82,354293.34,2019-09-12,2020-04-05,0.678
POL0000423,CUST0001278,Property,947.25,499963.17,2022-05-12,2024-06-05,0.448
POL0000424,CUST0001204,Life,3226.02,223292.75,2022-05-18,2023-01-12,0.622
POL0000425,CUST0000040,Life,3729.99,219765.51,2021-10-24,2024-04-21,0.264
POL0000426,CUST0002824,Life,4326.29,422868.31,2023-01-30,2024-03-01,0.476
POL0000427,CUST0000520,Auto,4715.06,404696.52,2023-04-09,2025-08-16,0.884
POL0000428,CUST0001640,Auto,1168.18,368227.18,2024-05-12,2026-08-30,0.256
POL0000429,CUST0002594,Auto,1686.91,236982.52,2018-03-18,2019-06-10,0.609
POL0000430,CUST0002284,Life,1353.55,168730.17,2020-04-23,2021-02-12,0.56
POL0000431,CUST0000463,Health,1922.06,308277.94,2019-09-26,2020-11-23,0.552
POL0000432,CUST0001252,Property,4590.39,439349.41,2023-02-26,2025-06-14,0.592
POL0000433,CUST0001849,Property,2960.54,443050.95,2020-02-13,2022-04-06,0.502
POL0000434,CUST0000483,Life,3743.32,63164.19,2022-12-12,2023-09-02,0.114
POL0000435,CUST0002478,Auto,2552.57,219891.64,2019-08-01,2021-09-17,0.82
POL0000436,CUST0000343,Health,338.52,237713.76,2022-04-03,2024-06-22,0.762
POL0000437,CUST0001197,Health,508.14,489031.53,2020-04-05,2021-12-25,0.239
POL0000438,CUST0001463,Auto,2782.03,342219.03,2018-11-17,2020-11-01,0.431
POL0000439,CUST0001203,Property,3650.19,209550.74,2018-06-06,2019-03-01,0.716
POL0000440,CUST0001622,Property,1233.59,22768.36,2024-06-16,2026-06-14,0.884
POL0000441,CUST0002181,Health,3665.17,287038.73,2018-09-29,2020-08-15,0.861
POL0000442,CUST0002399,Health,4091.2,57077.23,2021-09-22,2023-05-02,0.819
POL0000443,CUST0002554,Auto,2177.11,418880.48,2019-06-01,2020-08-24,0.227
POL0000444,CUST0002132,Property,3782.81,378734.14,2020-01-16,2021-12-19,0.832
POL0000445,CUST0000993,Health,2139.34,235649.49,2018-06-04,2020-04-07,0.803
POL0000446,CUST0002878,Property,3456.08,220313.28,2024-03-03,2026-04-28,0.402
POL0000447,CUST0002909,Health,3867.19,449696.09,2018-10-19,2020-07-07,0.416
POL0000448,CUST0002391,Auto,4961.25,151344.59,2022-05-18,2024-05-09,0.468
POL0000449,CUST0002914,Property,1857.9,132019.78,2024-04-13,2025-09-24,0.625
POL0000450,CUST0001190,Health,2173.0,470206.74,2022-10-16,2025-04-27,0.309
POL0000451,CUST0002341,Health,994.98,406530.46,2019-07-21,2020-12-09,0.118
POL0000452,CUST0001604,Health,1179.55,412106.54,2019-03-27,2021-12-12,0.213
POL0000453,CUST0001194,Health,3528.3,105644.97,2020-05-18,2021-08-26,0.452
POL0000454,CUST0000598,Auto,4601.82,80215.04,2022-03-15,2022-10-15,0.326
POL0000455,CUST0000645,Property,2094.1,22754.48,2023-03-15,2025-02-24,0.712
POL0000456,CUST0000448,Property,1063.25,126150.34,2019-04-19,2021-06-29,0.185
POL0000457,CUST0002738,Life,1568.48,389353.34,2019-10-06,2021-08-03,0.834
POL0000458,CUST0002903,Property,2384.25,127618.83,2022-02-17,2023-12-15,0.816
POL0000459,CUST0002550,Life,1595.12,367260.61,2021-10-28,2022-09-17,0.827
POL0000460,CUST0000764,Health,1321.18,133435.05,2019-11-12,2021-10-15,0.692
POL0000461,CUST0000735,Auto,3732.73,203693.32,2022-11-24,2025-06-16,0.186
POL0000462,CUST0001643,Auto,237.66,491749.52,2018-07-03,2019-05-24,0.451
POL0000463,CUST0002298,Health,2788.31,129957.75,2019-08-16,2022-03-03,0.205
POL0000464,CUST0000601,Life,4010.08,194421.61,2018-06-11,2020-04-23,0.89
POL0000465,CUST0002173,Health,1477.9,157532.72,2024-02-27,2026-04-20,0.366
POL0000466,CUST0002161,Auto,3095.8,63716.24,2022-03-27,2024-06-10,0.568
POL0000467,CUST0000981,Auto,3410.72,250048.13,2019-10-29,2021-10-04,0.724
POL0000468,CUST0001783,Property,3344.12,195558.43,2022-03-06,2023-05-31,0.836
POL0000469,CUST0002198,Life,2340.08,350494.67,2020-12-22,2022-12-05,0.704
POL0000470,CUST0002923,Property,1863.57,410621.33,2020-01-28,2022-04-16,0.64
POL0000471,CUST0002391,Auto,4212.44,276682.36,2018-12-09,2019-09-09,0.473
POL0000472,CUST0000580,Auto,3840.54,25776.25,2022-08-21,2024-05-08,0.584
POL0000473,CUST0000783,Property,1742.02,313271.95,2023-12-31,2025-08-16,0.175
POL0000474,CUST0002369,Property,694.49,37141.46,2023-01-31,2024-04-11,0.807
POL0000475,CUST0002870,Auto,544.68,312014.6,2021-10-04,2022-12-19,0.535
POL0000476,CUST0000532,Property,652.52,345664.68,2021-05-05,2022-01-26,0.132
POL0000477,CUST0001513,Property,2997.77,106906.14,2024-10-20,2026-06-27,0.836
POL0000478,CUST0002540,Life,447.98,411479.61,2018-03-26,2020-04-13,0.491
POL0000479,CUST0000612,Auto,1817.25,456431.71,2021-04-06,2023-10-14,0.795
POL0000480,CUST0002300,Health,3815.36,408412.61,2024-12-01,2025-09-14,0.786
POL0000481,CUST0002006,Life,1612.87,159503.5,2020-03-18,2020-10-02,0.753
POL0000482,CUST0001101,Health,3863.88,297455.08,2018-12-28,2020-06-24,0.149
POL0000483,CUST0001671,Property,3778.24,458259.42,2021-02-12,2023-05-25,0.298
POL0000484,CUST0001416,Property,1379.97,167125.72,2023-08-10,2025-02-18,0.8
POL0000485,CUST0001436,Health,3698.35,411813.63,2019-02-19,2020-01-24,0.819
POL0000486,CUST0002221,Property,3789.33,14642.81,2019-09-06,2020-06-11,0.466
POL0000487,CUST0000875,Property,2107.78,11786.88,2020-12-27,2022-03-16,0.452
POL0000488,CUST0002249,Life,1210.02,382258.71,2020-02-25,2022-09-11,0.24
POL0000489,CUST0000217,Health,2702.1,383109.32,2020-04-17,2022-11-02,0.875
POL0000490,CUST0000376,Life,4622.71,396598.82,2021-07-14,2022-02-27,0.271
POL0000491,CUST0001610,Health,3270.16,465713.15,2019-12-09,2022-04-13,0.253
POL0000492,CUST0000011,Life,1030.03,67774.09,2018-05-07,2021-01-09,0.629
POL0000493,CUST0002940,Auto,3477.23,123672.64,2021-04-24,2022-12-09,0.294
POL0000494,CUST0001614,Auto,2250.57,452825.21,2023-08-12,2024-04-06,0.851
POL0000495,CUST0002483,Health,3039.34,96845.74,2018-09-04,2019-09-01,0.109
POL0000496,CUST0000818,Auto,3723.51,344292.34,2022-02-08,2024-05-26,0.105
POL0000497,CUST0001297,Life,2671.75,269926.87,2018-09-22,2020-06-09,0.504
POL0000498,CUST0002979,Health,4107.12,50764.9,2024-11-22,2026-03-17,0.49
POL0000499,CUST0000691,Auto,3666.35,149779.19,2019-09-25,2021-11-20,0.231
POL0000500,CUST0001600,Auto,3152.35,264982.39,2018-08-30,2020-09-02,0.496
POL0000501,CUST0001533,Health,923.81,427651.56,2024-03-27,2025-09-11,0.429
POL0000502,CUST0001156,Auto,4212.56,356693.86,2022-02-23,2024-09-28,0.812
POL0000503,CUST0002903,Auto,4692.35,314722.75,2024-06-04,2025-07-01,0.107
POL0000504,CUST0001948,Health,857.43,253056.12,2018-05-10,2019-05-13,0.881
POL0000505,CUST0000784,Auto,2543.56,156355.15,2021-09-15,2023-12-16,0.6
POL0000506,CUST0002367,Auto,1442.67,68430.01,2020-09-14,2022-02-22,0.221
POL0000507,CUST0002892,Auto,3821.71,210447.26,2022-01-22,2024-10-09,0.137
POL0000508,CUST0001973,Auto,3663.82,23974.06,2024-07-24,2027-03-31,0.53
POL0000509,CUST0001877,Property,876.25,113417.39,2023-12-30,2024-11-10,0.288
POL0000510,CUST0002669,Health,4409.73,221916.85,2023-05-18,2023-12-13,0.341
POL0000511,CUST0000785,Property,1068.67,215116.54,2022-07-01,2023-05-22,0.296
POL0000512,CUST0000397,Property,4026.84,31704.76,2021-07-03,2023-04-11,0.62
POL0000513,CUST0001082,Life,2393.51,298639.48,2024-04-28,2026-07-03,0.543
POL0000514,CUST0001504,Property,1775.71,279345.29,2022-11-14,2024-09-26,0.162
POL0000515,CUST0002034,Property,959.55,48271.11,2024-10-05,2027-06-10,0.521
POL0000516,CUST0001615,Life,1004.55,472149.9,2024-03-25,2025-03-30,0.733
POL0000517,CUST0000460,Auto,3377.07,58697.56,2018-01-08,2019-10-20,0.165
POL0000518,CUST0002109,Auto,2842.07,428868.73,2021-05-01,2023-09-17,0.812
POL0000519,CUST0002417,Property,786.01,10151.77,2024-11-15,2026-04-23,0.563
POL0000520,CUST0002767,Life,740.95,442317.74,2021-07-05,2024-01-21,0.86
POL0000521,CUST0000546,Auto,547.09,19662.67,2024-12-14,2025-06-12,0.219
POL0000522,CUST0002544,Life,3770.08,381327.9,2022-04-17,2023-01-31,0.895
POL0000523,CUST0000497,Health,3617.03,187228.5,2019-04-14,2021-12-05,0.615
POL0000524,CUST0000505,Health,480.47,371726.23,2024-12-26,2027-07-09,0.554
POL0000525,CUST0001093,Health,2889.3,206855.15,2018-01-15,2018-09-15,0.512
POL0000526,CUST0002209,Health,606.45,44744.88,2022-01-21,2024-08-13,0.119
POL0000527,CUST0001638,Property,4537.98,386078.28,2020-10-05,2021-05-25,0.852
POL0000528,CUST0000718,Health,4554.16,44913.82,2021-04-26,2022-07-11,0.615
POL0000529,CUST0001593,Health,3551.52,461839.01,2024-02-20,2026-01-28,0.173
POL0000530,CUST0001409,Life,4645.71,34977.28,2021-08-28,2022-12-22,0.117
POL0000531,CUST0000269,Auto,4094.97,244869.39,2022-02-20,2023-04-09,0.141
POL0000532,CUST0001947,Life,4176.99,364286.87,2019-02-25,2019-11-04,0.588
POL0000533,CUST0001478,Property,2934.6,202690.77,2022-10-28,2024-04-16,0.591
POL0000534,CUST0002747,Health,1669.08,116444.4,2020-08-16,2022-10-07,0.5
POL0000535,CUST0001542,Auto,1245.44,381954.57,2021-01-28,2022-11-22,0.345
POL0000536,CUST0000865,Auto,1770.56,394304.41,2021-03-01,2021-09-02,0.525
POL0000537,CUST0002398,Health,3216.78,462120.54,2022-05-09,2024-10-14,0.513
POL0000538,CUST0000110,Health,1028.75,194320.9,2020-06-12,2022-11-16,0.116
POL0000539,CUST0002455,Property,1441.47,258063.35,2022-05-30,2025-02-10,0.326
POL0000540,CUST0000650,Property,2446.69,187932.94,2018-02-15,2018-12-28,0.143
POL0000541,CUST0002099,Health,1318.64,135970.09,2018-02-22,2020-10-07,0.82
POL0000542,CUST0001500,Health,3025.49,378006.15,2021-09-26,2023-05-02,0.68
POL0000543,CUST0001111,Health,4631.24,176429.4,2022-06-15,2024-08-30,0.897
POL0000544,CUST0000596,Health,3790.83,219793.23,2023-08-18,2025-08-21,0.342
POL0000545,CUST0000979,Auto,3398.85,207800.09,2018-05-06,2020-11-13,0.803
POL0000546,CUST0000731,Property,2997.06,359204.0,2018-06-22,2020-07-10,0.582
POL0000547,CUST0000057,Health,2542.15,459719.86,2019-10-29,2020-11-17,0.463
POL0000548,CUST0002786,Health,1095.51,336710.47,2020-08-02,2022-03-14,0.278
POL0000549,CUST0002244,Auto,4494.61,241075.47,2018-08-20,2021-05-01,0.691
POL0000550,CUST0001784,Life,1392.97,391810.51,2024-06-19,2026-08-13,0.823
POL0000551,CUST0001702,Health,638.28,324075.95,2023-08-14,2024-03-16,0.288
POL0000552,CUST0001287,Auto,3800.07,39699.07,2024-01-13,2025-02-25,0.24
POL0000553,CUST0000112,Auto,1042.95,56875.16,2023-10-05,2024-11-14,0.657
POL0000554,CUST0002813,Life,1985.1,28579.3,2022-07-27,2024-12-17,0.882
POL0000555,CUST0000711,Property,335.77,233840.0,2020-09-20,2021-12-05,0.7
POL0000556,CUST0001202,Property,857.93,414668.18,2020-06-22,2021-04-28,0.328
POL0000557,CUST0000948,Property,1031.38,163410.75,2022-01-07,2024-02-02,0.436
POL0000558,CUST0000026,Health,461.17,198238.49,2020-07-08,2022-03-27,0.407
POL0000559,CUST0002458,Property,3351.95,455643.78,2021-06-02,2022-06-02,0.782
POL0000560,CUST0000758,Health,4217.64,420082.69,2019-01-10,2021-03-28,0.717
POL0000561,CUST0002579,Health,1991.91,335873.58,2019-07-09,2020-07-08,0.571
POL0000562,CUST0001801,Auto,4397.97,140733.85,2022-04-05,2023-07-02,0.32
POL0000563,CUST0001556,Property,1224.06,67350.33,2022-10-24,2025-02-12,0.85
POL0000564,CUST0002797,Property,1761.87,17868.82,2018-10-14,2020-03-28,0.623
POL0000565,CUST0001842,Property,923.54,62435.23,2020-08-25,2022-04-09,0.876
POL0000566,CUST0002294,Health,3178.68,153372.26,2024-08-24,2025-07-20,0.564
POL0000567,CUST0001105,Health,2215.37,280377.13,2023-11-03,2025-05-19,0.757
POL0000568,CUST0000662,Property,3143.76,41360.04,2022-04-24,2022-11-25,0.75
POL0000569,CUST0000909,Health,3856.04,76751.61,2023-12-09,2025-04-27,0.37
POL0000570,CUST0002444,Health,2819.37,98729.54,2018-05-21,2020-02-24,0.871
POL0000571,CUST0000522,Life,3212.63,319671.23,2022-01-27,2023-11-03,0.118
POL0000572,CUST0001857,Life,4689.2,311737.0,2021-10-17,2022-07-18,0.715
POL0000573,CUST0001760,Property,1635.51,279875.21,2021-06-29,2022-05-08,0.872
POL0000574,CUST0002974,Property,1923.99,132745.7,2024-05-04,2025-04-10,0.371
POL0000575,CUST0002312,Life,3644.98,191848.65,2024-07-09,2026-07-14,0.618
POL0000576,CUST0000790,Health,3134.27,57377.96,2020-09-13,2022-01-05,0.55
POL0000577,CUST0001298,Health,1056.96,120965.7,2021-01-17,2023-09-18,0.709
POL0000578,CUST0001730,Auto,2005.51,449875.56,2020-12-23,2022-06-11,0.793
POL0000579,CUST0000172,Property,2445.62,490048.96,2018-02-15,2019-04-10,0.582
POL0000580,CUST0000265,Property,2213.07,327353.2,2021-07-10,2023-07-23,0.753
POL0000581,CUST0001987,Property,1055.72,459243.41,2023-07-17,2026-03-15,0.35
POL0000582,CUST0001050,Auto,4637.26,324943.53,2018-01-08,2020-02-12,0.283
POL0000583,CUST0001493,Auto,3859.13,26266.28,2024-06-01,2027-02-12,0.445
POL0000584,CUST0001886,Health,2510.51,498413.67,2023-11-06,2026-05-23,0.642
POL0000585,CUST0000476,Life,3464.29,58486.63,2019-06-18,2020-05-29,0.25
POL0000586,CUST0002404,Life,4506.96,344494.48,2024-10-29,2025-09-13,0.644
POL0000587,CUST0001050,Life,853.64,133889.74,2018-06-13,2019-04-27,0.415
POL0000588,CUST0000034,Health,1401.79,202070.75,2018-12-13,2020-01-31,0.736
POL0000589,CUST0002312,Life,2804.97,326507.75,2023-05-22,2023-11-20,0.129
POL0000590,CUST0001162,Auto,4035.25,223878.8,2023-11-17,2025-01-25,0.634
POL0000591,CUST0000816,Auto,374.02,132767.57,2018-11-13,2020-05-16,0.62
POL0000592,CUST0002923,Property,4923.29,173878.63,2021-08-07,2022-11-07,0.853
POL0000593,CUST0000754,Life,2383.55,177358.58,2023-03-09,2025-02-01,0.671
POL0000594,CUST0000566,Auto,1924.31,480068.71,2024-09-17,2027-05-06,0.737
POL0000595,CUST0000462,Property,1605.08,401320.38,2022-12-14,2024-01-09,0.824
POL0000596,CUST0001655,Life,1036.91,234688.9,2024-08-16,2025-09-15,0.64
POL0000597,CUST0002703,Life,3999.55,107912.25,2020-02-10,2021-05-04,0.332
POL0000598,CUST0000081,Auto,4785.99,407397.89,2021-10-09,2023-07-26,0.796
POL0000599,CUST0002805,Property,2185.49,87019.41,2020-08-30,2022-08-07,0.698
POL0000600,CUST0001938,Property,4771.62,113126.49,2022-02-05,2022-10-06,0.44
POL0000601,CUST0000870,Auto,4154.23,189346.56,2022-02-10,2024-08-28,0.668
POL0000602,CUST0001431,Auto,2509.05,441370.62,2023-03-18,2024-12-16,0.794
POL0000603,CUST0001070,Auto,3435.33,74575.47,2020-07-25,2021-02-05,0.881
POL0000604,CUST0000599,Life,2287.92,69894.75,2020-01-13,2022-01-25,0.862
POL0000605,CUST0001635,Auto,2881.87,252047.74,2018-11-23,2019-06-09,0.36
POL0000606,CUST0000807,Auto,478.62,145441.17,2019-11-20,2021-04-07,0.437
POL0000607,CUST0001935,Health,3542.06,288676.69,2018-04-14,2019-01-11,0.188
POL0000608,CUST0001077,Auto,453.56,231301.98,2018-11-05,2021-06-14,0.298
POL0000609,CUST0000704,Auto,4122.01,223129.96,2021-03-23,2023-12-07,0.806
POL0000610,CUST0002524,Life,4159.75,64866.76,2024-07-13,2025-01-25,0.389
POL0000611,CUST0002640,Property,1337.97,79114.35,2019-01-10,2021-03-22,0.596
POL0000612,CUST0002064,Life,1753.58,412328.5,2021-06-13,2023-04-11,0.633
POL0000613,CUST0000487,Health,2510.29,444082.54,2021-09-16,2022-06-16,0.725
POL0000614,CUST0000706,Auto,3063.98,124994.93,2019-11-15,2020-05-22,0.246
POL0000615,CUST0001526,Auto,1579.3,65595.65,2018-12-17,2021-06-07,0.344
POL0000616,CUST0001165,Auto,3043.93,36174.17,2021-05-14,2023-11-28,0.459
POL0000617,CUST0000620,Auto,1629.38,308065.83,2021-05-26,2023-12-27,0.392
POL0000618,CUST0000777,Auto,466.36,360523.07,2020-05-04,2022-04-11,0.886
POL0000619,CUST0000447,Auto,212.13,192676.89,2018-03-29,2020-01-26,0.768
POL0000620,CUST0002338,Health,685.53,343041.18,2019-08-16,2020-07-04,0.484
POL0000621,CUST0000209,Auto,4002.8,359349.82,2022-03-25,2024-03-27,0.803
POL0000622,CUST0001499,Auto,4814.87,468317.72,2023-02-03,2024-12-28,0.378
POL0000623,CUST0002461,Auto,2249.44,41788.08,2022-03-21,2023-12-30,0.729
POL0000624,CUST0002725,Health,2660.88,104222.94,2022-10-18,2024-04-26,0.279
POL0000625,CUST0001451,Auto,904.87,43577.73,2021-10-18,2024-02-12,0.718
POL0000626,CUST0001878,Health,2844.95,435317.03,2019-12-28,2021-10-31,0.465
POL0000627,CUST0002712,Life,894.34,398367.71,2018-04-13,2020-08-24,0.186
POL0000628,CUST0002338,Auto,3133.83,291574.61,2018-08-25,2020-06-18,0.319
POL0000629,CUST0001292,Property,4679.64,50995.07,2021-05-18,2023-02-08,0.422
POL0000630,CUST0002199,Health,1139.35,143923.06,2020-12-19,2022-12-04,0.699
POL0000631,CUST0001743,Life,3869.91,155882.73,2018-09-28,2021-05-21,0.158
POL0000632,CUST0001279,Health,312.81,284764.17,2019-05-24,2020-02-02,0.628
POL0000633,CUST0001401,Health,2002.39,136441.51,2021-11-28,2022-07-05,0.673
POL0000634,CUST0001677,Life,731.59,45750.33,2018-04-25,2019-08-19,0.623
POL0000635,CUST0000855,Auto,1891.88,368073.53,2022-04-02,2024-04-02,0.709
POL0000636,CUST0001382,Auto,1032.98,156549.3,2019-01-13,2019-09-11,0.243
POL0000637,CUST0002656,Health,1991.86,231663.35,2022-11-29,2025-06-15,0.57
POL0000638,CUST0002418,Life,2204.11,72556.65,2019-10-03,2021-08-15,0.853
POL0000639,CUST0000705,Auto,1642.84,403248.67,2024-03-10,2025-05-08,0.589
POL0000640,CUST0000826,Health,3351.79,287110.62,2024-12-22,2025-07-07,0.589
POL0000641,CUST0001005,Property,4610.49,451776.96,2020-04-03,2022-07-13,0.689
POL0000642,CUST0000377,Life,2122.86,252781.07,2020-04-03,2021-11-01,0.367
POL0000643,CUST0000973,Property,1123.25,471298.58,2024-12-18,2027-01-30,0.66
POL0000644,CUST0000118,Property,1499.47,447015.42,2019-07-02,2020-07-04,0.833
POL0000645,CUST0000444,Health,4299.2,292465.33,2023-10-24,2025-12-31,0.109
POL0000646,CUST0000755,Life,2943.87,467607.78,2020-06-15,2022-12-27,0.796
POL0000647,CUST0000640,Auto,2384.05,168313.49,2022-04-24,2024-12-08,0.275
POL0000648,CUST0002172,Auto,918.26,189164.66,2018-10-20,2019-07-30,0.465
POL0000649,CUST0002706,Health,2358.69,32284.2,2023-12-04,2026-03-08,0.782
POL0000650,CUST0001301,Auto,1536.76,298708.44,2023-09-27,2025-03-03,0.759
POL0000651,CUST0002870,Auto,4727.18,363742.75,2018-03-13,2019-09-14,0.814
POL0000652,CUST0002712,Property,4443.54,389024.4,2021-12-19,2022-07-19,0.852
POL0000653,CUST0002408,Property,602.73,83409.98,2022-06-09,2024-12-23,0.458
POL0000654,CUST0000623,Life,2679.94,227637.95,2024-09-01,2026-03-08,0.625
POL0000655,CUST0001493,Property,1280.28,96662.97,2024-08-29,2025-08-21,0.412
POL0000656,CUST0002009,Auto,2171.73,334442.4,2024-08-15,2025-02-22,0.381
POL0000657,CUST0001652,Life,4408.87,87393.72,2023-12-11,2026-06-18,0.445
POL0000658,CUST0001724,Life,2732.07,453040.21,2024-07-03,2027-02-18,0.694
POL0000659,CUST0001920,Health,1804.23,123010.98,2024-11-11,2026-08-08,0.501
POL0000660,CUST0000919,Property,1197.86,152787.11,2019-09-25,2021-12-25,0.751
POL0000661,CUST0001174,Life,4041.56,426944.1,2024-11-12,2026-01-14,0.696
POL0000662,CUST0002500,Auto,3197.69,234649.13,2021-09-09,2023-05-29,0.116
POL0000663,CUST0001186,Life,2446.71,21758.01,2021-11-10,2023-11-29,0.604
POL0000664,CUST0000120,Life,1243.92,252347.26,2019-07-29,2020-01-28,0.449
POL0000665,CUST0000582,Health,1804.38,51426.23,2022-05-03,2023-06-22,0.465
POL0000666,CUST0001948,Auto,4807.25,492818.91,2019-08-02,2020-07-19,0.755
POL0000667,CUST0002147,Auto,2696.43,298174.67,2021-12-13,2023-04-28,0.538
POL0000668,CUST0001191,Property,2123.36,135700.98,2021-12-26,2023-06-29,0.808
POL0000669,CUST0001687,Auto,2702.83,286221.66,2020-08-17,2022-08-14,0.67
POL0000670,CUST0002000,Life,3939.14,47664.88,2020-12-08,2023-08-05,0.542
POL0000671,CUST0002562,Auto,1832.52,401946.74,2020-07-23,2023-02-06,0.704
POL0000672,CUST0002712,Auto,1057.79,463410.75,2024-05-15,2027-01-06,0.131
POL0000673,CUST0000401,Life,3007.69,438477.75,2020-12-06,2022-03-26,0.122
POL0000674,CUST0002413,Health,3392.98,177461.23,2023-06-08,2025-01-07,0.167
POL0000675,CUST0001350,Property,3621.05,169626.38,2020-03-04,2020-10-27,0.45
POL0000676,CUST0002629,Property,4433.54,27192.93,2020-05-29,2022-05-08,0.288
POL0000677,CUST0001657,Health,1981.64,329186.18,2019-09-07,2021-09-03,0.887
POL0000678,CUST0000621,Life,561.7,272103.34,2019-09-21,2021-04-30,0.534
POL0000679,CUST0002876,Property,4800.07,235079.72,2019-01-19,2021-04-18,0.63
POL0000680,CUST0000247,Health,2288.06,454739.17,2020-05-15,2022-04-07,0.323
POL0000681,CUST0002482,Health,3191.64,92260.66,2020-12-05,2021-08-05,0.357
POL0000682,CUST0001117,Health,3398.27,14736.47,2019-03-24,2021-04-15,0.368
POL0000683,CUST0002663,Property,2823.27,45925.06,2024-04-11,2025-12-01,0.659
POL0000684,CUST0002991,Property,1185.24,119452.0,2020-10-21,2021-09-11,0.479
POL0000685,CUST0000624,Property,3824.69,26309.92,2021-05-18,2022-08-12,0.514
POL0000686,CUST0002369,Property,4058.01,256393.42,2022-03-06,2022-09-18,0.574
POL0000687,CUST0001840,Auto,2854.28,163904.32,2019-01-06,2021-09-03,0.715
POL0000688,CUST0002904,Health,2545.09,98436.67,2024-07-10,2025-04-13,0.172
POL0000689,CUST0002110,Auto,746.9,377541.2,2020-10-02,2022-06-25,0.721
POL0000690,CUST0000300,Health,602.97,110181.15,2024-03-05,2026-09-09,0.551
POL0000691,CUST0000403,Property,1829.91,346926.5,2023-09-22,2024-11-17,0.635
POL0000692,CUST0001672,Property,1692.06,181139.8,2021-08-25,2023-06-14,0.362
POL0000693,CUST0000253,Auto,4777.55,260795.6,2021-12-06,2022-12-21,0.428
POL0000694,CUST0001758,Life,3961.39,467594.85,2018-10-08,2020-07-21,0.285
POL0000695,CUST0002526,Property,3367.64,28302.3,2021-04-19,2022-04-12,0.883
POL0000696,CUST0001393,Life,2684.71,255129.61,2021-08-17,2023-07-05,0.498
POL0000697,CUST0001965,Health,1003.36,428667.25,2023-11-28,2025-08-21,0.897
POL0000698,CUST0000160,Auto,4896.59,298107.38,2024-03-10,2025-06-02,0.492
POL0000699,CUST0000205,Life,2000.2,145666.55,2022-04-07,2023-05-25,0.276
POL0000700,CUST0001162,Life,713.24,204863.76,2023-03-04,2025-05-15,0.506
POL0000701,CUST0001392,Property,2570.23,343330.16,2019-06-23,2021-04-18,0.132
POL0000702,CUST0000858,Life,4395.19,446497.83,2018-04-16,2020-05-12,0.824
POL0000703,CUST0000760,Life,4459.0,30122.52,2023-11-16,2025-04-16,0.755
POL0000704,CUST0001591,Health,252.64,45054.02,2022-06-03,2024-12-25,0.681
POL0000705,CUST0002769,Auto,4454.22,169275.25,2024-03-16,2026-10-08,0.588
POL0000706,CUST0002116,Property,1503.12,124062.05,2018-10-20,2020-07-08,0.564
POL0000707,CUST0000133,Property,387.07,139816.13,2024-02-02,2026-03-06,0.897
POL0000708,CUST0001724,Life,4269.39,118422.3,2018-03-21,2019-09-08,0.322
POL0000709,CUST0002967,Health,4346.56,105954.27,2024-05-20,2025-01-03,0.724
POL0000710,CUST0000430,Life,3061.91,74005.74,2024-09-07,2026-07-14,0.565
POL0000711,CUST0002356,Life,2957.28,467637.52,2024-08-06,2026-01-13,0.881
POL0000712,CUST0002698,Property,4102.98,80652.84,2021-01-01,2023-06-01,0.762
POL0000713,CUST0001198,Life,3974.29,110157.85,2023-01-13,2024-04-29,0.899
POL0000714,CUST0002460,Life,4472.51,130670.2,2024-02-25,2026-07-12,0.571
POL0000715,CUST0000097,Health,2853.19,467177.29,2021-05-22,2023-09-21,0.264
POL0000716,CUST0001707,Property,4844.71,380299.93,2024-07-19,2025-06-13,0.503
POL0000717,CUST0001178,Auto,4981.5,396952.72,2024-05-16,2026-06-16,0.669
POL0000718,CUST0001719,Health,759.41,61331.55,2021-05-09,2023-05-03,0.719
POL0000719,CUST0001266,Health,4277.81,419791.84,2021-10-10,2024-06-11,0.1
POL0000720,CUST0001328,Health,2599.15,210014.61,2023-03-08,2024-05-20,0.504
POL0000721,CUST0001309,Property,2060.32,138783.28,2024-12-26,2026-05-11,0.288
POL0000722,CUST0001051,Life,3142.75,292117.54,2023-04-21,2024-01-02,0.8
POL0000723,CUST0001384,Auto,468.63,412869.62,2023-03-01,2023-12-15,0.222
POL0000724,CUST0002250,Property,2631.01,391539.55,2023-06-14,2026-03-06,0.633
POL0000725,CUST0002810,Life,4380.27,446098.77,2022-11-30,2025-03-09,0.313
POL0000726,CUST0002922,Health,1224.62,464784.77,2019-06-22,2021-06-17,0.385
POL0000727,CUST0000581,Property,2246.67,126679.81,2018-04-01,2019-11-24,0.852
POL0000728,CUST0002418,Life,4709.51,217690.37,2021-08-10,2023-03-06,0.292
POL0000729,CUST0000533,Auto,2257.11,17167.98,2019-07-20,2020-09-06,0.176
POL0000730,CUST0001176,Auto,1920.16,440867.61,2024-01-31,2025-06-23,0.155
POL0000731,CUST0001126,Life,2314.58,85740.35,2024-12-01,2027-05-11,0.504
POL0000732,CUST0000899,Property,2693.37,432122.66,2018-05-01,2019-09-17,0.613
POL0000733,CUST0002655,Health,3233.56,171399.79,2023-12-09,2024-11-03,0.362
POL0000734,CUST0001470,Life,4043.33,190385.46,2020-06-03,2022-05-29,0.652
POL0000735,CUST0002921,Health,2370.09,29174.8,2019-12-31,2022-03-25,0.149
POL0000736,CUST0001253,Auto,4123.91,170170.61,2022-06-10,2023-01-07,0.786
POL0000737,CUST0000770,Life,2761.86,445298.2,2020-10-09,2022-01-03,0.753
POL0000738,CUST0000834,Auto,1824.71,22518.23,2019-08-03,2021-10-26,0.888
POL0000739,CUST0001905,Health,3358.16,209100.46,2023-03-09,2024-09-06,0.849
POL0000740,CUST0002986,Health,3645.07,25385.82,2021-11-22,2023-09-24,0.385
POL0000741,CUST0002284,Life,2878.64,191752.48,2018-06-24,2019-11-01,0.419
POL0000742,CUST0002210,Life,471.75,94593.91,2024-11-19,2026-12-28,0.697
POL0000743,CUST0000554,Life,1015.44,133587.01,2019-03-11,2021-04-16,0.207
POL0000744,CUST0002836,Auto,1569.43,440023.2,2018-11-17,2020-12-07,0.351
POL0000745,CUST0001092,Health,1556.6,223664.12,2020-07-27,2022-09-11,0.195
POL0000746,CUST0001197,Health,3432.42,144161.02,2023-03-16,2024-09-13,0.464
POL0000747,CUST0001661,Auto,288.07,298775.81,2022-01-16,2022-10-02,0.542
POL0000748,CUST0000559,Life,3827.27,79632.41,2019-01-01,2019-12-18,0.269
POL0000749,CUST0000261,Property,1473.64,137101.89,2022-12-09,2024-02-19,0.121
POL0000750,CUST0002265,Life,1688.1,277661.5,2020-04-17,2021-07-19,0.675
POL0000751,CUST0001841,Property,2733.97,126386.29,2018-05-15,2020-03-28,0.116
POL0000752,CUST0001148,Property,1236.44,342772.59,2018-07-25,2021-01-22,0.879
POL0000753,CUST0000805,Auto,4445.46,250830.74,2022-07-22,2024-07-28,0.277
POL0000754,CUST0001186,Health,609.77,388274.64,2021-03-10,2023-01-09,0.631
POL0000755,CUST0002249,Health,2333.04,474639.82,2020-07-28,2022-08-31,0.448
POL0000756,CUST0002450,Health,4277.23,66744.4,2019-06-14,2021-06-28,0.148
POL0000757,CUST0000275,Health,3156.05,173985.85,2021-03-05,2023-09-03,0.478
POL0000758,CUST0000206,Auto,1603.18,166579.04,2020-08-02,2021-12-31,0.513
POL0000759,CUST0001724,Property,2219.65,84079.63,2024-01-09,2025-12-09,0.784
POL0000760,CUST0000867,Health,3592.13,407048.54,2021-08-29,2023-01-16,0.686
POL0000761,CUST0000093,Property,4871.65,382340.56,2023-01-17,2024-01-03,0.163
POL0000762,CUST0001066,Auto,4487.07,247368.48,2021-08-18,2022-05-08,0.267
POL0000763,CUST0002427,Life,1843.68,273507.68,2021-07-19,2023-06-22,0.35
POL0000764,CUST0001352,Auto,4991.35,39176.63,2019-04-01,2021-01-20,0.193
POL0000765,CUST0002113,Health,216.82,282198.6,2022-01-11,2024-01-04,0.466
POL0000766,CUST0000365,Life,332.62,397757.35,2022-12-09,2024-07-28,0.887
POL0000767,CUST0000821,Auto,4154.43,291175.51,2022-01-29,2023-07-01,0.512
POL0000768,CUST0001508,Auto,1157.42,140000.12,2021-03-20,2023-11-25,0.694
POL0000769,CUST0002030,Property,491.69,337098.65,2023-09-14,2025-01-25,0.646
POL0000770,CUST0001925,Auto,1338.31,187129.33,2018-07-23,2019-11-18,0.78
POL0000771,CUST0002588,Life,2245.28,276987.91,2022-02-21,2023-05-18,0.273
POL0000772,CUST0001086,Auto,3706.72,248907.03,2018-10-20,2021-03-07,0.703
POL0000773,CUST0002539,Health,3196.81,196775.75,2021-05-15,2022-03-04,0.805
POL0000774,CUST0001297,Property,1340.58,362250.21,2021-08-07,2023-03-16,0.237
POL0000775,CUST0002277,Life,2615.7,443099.29,2022-11-24,2023-06-17,0.377
POL0000776,CUST0001044,Life,4645.83,12554.13,2021-11-12,2023-01-02,0.876
POL0000777,CUST0000003,Auto,4112.04,467472.09,2022-01-14,2023-05-18,0.725
POL0000778,CUST0001754,Health,1751.31,260642.42,2023-11-08,2026-03-20,0.326
POL0000779,CUST0000911,Property,4914.87,353358.62,2023-06-17,2024-08-02,0.551
POL0000780,CUST0000307,Life,3601.38,429256.04,2020-02-09,2022-02-06,0.423
POL0000781,CUST0002480,Property,499.76,238880.81,2024-08-18,2025-11-05,0.492
POL0000782,CUST0000136,Auto,368.77,419137.3,2019-05-21,2019-11-29,0.384
POL0000783,CUST0001933,Health,1008.36,97033.71,2023-04-05,2025-02-08,0.323
POL0000784,CUST0002563,Auto,3693.71,87992.09,2023-02-17,2024-06-26,0.64
POL0000785,CUST0002241,Property,1081.95,332160.97,2021-08-28,2023-11-03,0.723
POL0000786,CUST0001609,Auto,2655.14,436370.07,2021-12-07,2024-03-03,0.799
POL0000787,CUST0001439,Property,647.65,447288.83,2024-07-25,2026-02-08,0.224
POL0000788,CUST0000873,Life,4620.25,325432.82,2022-11-20,2025-02-18,0.758
POL0000789,CUST0001142,Life,1851.01,267489.72,2019-12-09,2021-04-17,0.304
POL0000790,CUST0000666,Auto,4559.03,172382.61,2020-06-12,2021-08-21,0.442
POL0000791,CUST0000209,Life,4735.4,490200.2,2022-11-12,2024-07-24,0.821
POL0000792,CUST0000952,Property,229.42,166650.89,2023-05-10,2024-02-28,0.464
POL0000793,CUST0001058,Life,2427.85,374651.19,2021-12-14,2023-04-06,0.258
POL0000794,CUST0000649,Health,318.35,270671.08,2021-12-03,2022-10-02,0.228
POL0000795,CUST0001342,Health,4561.73,308171.05,2019-09-27,2020-12-05,0.478
POL0000796,CUST0002168,Auto,2688.36,202805.47,2018-10-17,2021-01-24,0.71
POL0000797,CUST0000627,Auto,559.73,482763.33,2021-11-18,2024-05-03,0.898
POL0000798,CUST0000525,Auto,729.33,290124.34,2019-09-27,2020-05-10,0.73
POL0000799,CUST0001605,Auto,2040.84,469515.94,2019-04-19,2021-10-13,0.802
POL0000800,CUST0001869,Property,4713.12,13719.79,2018-04-21,2020-01-23,0.698
POL0000801,CUST0000769,Property,3525.96,290608.59,2023-11-11,2025-04-23,0.816
POL0000802,CUST0002560,Health,4364.57,361421.58,2024-07-04,2025-05-02,0.161
POL0000803,CUST0002095,Property,1958.99,375089.28,2024-12-31,2025-07-29,0.844
POL0000804,CUST0000772,Life,407.43,453438.67,2024-12-31,2025-08-22,0.417
POL0000805,CUST0000740,Health,4876.72,12156.79,2018-03-17,2019-02-12,0.837
POL0000806,CUST0000522,Auto,282.43,10161.78,2022-08-26,2024-05-22,0.161
POL0000807,CUST0001401,Auto,4748.73,241409.1,2021-11-19,2023-02-27,0.672
POL0000808,CUST0002182,Property,1969.65,24353.92,2022-07-16,2023-02-16,0.689
POL0000809,CUST0000248,Health,248.43,487520.95,2021-12-15,2024-09-07,0.898
POL0000810,CUST0001342,Property,3507.95,118811.94,2022-01-05,2024-09-07,0.715
POL0000811,CUST0002484,Property,4906.59,241605.72,2024-11-23,2026-02-01,0.406
POL0000812,CUST0001859,Property,4835.0,39957.44,2020-05-05,2021-04-27,0.546
POL0000813,CUST0000686,Health,972.5,265803.72,2024-04-02,2026-03-30,0.393
POL0000814,CUST0000586,Auto,1069.99,196178.5,2023-01-07,2024-03-15,0.257
POL0000815,CUST0002399,Life,2914.59,31883.41,2020-04-10,2022-02-26,0.299
POL0000816,CUST0000143,Auto,3259.06,174210.89,2021-04-09,2023-08-10,0.278
POL0000817,CUST0000967,Health,3749.21,201803.65,2022-02-11,2022-08-30,0.539
POL0000818,CUST0002852,Auto,1069.04,495061.53,2024-01-21,2026-10-02,0.825
POL0000819,CUST0000718,Auto,4803.23,111864.08,2024-06-06,2025-02-15,0.83
POL0000820,CUST0000643,Life,3265.95,276942.01,2024-11-15,2027-05-02,0.144
POL0000821,CUST0002549,Auto,4265.83,493784.62,2021-12-01,2023-09-01,0.164
POL0000822,CUST0000370,Auto,2792.32,398089.41,2020-08-01,2021-07-24,0.296
POL0000823,CUST0001110,Auto,2188.53,496750.08,2018-01-01,2019-07-16,0.304
POL0000824,CUST0000787,Property,4890.48,484466.17,2018-11-07,2019-06-11,0.176
POL0000825,CUST0002787,Health,2994.18,249874.38,2020-02-11,2020-12-06,0.411
POL0000826,CUST0001484,Health,4360.99,351224.17,2023-06-26,2025-09-12,0.57
POL0000827,CUST0000950,Life,4775.8,64117.13,2021-08-26,2022-02-22,0.563
POL0000828,CUST0001349,Property,3441.7,226162.92,2020-05-02,2022-10-19,0.535
POL0000829,CUST0000522,Property,2834.91,406419.09,2021-02-08,2022-06-13,0.371
POL0000830,CUST0002537,Auto,216.85,257614.31,2021-10-12,2022-11-03,0.665
POL0000831,CUST0001953,Health,392.09,354322.53,2024-09-22,2025-08-21,0.761
POL0000832,CUST0002445,Life,1164.09,375418.15,2018-04-10,2020-11-06,0.377
POL0000833,CUST0002944,Property,1092.84,134199.88,2020-07-01,2022-11-10,0.168
POL0000834,CUST0000355,Auto,1422.84,439092.69,2019-04-11,2020-08-17,0.337
POL0000835,CUST0000947,Life,1663.69,235312.99,2024-11-13,2026-03-14,0.21
POL0000836,CUST0002336,Property,1928.31,112990.7,2024-06-07,2026-04-21,0.474
POL0000837,CUST0001483,Life,2218.58,434053.78,2019-03-16,2021-05-22,0.225
POL0000838,CUST0001648,Property,674.56,214731.21,2022-09-11,2024-12-23,0.47
POL0000839,CUST0000536,Life,403.34,377653.09,2020-02-04,2022-01-03,0.277
POL0000840,CUST0001315,Property,3434.93,278536.21,2023-06-02,2025-07-26,0.691
POL0000841,CUST0002899,Property,2779.21,197117.16,2019-12-20,2020-09-21,0.122
POL0000842,CUST0002886,Life,2331.89,406839.44,2022-11-13,2024-09-12,0.544
POL0000843,CUST0002216,Property,3245.31,296390.27,2024-02-21,2024-08-25,0.236
POL0000844,CUST0000950,Property,4172.86,201375.43,2021-03-11,2023-11-01,0.101
POL0000845,CUST0000621,Property,2252.93,63702.96,2019-06-10,2019-12-18,0.795
POL0000846,CUST0000428,Life,3277.37,448768.2,2020-08-29,2022-07-23,0.637
POL0000847,CUST0001726,Life,4777.15,27380.1,2022-03-08,2023-08-18,0.179
POL0000848,CUST0002538,Property,4230.2,432961.8,2020-01-25,2020-07-29,0.631
POL0000849,CUST0002403,Property,2244.8,186381.15,2018-07-27,2020-06-05,0.589
POL0000850,CUST0002244,Life,3294.64,323275.99,2020-04-01,2022-01-15,0.479
POL0000851,CUST0000545,Auto,1049.94,461877.86,2022-01-09,2023-12-13,0.435
POL0000852,CUST0002765,Property,2890.51,84336.24,2019-03-20,2019-11-11,0.81
POL0000853,CUST0000824,Auto,4910.38,287805.73,2021-03-08,2023-04-16,0.296
POL0000854,CUST0002980,Life,2687.91,384572.1,2021-02-15,2023-03-22,0.419
POL0000855,CUST0001003,Property,4652.66,381216.08,2019-09-06,2020-10-22,0.363
POL0000856,CUST0000659,Auto,2155.21,267559.64,2021-12-15,2024-08-11,0.717
POL0000857,CUST0002987,Life,4994.46,316122.34,2019-08-30,2020-03-26,0.833
POL0000858,CUST0002828,Auto,2980.26,381188.23,2022-01-25,2023-07-25,0.78
POL0000859,CUST0002059,Health,402.89,422103.54,2024-11-28,2027-01-23,0.738
POL0000860,CUST0002444,Life,3016.42,383288.42,2020-08-04,2023-04-30,0.889
POL0000861,CUST0000731,Health,1517.95,183462.42,2020-01-15,2020-09-06,0.658
POL0000862,CUST0001833,Life,355.91,498395.94,2024-04-04,2024-10-10,0.701
POL0000863,CUST0000409,Life,4140.1,222906.32,2021-07-05,2022-05-27,0.886
POL0000864,CUST0002410,Property,1523.5,21987.7,2019-12-26,2021-06-21,0.106
POL0000865,CUST0000084,Health,4023.43,187682.31,2022-10-31,2024-12-17,0.607
POL0000866,CUST0002204,Health,1583.44,72613.65,2021-03-21,2022-05-27,0.691
POL0000867,CUST0000707,Health,1132.77,69506.88,2020-03-28,2022-08-23,0.834
POL0000868,CUST0001962,Life,4874.89,147952.17,2023-07-04,2026-01-13,0.807
POL0000869,CUST0002520,Health,1935.9,36153.99,2018-03-07,2019-05-13,0.774
POL0000870,CUST0002667,Health,3086.61,347370.97,2021-05-07,2023-01-19,0.857
POL0000871,CUST0001448,Property,3127.91,46254.55,2024-05-13,2026-11-14,0.53
POL0000872,CUST0000134,Auto,2890.27,109611.88,2019-04-22,2020-09-22,0.106
POL0000873,CUST0000788,Auto,4590.54,55520.86,2024-12-13,2026-11-08,0.109
POL0000874,CUST0002955,Health,3437.32,40952.19,2018-11-20,2020-05-05,0.536
POL0000875,CUST0000864,Health,2137.92,141198.32,2024-08-25,2026-11-06,0.448
POL0000876,CUST0000667,Health,4339.43,290230.49,2022-01-25,2024-06-27,0.461
POL0000877,CUST0000277,Health,1069.1,482695.92,2024-01-11,2026-04-22,0.42
POL0000878,CUST0001776,Auto,2812.34,439022.76,2020-02-25,2021-07-11,0.834
POL0000879,CUST0000882,Property,4762.64,439207.62,2019-05-23,2020-04-06,0.387
POL0000880,CUST0002061,Life,3201.91,96272.85,2020-11-10,2022-07-27,0.785
POL0000881,CUST0002390,Health,4121.45,139804.52,2023-02-24,2023-11-25,0.822
POL0000882,CUST0002083,Health,3337.09,47432.73,2019-02-10,2021-02-11,0.5
POL0000883,CUST0002607,Auto,4228.98,391449.49,2022-03-03,2023-10-23,0.458
POL0000884,CUST0001238,Health,4733.54,44209.99,2023-01-04,2024-11-27,0.709
POL0000885,CUST0002453,Property,1510.02,282780.88,2022-04-21,2024-12-15,0.666
POL0000886,CUST0002706,Property,1014.37,131459.03,2018-02-02,2018-12-28,0.363
POL0000887,CUST0000159,Health,2523.16,129288.36,2022-04-07,2024-04-08,0.182
POL0000888,CUST0001134,Auto,3568.94,495455.28,2018-06-26,2019-12-08,0.312
POL0000889,CUST0002597,Health,1290.52,380822.11,2018-05-19,2019-03-10,0.205
POL0000890,CUST0001852,Health,219.69,420100.29,2022-10-08,2024-12-27,0.336
POL0000891,CUST0000279,Auto,1846.09,290271.52,2023-01-12,2024-03-03,0.309
POL0000892,CUST0002527,Property,4850.52,436797.0,2024-09-25,2025-12-18,0.61
POL0000893,CUST0000111,Life,3535.84,326290.36,2019-01-05,2020-04-19,0.864
POL0000894,CUST0002479,Health,2126.36,473625.12,2023-03-16,2024-11-18,0.649
POL0000895,CUST0000542,Property,1124.37,147855.91,2018-01-04,2018-07-11,0.841
POL0000896,CUST0001139,Health,1909.23,301706.58,2020-11-01,2023-05-20,0.727
POL0000897,CUST0000360,Life,1015.23,348164.36,2019-11-29,2022-02-15,0.682
POL0000898,CUST0002420,Auto,710.27,202539.28,2020-03-14,2021-12-28,0.431
POL0000899,CUST0001239,Property,4552.36,441056.91,2020-04-03,2022-03-05,0.36
POL0000900,CUST0001757,Life,4988.72,490103.55,2018-11-01,2020-10-17,0.777
POL0000901,CUST0000955,Health,987.75,251947.05,2021-09-15,2024-01-27,0.824
POL0000902,CUST0002307,Life,461.71,201413.92,2020-03-03,2022-09-05,0.462
POL0000903,CUST0002826,Property,1782.71,241249.58,2023-08-21,2024-02-27,0.107
POL0000904,CUST0002168,Auto,2415.96,427841.01,2021-09-18,2023-11-19,0.734
POL0000905,CUST0000976,Health,1183.14,326279.53,2019-10-06,2022-05-19,0.328
POL0000906,CUST0000913,Auto,1646.84,31938.46,2022-04-22,2023-09-10,0.108
POL0000907,CUST0001152,Auto,1164.18,275663.26,2018-06-19,2020-08-01,0.744
POL0000908,CUST0000723,Life,3916.45,18477.06,2018-09-04,2019-12-03,0.514
POL0000909,CUST0002571,Life,3620.37,391482.33,2020-03-24,2021-09-24,0.648
POL0000910,CUST0001712,Property,3247.77,170873.01,2023-02-24,2024-12-24,0.832
POL0000911,CUST0000325,Property,2058.65,241283.67,2021-06-22,2022-11-28,0.533
POL0000912,CUST0001530,Auto,4563.4,401352.27,2021-05-20,2023-12-28,0.503
POL0000913,CUST0001550,Property,4853.76,32759.92,2022-12-25,2024-06-24,0.333
POL0000914,CUST0001074,Auto,1033.47,87685.35,2018-07-15,2021-01-12,0.344
POL0000915,CUST0001946,Health,1270.46,205000.58,2019-07-31,2020-12-02,0.737
POL0000916,CUST0001608,Auto,2723.03,122663.33,2023-12-08,2026-06-05,0.459
POL0000917,CUST0002117,Property,638.0,175571.7,2021-10-24,2023-12-13,0.231
POL0000918,CUST0000391,Property,2294.95,499105.62,2018-12-31,2020-10-25,0.176
POL0000919,CUST0002431,Auto,2992.6,414453.07,2024-11-20,2025-06-02,0.478
POL0000920,CUST0000016,Life,2705.95,443111.89,2020-01-05,2022-07-30,0.472
POL0000921,CUST0000846,Auto,1788.36,469156.77,2024-02-12,2026-06-28,0.623
POL0000922,CUST0000869,Auto,2803.74,177058.58,2024-10-23,2025-04-24,0.477
POL0000923,CUST0000568,Life,4802.24,155567.71,2019-03-08,2020-09-13,0.215
POL0000924,CUST0002180,Health,1188.88,124690.62,2023-08-16,2025-02-14,0.506
POL0000925,CUST0002020,Life,3343.19,416757.29,2020-12-20,2022-09-25,0.825
POL0000926,CUST0002321,Property,408.3,342980.41,2024-02-12,2026-01-24,0.228
POL0000927,CUST0001647,Life,518.8,125724.27,2022-01-27,2024-07-14,0.652
POL0000928,CUST0002532,Property,2848.78,194726.98,2021-02-02,2021-12-15,0.575
POL0000929,CUST0002598,Property,703.71,258288.76,2022-12-04,2024-05-29,0.699
POL0000930,CUST0000357,Auto,307.26,268788.63,2020-12-26,2022-01-25,0.22
POL0000931,CUST0001657,Auto,1023.26,445476.59,2021-05-31,2022-11-29,0.853
POL0000932,CUST0002281,Health,2911.28,196477.41,2018-03-29,2019-01-19,0.597
POL0000933,CUST0000036,Property,3576.04,455176.77,2021-04-21,2022-04-14,0.778
POL0000934,CUST0002461,Auto,1171.9,226270.1,2022-05-06,2023-07-05,0.297
POL0000935,CUST0001028,Property,3407.65,375722.61,2022-09-20,2023-07-24,0.692
POL0000936,CUST0002092,Health,1075.89,465824.62,2021-10-25,2023-04-15,0.725
POL0000937,CUST0002616,Property,3144.6,454712.09,2020-05-25,2021-02-06,0.418
POL0000938,CUST0002788,Health,2177.41,37906.9,2024-11-28,2027-06-06,0.407
POL0000939,CUST0000114,Health,3338.24,110795.1,2022-04-09,2023-07-25,0.626
POL0000940,CUST0001773,Health,4976.25,243683.66,2018-05-20,2020-12-28,0.175
POL0000941,CUST0002445,Auto,4701.52,221461.6,2020-08-26,2021-05-14,0.688
POL0000942,CUST0001198,Life,220.55,324036.92,2020-05-17,2021-10-20,0.134
POL0000943,CUST0001279,Life,4450.11,472907.43,2019-04-01,2020-08-30,0.252
POL0000944,CUST0000466,Auto,519.16,65078.31,2019-08-25,2022-05-19,0.631
POL0000945,CUST0001488,Property,4774.62,231410.75,2023-02-18,2025-03-16,0.179
POL0000946,CUST0000847,Auto,1552.76,104281.41,2018-02-14,2018-11-16,0.877
POL0000947,CUST0000502,Property,2033.77,448112.72,2020-08-29,2021-07-19,0.795
POL0000948,CUST0000441,Health,639.86,482644.29,2021-06-23,2023-07-19,0.601
POL0000949,CUST0002117,Auto,738.91,244563.82,2023-10-27,2025-09-26,0.755
POL0000950,CUST0000326,Life,3688.35,60965.05,2019-10-17,2021-05-15,0.81
POL0000951,CUST0001766,Property,4732.79,394794.39,2019-05-22,2020-11-08,0.308
POL0000952,CUST0000067,Auto,3131.59,351599.26,2022-03-28,2023-03-28,0.78
POL0000953,CUST0000304,Auto,3636.08,183788.71,2021-07-21,2023-11-17,0.256
POL0000954,CUST0000972,Property,3857.45,444829.66,2022-05-27,2024-05-18,0.431
POL0000955,CUST0000484,Health,1461.51,488157.63,2024-01-22,2024-12-17,0.547
POL0000956,CUST0000929,Health,417.1,283348.39,2022-09-10,2024-01-21,0.671
POL0000957,CUST0001441,Health,208.99,287206.68,2023-06-11,2025-12-30,0.124
POL0000958,CUST0000149,Health,1883.12,155781.62,2020-01-21,2022-05-17,0.332
POL0000959,CUST0002632,Property,1359.03,296407.96,2019-04-05,2019-11-29,0.587
POL0000960,CUST0002296,Life,499.13,225424.74,2023-09-08,2024-03-15,0.386
POL0000961,CUST0001125,Auto,1061.74,158073.6,2020-08-03,2021-06-02,0.72
POL0000962,CUST0002750,Auto,797.59,42920.75,2020-05-13,2021-10-30,0.621
POL0000963,CUST0000096,Health,4591.42,133826.85,2020-08-17,2022-01-24,0.288
POL0000964,CUST0000282,Property,873.28,106948.78,2019-11-11,2022-07-11,0.217
POL0000965,CUST0002370,Life,2780.71,275600.57,2022-01-05,2023-02-25,0.603
POL0000966,CUST0000529,Life,3046.91,304818.31,2021-08-24,2023-01-18,0.46
POL0000967,CUST0002311,Auto,2808.75,308200.14,2019-04-25,2019-11-07,0.235
POL0000968,CUST0001643,Health,675.47,200208.69,2019-05-26,2021-01-18,0.361
POL0000969,CUST0000580,Auto,1730.23,216402.57,2022-10-27,2024-03-13,0.342
POL0000970,CUST0001664,Auto,446.1,418776.83,2022-09-19,2023-04-09,0.187
POL0000971,CUST0002342,Life,2099.22,243354.08,2018-09-05,2020-06-04,0.538
POL0000972,CUST0001632,Property,1105.27,494008.93,2020-11-26,2022-08-27,0.711
POL0000973,CUST0002443,Life,2895.84,225412.44,2023-01-25,2024-12-25,0.56
POL0000974,CUST0002561,Auto,3525.48,328294.66,2021-12-05,2024-05-21,0.761
POL0000975,CUST0002969,Health,2754.18,34677.87,2019-07-14,2021-07-19,0.202
POL0000976,CUST0000810,Health,2284.34,330136.56,2019-02-13,2020-10-05,0.448
POL0000977,CUST0002968,Property,2059.2,427198.93,2021-07-08,2023-02-10,0.588
POL0000978,CUST0000693,Property,4240.12,471804.34,2018-10-18,2020-03-11,0.641
POL0000979,CUST0000235,Property,1252.97,498687.1,2020-08-10,2022-05-08,0.657
POL0000980,CUST0000952,Auto,3724.25,148267.54,2021-03-22,2023-01-13,0.683
POL0000981,CUST0001855,Auto,3835.92,291931.33,2024-07-04,2026-05-12,0.621
POL0000982,CUST0001361,Property,2212.16,230851.81,2021-08-19,2022-03-13,0.175
POL0000983,CUST0001032,Health,1627.04,286270.57,2019-12-11,2021-07-09,0.656
POL0000984,CUST0001467,Health,2458.6,87151.95,2022-05-26,2023-05-28,0.68
POL0000985,CUST0001965,Health,647.43,429513.29,2019-02-16,2020-01-01,0.895
POL0000986,CUST0000539,Auto,420.46,455688.78,2021-09-15,2023-08-16,0.655
POL0000987,CUST0000820,Life,735.7,230334.21,2021-12-08,2024-06-20,0.649
POL0000988,CUST0001682,Health,1098.3,147410.63,2024-08-27,2025-05-25,0.512
POL0000989,CUST0000272,Health,2620.05,79008.38,2023-11-04,2024-07-17,0.794
POL0000990,CUST0001029,Health,4275.86,345044.76,2022-02-14,2023-04-13,0.897
POL0000991,CUST0001923,Property,1331.08,162993.6,2021-07-31,2023-11-24,0.723
POL0000992,CUST0001243,Auto,4688.78,455673.9,2022-06-15,2024-12-10,0.59
POL0000993,CUST0001142,Property,4783.56,338796.11,2020-06-24,2023-02-25,0.163
POL0000994,CUST0000593,Property,4802.74,326385.81,2018-03-31,2020-07-19,0.681
POL0000995,CUST0001606,Life,4220.3,284107.04,2018-08-09,2019-05-03,0.667
POL0000996,CUST0000115,Property,1946.36,32430.41,2020-06-05,2022-08-11,0.72
POL0000997,CUST0002311,Life,548.88,466641.99,2020-01-21,2021-05-08,0.2
POL0000998,CUST0001678,Property,2930.33,317689.37,2018-06-16,2019-03-17,0.623
POL0000999,CUST0001446,Health,2881.67,497090.37,2018-09-19,2019-11-25,0.337
POL0001000,CUST0000207,Auto,4279.88,273304.64,2023-07-07,2025-07-06,0.708
POL0001001,CUST0002351,Property,4980.76,357954.34,2021-07-29,2023-02-27,0.292
POL0001002,CUST0000112,Life,2639.16,37542.68,2019-08-24,2022-03-27,0.647
POL0001003,CUST0001441,Auto,1856.98,319550.73,2020-10-04,2021-05-25,0.336
POL0001004,CUST0001883,Life,1092.33,384678.31,2020-06-26,2021-08-22,0.107
POL0001005,CUST0000185,Health,223.04,391472.0,2020-06-29,2021-04-14,0.607
POL0001006,CUST0001765,Property,2643.75,387354.71,2024-06-09,2027-01-10,0.191
POL0001007,CUST0000901,Auto,2866.49,120878.49,2018-03-01,2020-05-12,0.627
POL0001008,CUST0000221,Health,4159.7,487945.25,2018-06-16,2020-10-28,0.84
POL0001009,CUST0001468,Property,2621.97,497639.24,2018-10-13,2021-03-11,0.875
POL0001010,CUST0001094,Property,4599.05,47041.98,2018-06-29,2019-08-03,0.289
POL0001011,CUST0002946,Life,3214.8,468858.75,2024-07-29,2027-02-24,0.747
POL0001012,CUST0002670,Life,4233.61,151830.11,2023-11-02,2025-11-14,0.383
POL0001013,CUST0002475,Health,911.85,347749.2,2018-11-12,2019-10-19,0.82
POL0001014,CUST0002692,Life,4305.61,175674.35,2021-07-02,2022-02-01,0.73
POL0001015,CUST0002616,Health,3440.69,484199.62,2018-06-01,2019-01-03,0.159
POL0001016,CUST0002013,Health,1017.12,59736.89,2023-03-03,2025-05-13,0.426
POL0001017,CUST0002491,Health,1110.87,253895.94,2024-12-11,2026-06-13,0.37
POL0001018,CUST0000601,Life,4647.2,219743.42,2021-01-08,2021-12-30,0.728
POL0001019,CUST0001161,Auto,354.63,169751.49,2019-08-09,2021-07-09,0.428
POL0001020,CUST0000504,Health,2420.17,326311.66,2018-04-22,2019-07-20,0.648
POL0001021,CUST0002179,Auto,1704.68,74217.31,2020-12-29,2023-03-21,0.582
POL0001022,CUST0000218,Property,3392.37,361164.58,2019-02-28,2019-12-09,0.881
POL0001023,CUST0002736,Life,4230.22,490490.14,2018-12-19,2019-11-19,0.85
POL0001024,CUST0002219,Life,1929.81,404233.77,2024-10-05,2026-03-04,0.442
POL0001025,CUST0001499,Auto,2249.13,431408.21,2021-02-15,2021-09-08,0.679
POL0001026,CUST0000612,Property,4913.21,186222.0,2024-08-11,2025-11-29,0.764
POL0001027,CUST0001153,Property,3962.8,169194.44,2019-08-10,2021-07-26,0.819
POL0001028,CUST0000057,Health,4506.58,263353.69,2022-12-01,2024-05-18,0.155
POL0001029,CUST0001205,Life,2306.06,32406.04,2018-02-18,2018-10-24,0.342
POL0001030,CUST0000246,Property,1323.57,473225.49,2019-01-06,2020-05-26,0.356
POL0001031,CUST0000144,Property,2176.94,80454.73,2022-12-26,2023-11-21,0.448
POL0001032,CUST0000368,Health,3637.24,452476.39,2024-11-23,2026-12-19,0.235
POL0001033,CUST0001483,Health,725.27,50955.29,2023-12-10,2026-03-30,0.497
POL0001034,CUST0002266,Auto,1498.25,413086.21,2020-03-08,2021-07-20,0.631
POL0001035,CUST0000616,Life,423.85,84461.64,2020-03-26,2022-10-18,0.498
POL0001036,CUST0001882,Property,2275.27,28684.49,2022-03-31,2023-12-22,0.633
POL0001037,CUST0001589,Auto,4171.74,362549.83,2021-11-20,2023-12-09,0.153
POL0001038,CUST0002490,Life,318.39,147330.0,2018-08-24,2020-12-18,0.801
POL0001039,CUST0002889,Auto,3441.55,360103.11,2018-11-15,2019-09-02,0.851
POL0001040,CUST0000699,Life,4675.98,281991.77,2020-08-07,2022-10-30,0.594
POL0001041,CUST0000876,Life,1337.25,63315.62,2021-03-19,2022-12-20,0.805
POL0001042,CUST0001686,Property,3529.45,466743.74,2024-10-03,2026-03-28,0.205
POL0001043,CUST0002824,Life,4880.49,231633.95,2022-12-22,2024-01-08,0.738
POL0001044,CUST0002810,Health,4818.93,369879.17,2021-01-15,2022-11-12,0.195
POL0001045,CUST0000945,Property,1327.66,255500.08,2020-06-16,2022-04-06,0.426
POL0001046,CUST0000923,Health,681.59,306137.12,2020-03-22,2020-09-21,0.359
POL0001047,CUST0002983,Auto,911.76,158359.06,2019-12-23,2020-10-26,0.568
POL0001048,CUST0001747,Auto,3569.77,108176.55,2018-05-13,2018-12-04,0.341
POL0001049,CUST0000025,Life,3683.64,275859.4,2018-07-18,2021-03-24,0.61
POL0001050,CUST0002854,Life,3436.34,225707.3,2020-05-26,2020-12-18,0.394
POL0001051,CUST0001688,Health,1813.18,201155.47,2020-08-18,2021-03-27,0.789
POL0001052,CUST0001560,Health,1014.93,339557.93,2020-01-17,2022-02-17,0.607
POL0001053,CUST0002812,Health,2987.65,348348.25,2018-01-21,2018-09-21,0.272
POL0001054,CUST0001084,Auto,2521.67,32500.83,2022-10-26,2023-05-18,0.369
POL0001055,CUST0000434,Health,3698.4,175984.8,2020-10-09,2021-06-17,0.778
POL0001056,CUST0002927,Property,2318.53,211764.63,2021-09-18,2023-07-11,0.409
POL0001057,CUST0001090,Property,1825.47,57477.16,2022-11-26,2024-02-16,0.529
POL0001058,CUST0002958,Auto,1608.7,125591.42,2018-09-10,2019-06-11,0.619
POL0001059,CUST0002613,Health,1215.06,35304.48,2020-09-01,2022-03-29,0.378
POL0001060,CUST0001952,Health,1475.58,498158.63,2023-08-24,2025-02-17,0.335
POL0001061,CUST0002154,Life,655.19,370913.03,2024-01-03,2025-05-11,0.48
POL0001062,CUST0000096,Property,1864.91,52850.58,2022-03-28,2023-01-18,0.272
POL0001063,CUST0000168,Auto,375.54,19922.2,2019-03-08,2020-02-14,0.327
POL0001064,CUST0002090,Health,1094.79,362451.02,2023-06-20,2026-02-13,0.15
POL0001065,CUST0001903,Life,3784.5,225204.16,2023-05-27,2025-06-21,0.343
POL0001066,CUST0002152,Auto,1762.25,395530.39,2021-01-24,2022-05-24,0.357
POL0001067,CUST0001869,Auto,3407.54,462503.26,2020-03-10,2022-10-17,0.869
POL0001068,CUST0002568,Property,3641.04,303657.19,2019-05-28,2021-12-02,0.572
POL0001069,CUST0001999,Health,2989.69,101683.13,2021-08-15,2022-08-29,0.73
POL0001070,CUST0002330,Auto,4801.75,393275.08,2018-07-20,2021-01-16,0.136
POL0001071,CUST0002995,Life,302.91,478347.75,2021-02-14,2022-02-08,0.185
POL0001072,CUST0001134,Life,3745.53,294313.33,2020-03-26,2021-09-14,0.752
POL0001073,CUST0002011,Auto,4802.18,344178.75,2018-07-12,2021-01-16,0.599
POL0001074,CUST0000749,Life,4338.9,175362.6,2018-12-22,2020-02-26,0.253
POL0001075,CUST0001892,Auto,1005.88,196948.57,2018-01-28,2019-05-21,0.424
POL0001076,CUST0000831,Life,1768.74,369980.7,2018-02-28,2019-10-30,0.531
POL0001077,CUST0000049,Auto,1027.77,464607.84,2024-04-11,2024-10-11,0.775
POL0001078,CUST0000115,Auto,3086.28,318204.31,2020-12-26,2023-04-07,0.148
POL0001079,CUST0001179,Auto,3618.5,397025.48,2019-04-02,2021-08-06,0.577
POL0001080,CUST0001673,Life,1721.95,94101.16,2019-08-26,2020-11-01,0.674
POL0001081,CUST0002551,Auto,2789.63,113859.95,2021-07-11,2023-11-02,0.882
POL0001082,CUST0000071,Property,3516.42,270697.0,2018-09-11,2020-10-08,0.746
POL0001083,CUST0001360,Auto,2222.43,96511.55,2021-06-30,2023-07-16,0.321
POL0001084,CUST0000067,Health,4299.27,321147.58,2024-02-04,2024-11-05,0.668
POL0001085,CUST0001517,Health,3903.44,152910.06,2022-03-23,2023-03-04,0.711
POL0001086,CUST0001674,Property,510.39,397850.98,2020-11-29,2022-04-23,0.684
POL0001087,CUST0001778,Auto,3181.4,405974.07,2023-03-04,2023-10-31,0.756
POL0001088,CUST0000967,Health,1329.56,237255.85,2023-12-15,2024-12-02,0.823
POL0001089,CUST0002229,Auto,2876.09,98597.21,2024-10-28,2026-01-03,0.179
POL0001090,CUST0001790,Health,4793.06,326919.73,2019-11-25,2021-08-26,0.184
POL0001091,CUST0000613,Life,4419.5,496465.64,2019-11-25,2022-02-05,0.737
POL0001092,CUST0001887,Life,2141.68,315069.54,2022-07-08,2023-08-06,0.302
POL0001093,CUST0001623,Property,1599.27,27529.6,2019-05-07,2020-06-28,0.147
POL0001094,CUST0000697,Property,1325.15,18474.05,2023-12-16,2025-08-01,0.421
POL0001095,CUST0002651,Auto,2756.07,166977.37,2022-06-16,2024-12-20,0.756
POL0001096,CUST0002296,Property,748.39,105934.07,2022-07-18,2025-01-24,0.201
POL0001097,CUST0001238,Auto,2836.52,408395.09,2022-11-06,2025-05-18,0.637
POL0001098,CUST0002407,Life,206.4,423954.78,2022-02-06,2024-06-09,0.103
POL0001099,CUST0000249,Life,1754.48,136723.2,2023-04-03,2024-02-02,0.188
POL0001100,CUST0000638,Health,1255.68,169565.94,2018-04-15,2019-06-21,0.381
POL0001101,CUST0000950,Auto,4861.85,125761.01,2018-05-08,2020-10-14,0.167
POL0001102,CUST0001905,Life,3690.76,455107.45,2019-05-30,2020-06-09,0.777
POL0001103,CUST0001112,Life,1878.34,256298.17,2023-03-15,2025-06-05,0.791
POL0001104,CUST0002711,Auto,645.66,331507.15,2021-05-15,2022-12-28,0.704
POL0001105,CUST0000176,Health,2680.64,213586.22,2022-07-18,2024-04-13,0.294
POL0001106,CUST0000723,Health,1224.55,319196.95,2020-04-18,2022-11-29,0.519
POL0001107,CUST0002474,Health,2774.86,199069.13,2021-11-14,2022-07-05,0.247
POL0001108,CUST0000771,Health,4209.74,176442.43,2021-12-03,2024-03-08,0.325
POL0001109,CUST0001948,Life,3155.8,320895.24,2021-05-11,2022-10-11,0.513
POL0001110,CUST0000703,Auto,3242.18,299620.42,2023-11-02,2025-04-23,0.688
POL0001111,CUST0002129,Auto,2796.95,153828.7,2024-11-14,2025-10-10,0.176
POL0001112,CUST0000927,Life,4650.88,83180.74,2019-09-27,2020-07-02,0.337
POL0001113,CUST0000138,Life,4673.13,190602.58,2024-07-14,2025-08-31,0.841
POL0001114,CUST0002518,Life,2661.07,213446.84,2022-12-25,2024-12-17,0.443
POL0001115,CUST0002398,Property,1667.65,318055.32,2023-11-07,2024-07-05,0.851
POL0001116,CUST0001150,Auto,2406.02,458119.09,2021-03-06,2022-03-16,0.893
POL0001117,CUST0001941,Auto,1095.48,27730.55,2022-03-12,2024-03-02,0.521
POL0001118,CUST0001892,Auto,3254.45,129393.9,2021-02-20,2023-09-12,0.33
POL0001119,CUST0001879,Health,2600.44,104920.81,2021-10-11,2022-07-23,0.733
POL0001120,CUST0001254,Life,695.84,256124.26,2022-09-02,2023-12-20,0.227
POL0001121,CUST0001484,Life,1148.71,220553.4,2018-05-07,2020-08-08,0.302
POL0001122,CUST0001369,Life,2502.23,367228.44,2019-07-25,2021-04-15,0.728
POL0001123,CUST0000310,Property,4460.43,128783.8,2021-01-31,2023-01-14,0.447
POL0001124,CUST0001044,Auto,2918.68,301304.2,2021-10-04,2022-09-04,0.261
POL0001125,CUST0001671,Life,3471.37,443090.06,2019-10-25,2021-06-01,0.621
POL0001126,CUST0001565,Property,1827.34,456232.09,2022-09-11,2025-03-04,0.686
POL0001127,CUST0001584,Life,2942.77,479804.46,2022-12-29,2025-07-03,0.2
POL0001128,CUST0001501,Health,2347.42,388897.96,2023-10-14,2026-06-16,0.322
POL0001129,CUST0002317,Auto,3363.82,453934.07,2024-08-16,2026-12-26,0.277
POL0001130,CUST0000770,Property,442.76,124920.13,2023-08-14,2025-08-16,0.404
POL0001131,CUST0000016,Life,2567.84,106814.66,2024-06-20,2026-07-11,0.711
POL0001132,CUST0000606,Auto,1620.76,13179.16,2024-01-26,2025-08-02,0.671
POL0001133,CUST0001382,Property,1765.69,356353.74,2020-12-09,2023-01-16,0.63
POL0001134,CUST0000813,Auto,4812.4,469358.92,2022-06-18,2024-03-13,0.105
POL0001135,CUST0001991,Auto,1076.94,101598.32,2018-09-09,2019-09-25,0.214
POL0001136,CUST0002530,Health,1693.98,322102.35,2022-06-21,2024-12-18,0.279
POL0001137,CUST0000895,Auto,2647.48,375765.28,2022-07-25,2024-04-16,0.318
POL0001138,CUST0001568,Property,4342.53,464530.98,2022-02-20,2023-02-21,0.217
POL0001139,CUST0002317,Auto,2200.02,326961.51,2018-08-28,2020-10-23,0.428
POL0001140,CUST0000414,Property,3770.55,485443.93,2023-07-16,2026-01-04,0.16
POL0001141,CUST0000025,Auto,4310.6,178889.84,2020-09-05,2022-03-06,0.7
POL0001142,CUST0002005,Life,1688.08,181464.98,2021-03-02,2022-08-03,0.73
POL0001143,CUST0000316,Health,2085.2,276076.13,2021-04-18,2022-07-03,0.559
POL0001144,CUST0000571,Life,1911.47,197915.92,2021-01-06,2023-02-13,0.172
POL0001145,CUST0000725,Health,4197.71,10698.61,2021-12-17,2023-12-09,0.812
POL0001146,CUST0001850,Property,412.86,368568.29,2023-02-16,2025-02-15,0.873
POL0001147,CUST0001300,Health,1680.42,378341.35,2018-07-06,2019-11-03,0.262
POL0001148,CUST0001954,Auto,3461.16,376017.56,2024-05-15,2026-11-06,0.664
POL0001149,CUST0000389,Auto,2914.13,179060.13,2023-03-12,2025-06-06,0.774
POL0001150,CUST0002770,Life,2294.19,265921.84,2018-05-29,2019-05-08,0.532
POL0001151,CUST0000444,Health,2791.75,186387.02,2020-06-07,2022-12-31,0.359
POL0001152,CUST0002745,Property,1148.41,17857.84,2022-03-01,2024-05-09,0.483
POL0001153,CUST0000971,Property,2267.44,285599.98,2022-10-23,2023-07-17,0.51
POL0001154,CUST0002769,Auto,2608.17,70642.73,2018-03-24,2019-04-07,0.421
POL0001155,CUST0002416,Property,4525.71,49220.25,2021-07-07,2022-09-30,0.844
POL0001156,CUST0001965,Auto,1452.01,380194.54,2019-11-11,2020-06-28,0.695
POL0001157,CUST0002390,Auto,4365.58,14658.04,2023-09-29,2025-07-28,0.293
POL0001158,CUST0001829,Auto,3292.36,479914.14,2021-06-26,2022-07-08,0.568
POL0001159,CUST0000304,Life,297.64,262475.13,2024-11-21,2025-06-11,0.651
POL0001160,CUST0000764,Life,3678.23,491678.05,2023-10-02,2026-01-23,0.212
POL0001161,CUST0001974,Auto,370.65,38418.81,2024-02-07,2025-03-15,0.387
POL0001162,CUST0000816,Auto,4987.43,295929.48,2020-09-25,2021-10-30,0.824
POL0001163,CUST0002160,Auto,4388.66,181170.25,2020-02-01,2022-05-23,0.554
POL0001164,CUST0000878,Property,1627.25,423306.42,2019-07-17,2020-10-04,0.274
POL0001165,CUST0002978,Auto,1435.57,186999.14,2024-12-23,2025-09-01,0.198
POL0001166,CUST0000703,Auto,2030.92,137638.91,2019-03-19,2019-11-30,0.515
POL0001167,CUST0002894,Health,1909.6,430201.03,2023-05-16,2025-05-08,0.538
POL0001168,CUST0000944,Health,1987.22,193580.01,2024-05-17,2026-01-21,0.368
POL0001169,CUST0002327,Health,1727.73,18248.33,2023-12-14,2024-08-14,0.604
POL0001170,CUST0002430,Health,3181.44,201241.66,2022-05-24,2023-11-11,0.155
POL0001171,CUST0002061,Auto,988.47,330715.91,2024-05-18,2024-12-01,0.216
POL0001172,CUST0000303,Health,4260.71,134636.17,2023-11-10,2026-03-14,0.537
POL0001173,CUST0001580,Property,4099.53,221673.92,2024-09-02,2027-05-08,0.149
POL0001174,CUST0000160,Property,2487.12,37790.42,2019-11-26,2021-12-10,0.805
POL0001175,CUST0002202,Health,4293.1,298165.47,2018-03-08,2020-03-31,0.214
POL0001176,CUST0002802,Life,1386.3,380584.51,2019-07-05,2022-02-07,0.639
POL0001177,CUST0002229,Property,284.31,212523.16,2019-02-10,2021-08-28,0.413
POL0001178,CUST0001204,Property,3172.2,215913.99,2021-07-19,2023-03-26,0.42
POL0001179,CUST0002425,Health,2397.97,53258.42,2022-02-03,2023-10-16,0.712
POL0001180,CUST0002824,Health,2922.39,108951.02,2018-06-20,2018-12-25,0.5
POL0001181,CUST0001192,Auto,4516.83,85790.9,2019-10-28,2021-08-07,0.681
POL0001182,CUST0001174,Property,4855.64,246027.01,2021-10-03,2023-12-23,0.504
POL0001183,CUST0002064,Health,3245.38,269335.22,2022-01-28,2023-07-09,0.574
POL0001184,CUST0001115,Health,3867.47,474980.66,2018-03-01,2020-04-20,0.709
POL0001185,CUST0001144,Auto,602.28,45883.44,2022-08-11,2024-02-13,0.586
POL0001186,CUST0001980,Property,971.43,303935.31,2024-10-08,2025-09-27,0.592
POL0001187,CUST0000253,Health,3719.38,267984.28,2020-08-11,2022-07-06,0.731
POL0001188,CUST0001433,Auto,2270.55,262954.22,2018-04-30,2019-03-05,0.859
POL0001189,CUST0002079,Health,2340.63,437848.05,2018-12-03,2020-12-17,0.401
POL0001190,CUST0000731,Life,1681.32,110713.85,2023-11-12,2025-02-26,0.562
POL0001191,CUST0002337,Life,3115.31,29978.9,2018-06-18,2020-11-09,0.169
POL0001192,CUST0000498,Health,1088.79,339413.04,2023-09-19,2025-03-04,0.387
POL0001193,CUST0001429,Property,3209.2,179127.16,2023-11-22,2024-12-29,0.43
POL0001194,CUST0000548,Life,1034.23,18619.06,2018-01-23,2019-12-27,0.768
POL0001195,CUST0000961,Auto,506.36,133173.26,2021-04-11,2023-09-14,0.511
POL0001196,CUST0000132,Health,1785.72,161570.12,2020-09-02,2023-03-29,0.685
POL0001197,CUST0001348,Auto,1309.47,312250.8,2021-06-12,2023-05-01,0.115
POL0001198,CUST0000858,Life,4467.16,94567.04,2018-10-01,2020-03-31,0.472
POL0001199,CUST0001156,Property,463.78,212396.63,2019-08-22,2021-12-14,0.821
POL0001200,CUST0002033,Auto,1047.75,246412.97,2024-05-07,2026-06-15,0.279
POL0001201,CUST0000521,Life,2833.85,235026.32,2019-07-20,2021-10-28,0.125
POL0001202,CUST0000030,Life,2509.12,487230.98,2018-01-25,2019-12-05,0.447
POL0001203,CUST0002675,Life,420.09,32297.08,2018-12-01,2019-08-27,0.664
POL0001204,CUST0002052,Auto,234.81,475974.41,2023-08-12,2025-11-24,0.464
POL0001205,CUST0000509,Life,4942.73,295149.23,2022-05-26,2023-02-01,0.468
POL0001206,CUST0001261,Health,3362.41,399906.58,2018-09-25,2020-05-29,0.636
POL0001207,CUST0001559,Life,1953.95,220892.38,2019-10-29,2022-03-15,0.304
POL0001208,CUST0000016,Health,2458.07,232380.56,2021-11-24,2023-05-05,0.702
POL0001209,CUST0000997,Property,1479.44,440869.98,2018-08-08,2019-10-24,0.222
POL0001210,CUST0001608,Health,1855.39,449007.9,2022-12-17,2024-03-11,0.417
POL0001211,CUST0001840,Property,3315.41,126957.55,2018-08-01,2020-06-19,0.625
POL0001212,CUST0002017,Property,4437.5,107628.52,2024-05-17,2026-04-04,0.763
POL0001213,CUST0001254,Health,1083.82,253155.24,2020-09-10,2022-11-15,0.733
POL0001214,CUST0001744,Property,4233.74,451135.74,2020-10-24,2022-06-15,0.677
POL0001215,CUST0002311,Health,783.47,167954.0,2020-12-03,2021-08-11,0.387
POL0001216,CUST0001089,Auto,1231.96,329487.16,2024-04-27,2025-01-05,0.198
POL0001217,CUST0002313,Property,378.44,356994.33,2022-04-09,2024-07-21,0.273
POL0001218,CUST0001362,Health,875.9,391550.59,2020-11-22,2022-10-05,0.792
POL0001219,CUST0000378,Property,4603.06,286322.98,2019-06-30,2021-07-22,0.786
POL0001220,CUST0001199,Life,2405.31,207203.04,2021-05-02,2022-03-23,0.861
POL0001221,CUST0000476,Health,572.8,483837.83,2022-07-22,2023-03-04,0.161
POL0001222,CUST0001290,Life,4806.69,309552.07,2019-09-21,2022-03-29,0.529
POL0001223,CUST0000329,Property,4419.16,366996.95,2021-12-16,2022-09-26,0.619
POL0001224,CUST0001840,Property,3822.48,179041.59,2022-08-31,2023-06-15,0.669
POL0001225,CUST0001187,Auto,4680.67,338275.1,2022-08-09,2023-12-18,0.615
POL0001226,CUST0000438,Health,1256.62,136320.85,2022-08-07,2023-06-03,0.716
POL0001227,CUST0001391,Life,4214.57,130097.49,2019-05-13,2021-03-21,0.388
POL0001228,CUST0001774,Auto,3511.96,360213.88,2023-02-14,2023-09-24,0.244
POL0001229,CUST0001223,Property,4374.84,265483.42,2022-06-12,2023-03-17,0.264
POL0001230,CUST0001524,Property,4025.18,344805.54,2020-07-27,2022-12-29,0.11
POL0001231,CUST0002064,Auto,1863.18,142024.86,2022-11-05,2024-03-09,0.38
POL0001232,CUST0001845,Life,3917.11,303374.44,2018-01-15,2019-02-12,0.173
POL0001233,CUST0001320,Property,1459.79,227527.49,2018-08-19,2020-05-22,0.357
POL0001234,CUST0000868,Property,1777.24,302510.54,2018-11-18,2021-05-26,0.603
POL0001235,CUST0002559,Health,717.95,152531.07,2024-09-13,2026-05-08,0.816
POL0001236,CUST0001812,Auto,4688.37,360570.97,2024-07-09,2026-01-28,0.772
POL0001237,CUST0000984,Property,1596.82,404905.39,2019-07-31,2021-12-23,0.302
POL0001238,CUST0001263,Life,2698.99,137359.07,2020-01-06,2020-10-23,0.207
POL0001239,CUST0002629,Health,2078.4,157304.07,2022-02-16,2023-05-13,0.254
POL0001240,CUST0001325,Auto,4807.65,333965.59,2020-08-21,2021-05-29,0.877
POL0001241,CUST0002054,Life,1808.24,350836.74,2020-07-09,2021-08-02,0.54
POL0001242,CUST0001019,Property,3937.02,355008.85,2022-10-24,2025-04-29,0.246
POL0001243,CUST0001790,Auto,4306.0,344522.27,2018-01-27,2020-09-25,0.773
POL0001244,CUST0000807,Auto,2290.91,202475.78,2024-12-11,2025-06-30,0.416
POL0001245,CUST0001894,Life,2015.22,203478.3,2022-07-16,2025-02-09,0.819
POL0001246,CUST0001410,Auto,3789.18,134860.64,2021-05-03,2022-04-06,0.309
POL0001247,CUST0002667,Life,4581.9,86848.51,2018-08-20,2021-02-25,0.415
POL0001248,CUST0001319,Property,3823.67,349362.92,2018-02-05,2019-07-12,0.504
POL0001249,CUST0001142,Health,1290.21,55662.51,2020-11-09,2022-06-11,0.814
POL0001250,CUST0000405,Life,4463.88,469518.22,2021-01-23,2022-10-18,0.795
POL0001251,CUST0001787,Health,2060.39,415076.29,2018-07-05,2020-11-29,0.559
POL0001252,CUST0000594,Auto,2965.9,430177.81,2024-05-27,2025-04-14,0.277
POL0001253,CUST0002614,Life,4190.89,454267.72,2019-03-24,2020-10-20,0.423
POL0001254,CUST0002800,Property,1104.29,210216.44,2020-08-12,2022-07-28,0.881
POL0001255,CUST0000012,Life,3965.65,424883.35,2021-08-18,2022-07-04,0.586
POL0001256,CUST0002213,Life,3061.58,87450.04,2019-04-16,2020-06-08,0.725
POL0001257,CUST0002926,Life,4488.04,20604.48,2020-05-07,2021-08-21,0.46
POL0001258,CUST0001318,Health,1025.46,394596.78,2018-03-27,2020-12-17,0.526
POL0001259,CUST0001543,Health,2219.27,46650.36,2024-09-25,2025-06-13,0.443
POL0001260,CUST0002126,Auto,4197.65,494377.09,2019-11-19,2021-11-27,0.662
POL0001261,CUST0000614,Auto,292.31,340650.25,2018-11-21,2019-11-06,0.781
POL0001262,CUST0001987,Auto,738.57,379190.36,2023-03-26,2025-11-03,0.506
POL0001263,CUST0000869,Auto,4954.71,130443.89,2022-03-09,2024-04-06,0.485
POL0001264,CUST0000812,Life,1545.89,340194.04,2019-08-02,2021-07-07,0.372
POL0001265,CUST0001823,Health,4882.61,31177.77,2023-12-20,2025-12-10,0.242
POL0001266,CUST0000767,Health,1076.15,420534.6,2020-03-08,2020-12-22,0.851
POL0001267,CUST0000082,Health,1933.25,93115.81,2019-12-05,2020-12-30,0.353
POL0001268,CUST0001745,Health,3813.77,351705.45,2021-05-11,2023-12-22,0.741
POL0001269,CUST0002257,Auto,3357.34,119995.45,2020-03-14,2021-11-21,0.672
POL0001270,CUST0000522,Life,2989.39,43542.05,2018-07-11,2019-11-24,0.733
POL0001271,CUST0001328,Health,2743.52,245931.9,2018-04-12,2020-09-21,0.849
POL0001272,CUST0000994,Property,4248.51,92950.24,2023-01-10,2023-09-30,0.599
POL0001273,CUST0002513,Life,1327.75,367427.55,2023-06-24,2024-12-30,0.818
POL0001274,CUST0001526,Property,2323.86,126407.26,2024-03-01,2024-10-19,0.234
POL0001275,CUST0001470,Life,946.17,177811.55,2022-04-27,2024-03-02,0.601
POL0001276,CUST0002676,Life,3060.52,288045.23,2020-12-30,2022-03-10,0.718
POL0001277,CUST0001514,Life,1402.61,149634.46,2021-04-19,2023-05-24,0.317
POL0001278,CUST0000781,Property,1802.44,195214.18,2021-04-27,2022-05-31,0.693
POL0001279,CUST0001452,Health,2462.0,409654.67,2023-12-16,2026-03-29,0.723
POL0001280,CUST0000559,Health,328.5,97812.83,2022-12-14,2023-09-19,0.765
POL0001281,CUST0002139,Property,641.3,50278.78,2019-08-21,2020-06-24,0.35
POL0001282,CUST0002038,Health,3492.46,170895.31,2023-12-31,2025-02-01,0.645
POL0001283,CUST0001754,Auto,2259.06,217944.62,2024-12-13,2026-09-30,0.343
POL0001284,CUST0000860,Health,4350.99,275903.05,2018-03-16,2020-11-02,0.691
POL0001285,CUST0001613,Auto,3534.43,192487.61,2019-07-24,2021-04-21,0.47
POL0001286,CUST0000556,Auto,238.88,397056.73,2020-06-14,2021-01-01,0.578
POL0001287,CUST0000156,Auto,3160.22,29266.55,2022-10-16,2025-03-03,0.433
POL0001288,CUST0002050,Property,649.88,221566.09,2020-04-13,2022-04-22,0.23
POL0001289,CUST0001381,Health,3948.48,197305.4,2020-11-01,2023-01-18,0.242
POL0001290,CUST0000825,Health,4959.24,327313.46,2024-03-10,2025-07-31,0.162
POL0001291,CUST0001593,Property,2749.75,483475.36,2018-11-03,2021-03-22,0.594
POL0001292,CUST0002850,Property,3477.34,260083.95,2018-11-23,2020-09-12,0.779
POL0001293,CUST0001082,Health,1339.11,493569.66,2020-08-03,2023-03-25,0.117
POL0001294,CUST0001204,Property,2300.47,158102.2,2023-08-04,2025-01-03,0.153
POL0001295,CUST0000493,Property,4309.26,25125.38,2021-06-23,2022-06-16,0.466
POL0001296,CUST0000669,Auto,1003.63,91174.95,2021-09-21,2023-05-14,0.69
POL0001297,CUST0000075,Property,1474.57,203611.19,2024-01-20,2025-11-11,0.226
POL0001298,CUST0002992,Auto,2338.08,165003.62,2018-01-31,2018-09-16,0.317
POL0001299,CUST0000371,Life,3618.79,57556.52,2022-03-19,2024-10-20,0.286
POL0001300,CUST0000587,Auto,2004.24,222003.45,2021-02-15,2021-09-12,0.419
POL0001301,CUST0000329,Auto,4653.11,175676.73,2019-05-09,2020-01-28,0.28
POL0001302,CUST0000590,Property,653.39,70083.42,2023-02-13,2025-10-08,0.382
POL0001303,CUST0001791,Health,1979.86,155097.39,2019-03-06,2021-01-15,0.683
POL0001304,CUST0000777,Life,3602.98,444353.67,2022-12-12,2024-12-06,0.589
POL0001305,CUST0002023,Life,1284.74,158003.94,2022-08-18,2024-01-08,0.165
POL0001306,CUST0002352,Life,3350.78,359838.16,2021-09-09,2023-11-07,0.61
POL0001307,CUST0000579,Health,988.24,309903.07,2022-10-08,2024-06-12,0.482
POL0001308,CUST0000221,Life,468.71,219318.77,2024-07-06,2026-08-12,0.848
POL0001309,CUST0001188,Life,780.88,127122.56,2022-09-14,2025-01-27,0.331
POL0001310,CUST0001504,Health,4663.93,190817.2,2020-01-29,2021-04-01,0.681
POL0001311,CUST0002423,Life,2848.4,300132.53,2021-10-21,2022-08-30,0.685
POL0001312,CUST0001708,Property,4022.46,181869.08,2022-09-23,2025-02-08,0.277
POL0001313,CUST0001746,Property,1796.74,115299.25,2023-10-24,2025-04-20,0.823
POL0001314,CUST0000188,Auto,3044.76,67066.75,2019-12-27,2022-07-03,0.493
POL0001315,CUST0001215,Auto,2575.77,441085.8,2021-01-24,2023-02-17,0.643
POL0001316,CUST0001110,Auto,4739.54,225753.36,2020-01-21,2022-09-06,0.217
POL0001317,CUST0002522,Property,3788.36,316352.08,2021-01-31,2022-09-27,0.306
POL0001318,CUST0000844,Property,3706.6,250301.08,2021-03-02,2022-10-17,0.569
POL0001319,CUST0000531,Property,422.5,437557.59,2024-06-28,2027-02-02,0.355
POL0001320,CUST0001071,Auto,2838.41,277998.08,2021-09-06,2023-12-20,0.5
POL0001321,CUST0000963,Auto,2441.56,245582.89,2023-01-29,2024-12-20,0.399
POL0001322,CUST0002523,Auto,4653.64,463054.49,2018-11-27,2020-06-13,0.612
POL0001323,CUST0001170,Auto,1435.24,362647.9,2023-06-10,2024-12-28,0.49
POL0001324,CUST0002994,Auto,1495.2,64659.45,2019-04-12,2021-12-31,0.104
POL0001325,CUST0001406,Auto,2174.46,97075.19,2021-01-10,2022-09-30,0.62
POL0001326,CUST0000517,Property,1368.17,395690.2,2019-08-05,2021-08-17,0.438
POL0001327,CUST0001889,Health,820.08,419567.15,2022-09-29,2024-01-24,0.373
POL0001328,CUST0002474,Health,4315.59,277143.51,2020-02-25,2020-11-29,0.175
POL0001329,CUST0001492,Auto,2879.73,281683.06,2019-07-29,2020-11-25,0.276
POL0001330,CUST0001118,Health,4334.54,319647.15,2020-05-02,2022-05-08,0.279
POL0001331,CUST0000133,Health,4189.45,225166.73,2021-07-31,2022-03-09,0.848
POL0001332,CUST0000314,Property,1553.8,343297.57,2018-05-04,2020-02-10,0.446
POL0001333,CUST0000591,Auto,2829.14,63155.82,2021-01-13,2022-09-24,0.134
POL0001334,CUST0001544,Auto,599.44,481026.83,2020-04-24,2021-09-12,0.211
POL0001335,CUST0002207,Health,4593.21,377575.86,2024-04-12,2026-04-30,0.163
POL0001336,CUST0002709,Auto,2140.46,319275.36,2019-05-15,2019-12-13,0.571
POL0001337,CUST0001886,Auto,2089.65,164997.81,2022-05-02,2023-12-14,0.249
POL0001338,CUST0001627,Auto,1653.23,88868.19,2018-12-30,2021-03-14,0.499
POL0001339,CUST0000748,Auto,2411.19,210578.05,2023-04-07,2025-12-23,0.396
POL0001340,CUST0001498,Health,1408.45,334172.6,2019-12-12,2020-09-30,0.743
POL0001341,CUST0000801,Life,1999.29,320517.77,2019-05-31,2021-04-17,0.356
POL0001342,CUST0002458,Health,4039.75,197494.17,2019-07-24,2020-03-15,0.467
POL0001343,CUST0001498,Property,4204.43,310510.33,2020-06-08,2022-06-13,0.677
POL0001344,CUST0001380,Life,1660.08,408736.66,2019-06-26,2021-12-15,0.447
POL0001345,CUST0000680,Life,2451.27,22879.54,2018-09-23,2020-03-07,0.735
POL0001346,CUST0002162,Life,4394.33,230804.31,2024-09-27,2026-02-17,0.629
POL0001347,CUST0000897,Health,452.83,381692.06,2022-08-06,2024-07-31,0.428
POL0001348,CUST0001547,Property,4467.9,277610.79,2018-09-09,2019-12-02,0.503
POL0001349,CUST0001794,Health,1252.08,329223.28,2018-05-31,2019-06-10,0.874
POL0001350,CUST0002113,Property,3456.99,263171.43,2020-07-31,2022-03-15,0.629
POL0001351,CUST0000684,Health,2996.25,496018.53,2020-01-12,2022-04-07,0.824
POL0001352,CUST0001296,Health,2854.12,36764.55,2022-03-29,2022-12-12,0.243
POL0001353,CUST0001686,Health,4324.93,250611.96,2019-08-25,2022-03-28,0.487
POL0001354,CUST0001386,Life,687.55,54794.11,2024-07-22,2026-11-05,0.827
POL0001355,CUST0002194,Health,1865.73,88294.93,2023-03-12,2023-11-29,0.358
POL0001356,CUST0000943,Property,2783.61,197688.79,2018-03-24,2020-09-30,0.874
POL0001357,CUST0001310,Property,4094.19,86214.64,2019-04-04,2020-02-14,0.178
POL0001358,CUST0001034,Property,1238.93,482206.71,2024-03-05,2026-02-21,0.822
POL0001359,CUST0002787,Life,4054.06,473926.99,2023-10-18,2026-03-04,0.456
POL0001360,CUST0002234,Health,2118.26,174693.73,2023-09-22,2026-03-08,0.159
POL0001361,CUST0001621,Health,1106.79,323476.38,2024-01-22,2025-05-21,0.804
POL0001362,CUST0002883,Auto,3843.13,271539.13,2023-04-01,2024-08-03,0.302
POL0001363,CUST0000809,Life,636.31,409637.62,2023-09-08,2025-03-28,0.118
POL0001364,CUST0000171,Property,2670.88,317448.35,2024-09-30,2027-03-23,0.209
POL0001365,CUST0002261,Property,506.6,10123.7,2020-12-01,2022-11-29,0.627
POL0001366,CUST0001554,Health,1910.81,383955.45,2023-08-16,2025-07-01,0.882
POL0001367,CUST0001596,Property,3085.17,375955.58,2021-02-15,2022-09-05,0.189
POL0001368,CUST0001624,Health,2869.35,259764.13,2024-02-18,2025-06-04,0.47
POL0001369,CUST0000027,Health,2142.35,452430.3,2018-11-19,2019-11-12,0.245
POL0001370,CUST0001014,Auto,2259.43,455138.64,2022-07-15,2024-11-12,0.696
POL0001371,CUST0001092,Life,1288.49,266716.72,2024-08-21,2026-04-21,0.194
POL0001372,CUST0002838,Health,2388.24,307914.23,2020-01-17,2021-12-20,0.292
POL0001373,CUST0000408,Health,4775.62,498295.82,2020-05-04,2022-09-11,0.257
POL0001374,CUST0001133,Health,4282.17,156421.92,2019-02-15,2020-06-20,0.542
POL0001375,CUST0000074,Auto,897.12,169062.45,2020-03-11,2020-11-25,0.799
POL0001376,CUST0002626,Health,342.95,99559.21,2018-08-16,2019-02-25,0.509
POL0001377,CUST0000680,Life,4680.92,448974.8,2019-10-17,2020-06-06,0.147
POL0001378,CUST0001392,Life,2728.4,374799.31,2018-04-14,2019-12-31,0.551
POL0001379,CUST0002834,Property,2781.62,61765.0,2023-03-06,2025-10-06,0.738
POL0001380,CUST0000849,Life,3947.45,491066.0,2019-01-05,2019-09-06,0.206
POL0001381,CUST0000870,Property,1710.51,368171.24,2019-09-25,2021-03-29,0.158
POL0001382,CUST0000237,Life,2513.16,426755.83,2020-11-26,2022-10-09,0.25
POL0001383,CUST0002775,Property,4849.58,33593.89,2020-11-13,2022-12-02,0.697
POL0001384,CUST0002426,Health,3426.31,257430.85,2020-01-30,2020-10-31,0.573
POL0001385,CUST0002709,Auto,937.98,352313.16,2022-10-28,2024-10-09,0.532
POL0001386,CUST0002878,Auto,839.49,276043.83,2021-06-29,2022-09-11,0.3
POL0001387,CUST0000906,Auto,1180.47,336657.26,2024-10-12,2026-11-15,0.366
POL0001388,CUST0002424,Health,3880.22,410758.29,2020-07-10,2021-09-10,0.873
POL0001389,CUST0000619,Auto,1617.81,193425.16,2018-06-14,2019-04-16,0.293
POL0001390,CUST0002701,Life,302.67,425847.65,2024-11-27,2026-10-06,0.821
POL0001391,CUST0001033,Property,4732.04,89828.89,2024-11-08,2025-06-21,0.564
POL0001392,CUST0002244,Health,1014.62,142734.17,2023-01-14,2024-04-05,0.199
POL0001393,CUST0002855,Auto,245.88,31239.35,2021-06-18,2023-09-15,0.474
POL0001394,CUST0002941,Life,1338.23,188569.14,2019-06-20,2021-06-10,0.859
POL0001395,CUST0001314,Life,1328.14,196155.68,2020-10-25,2021-07-25,0.435
POL0001396,CUST0002985,Health,2225.63,404582.59,2021-03-14,2023-09-15,0.791
POL0001397,CUST0000847,Health,4617.87,330034.03,2020-06-05,2021-10-13,0.305
POL0001398,CUST0002866,Auto,4420.09,223994.05,2021-05-16,2023-07-16,0.557
POL0001399,CUST0001924,Property,2393.09,329535.85,2018-11-06,2019-07-14,0.775
POL0001400,CUST0002612,Auto,2172.32,35863.84,2019-06-01,2021-07-12,0.837
POL0001401,CUST0000634,Auto,2864.04,98333.05,2021-03-03,2022-11-21,0.489
POL0001402,CUST0002727,Health,1368.58,317204.45,2018-09-09,2020-03-08,0.612
POL0001403,CUST0001018,Auto,450.49,324269.74,2024-02-26,2026-11-13,0.102
POL0001404,CUST0000008,Auto,4708.28,389325.98,2019-08-21,2021-10-28,0.303
POL0001405,CUST0001393,Property,1096.16,207469.88,2023-12-28,2026-02-28,0.323
POL0001406,CUST0001069,Life,1152.32,364051.51,2019-12-17,2021-07-28,0.175
POL0001407,CUST0002392,Life,2467.81,345150.36,2019-03-15,2019-12-10,0.324
POL0001408,CUST0001781,Property,2559.74,482062.76,2022-07-07,2024-05-25,0.357
POL0001409,CUST0002844,Life,288.48,115413.81,2022-10-30,2024-10-06,0.875
POL0001410,CUST0001643,Auto,910.18,280322.99,2022-08-08,2023-05-24,0.635
POL0001411,CUST0001217,Property,2015.14,304864.58,2019-12-11,2022-07-22,0.441
POL0001412,CUST0000849,Property,3481.91,499337.46,2018-09-09,2021-01-07,0.89
POL0001413,CUST0001381,Health,1296.41,108580.23,2019-01-16,2021-08-17,0.223
POL0001414,CUST0000062,Life,2230.47,266376.83,2021-03-16,2021-12-09,0.481
POL0001415,CUST0001086,Health,2875.26,179630.8,2018-08-06,2020-09-30,0.618
POL0001416,CUST0002470,Auto,4465.24,267687.55,2020-12-26,2022-03-22,0.144
POL0001417,CUST0001818,Property,1765.14,123743.02,2022-06-16,2023-08-16,0.674
POL0001418,CUST0000633,Auto,841.08,33330.07,2020-05-21,2021-11-12,0.18
POL0001419,CUST0000792,Life,2548.51,290557.07,2018-10-26,2020-05-05,0.212
POL0001420,CUST0002599,Health,3784.26,174568.61,2023-11-14,2024-12-03,0.228
POL0001421,CUST0001301,Life,727.33,99151.29,2024-04-13,2025-09-19,0.843
POL0001422,CUST0002654,Auto,2238.48,168728.43,2023-05-11,2026-01-12,0.647
POL0001423,CUST0001455,Health,285.37,34147.3,2018-08-12,2021-03-08,0.624
POL0001424,CUST0001139,Life,361.08,475716.69,2024-08-15,2026-05-11,0.544
POL0001425,CUST0001712,Auto,2518.18,294762.48,2024-06-16,2025-02-17,0.334
POL0001426,CUST0000525,Life,1631.35,409236.65,2018-11-13,2020-11-19,0.597
POL0001427,CUST0002021,Property,4256.52,217327.92,2018-06-16,2019-01-24,0.428
POL0001428,CUST0000899,Health,3090.34,452624.19,2023-02-14,2024-03-28,0.216
POL0001429,CUST0002211,Health,2378.88,246825.93,2023-08-06,2026-04-24,0.652
POL0001430,CUST0000787,Health,2158.09,291233.21,2018-09-09,2020-05-24,0.204
POL0001431,CUST0002958,Property,2586.78,250979.05,2022-04-11,2023-05-29,0.253
POL0001432,CUST0001361,Health,394.11,369306.36,2022-03-06,2023-03-19,0.754
POL0001433,CUST0002427,Property,4485.41,287661.48,2022-04-28,2024-03-04,0.628
POL0001434,CUST0000173,Health,4991.86,143083.47,2021-03-02,2021-09-29,0.605
POL0001435,CUST0001000,Life,1071.14,81314.37,2018-09-17,2019-12-04,0.435
POL0001436,CUST0001811,Life,777.84,307000.95,2019-06-04,2020-03-22,0.417
POL0001437,CUST0000064,Life,889.17,249698.18,2022-02-03,2023-11-03,0.652
POL0001438,CUST0001346,Life,3372.93,57028.09,2024-08-09,2025-11-07,0.692
POL0001439,CUST0000975,Property,3374.92,203852.56,2022-05-18,2023-04-08,0.508
POL0001440,CUST0000066,Auto,4270.04,262240.45,2018-02-08,2019-07-29,0.875
POL0001441,CUST0001867,Auto,3808.77,415177.68,2022-03-24,2022-09-25,0.865
POL0001442,CUST0001623,Life,2358.51,47289.52,2018-07-22,2019-12-23,0.43
POL0001443,CUST0000458,Auto,3141.71,180762.72,2020-02-08,2021-12-12,0.756
POL0001444,CUST0001603,Auto,3503.77,413101.5,2018-03-03,2018-12-15,0.535
POL0001445,CUST0002501,Health,2661.14,327727.73,2021-02-03,2023-09-12,0.509
POL0001446,CUST0001958,Property,2483.12,152079.58,2022-11-02,2023-07-10,0.144
POL0001447,CUST0001741,Life,3296.47,424214.21,2022-07-04,2023-12-05,0.559
POL0001448,CUST0001450,Auto,2875.88,251713.85,2023-09-06,2026-01-06,0.82
POL0001449,CUST0001960,Auto,3290.92,254192.43,2020-01-16,2020-10-21,0.724
POL0001450,CUST0002226,Life,3141.7,488527.8,2019-02-18,2020-07-08,0.729
POL0001451,CUST0001955,Health,3652.14,474087.09,2021-10-07,2022-05-07,0.228
POL0001452,CUST0000280,Life,3285.46,185681.01,2022-02-12,2022-12-31,0.387
POL0001453,CUST0002392,Health,2694.76,78883.77,2022-02-08,2023-04-07,0.287
POL0001454,CUST0001041,Auto,3472.62,169576.7,2022-08-31,2025-03-03,0.353
POL0001455,CUST0002344,Property,2357.51,24936.8,2024-09-25,2027-03-19,0.564
POL0001456,CUST0002250,Health,1360.02,20176.26,2020-08-26,2022-11-15,0.392
POL0001457,CUST0000962,Health,206.81,203805.85,2020-06-11,2022-10-18,0.549
POL0001458,CUST0002732,Life,2887.83,471099.71,2020-06-11,2021-07-12,0.451
POL0001459,CUST0001943,Auto,3035.15,436965.1,2024-03-05,2025-11-08,0.329
POL0001460,CUST0001218,Property,4865.84,260606.99,2018-02-05,2020-08-01,0.176
POL0001461,CUST0000375,Life,1935.1,286960.93,2023-01-02,2023-08-23,0.813
POL0001462,CUST0001912,Life,2091.84,12907.41,2022-08-04,2025-01-19,0.109
POL0001463,CUST0000035,Property,1168.64,115595.57,2023-06-27,2025-08-06,0.101
POL0001464,CUST0001393,Auto,538.56,22139.32,2022-02-07,2023-01-03,0.761
POL0001465,CUST0002077,Property,3909.46,379724.37,2018-11-14,2019-07-06,0.897
POL0001466,CUST0000775,Life,1398.47,81366.44,2023-06-19,2025-05-15,0.682
POL0001467,CUST0000221,Life,3122.74,435833.08,2020-03-26,2021-12-13,0.112
POL0001468,CUST0002101,Health,3501.31,325228.91,2021-10-20,2022-05-22,0.281
POL0001469,CUST0002839,Property,2461.94,122415.15,2021-07-21,2022-05-15,0.877
POL0001470,CUST0002124,Property,4406.49,87282.96,2020-03-24,2021-04-04,0.747
POL0001471,CUST0000494,Property,2330.22,317536.1,2020-09-10,2022-09-25,0.553
POL0001472,CUST0001712,Life,1567.56,451410.12,2024-08-25,2027-04-02,0.289
POL0001473,CUST0002165,Auto,4500.87,361996.51,2024-01-27,2026-09-06,0.111
POL0001474,CUST0000280,Life,4335.51,180787.86,2019-06-06,2021-04-29,0.117
POL0001475,CUST0000746,Health,987.39,297817.96,2021-12-24,2024-02-05,0.59
POL0001476,CUST0002997,Life,324.61,162273.23,2023-11-27,2025-07-20,0.117
POL0001477,CUST0002812,Life,631.93,499583.29,2020-05-23,2022-04-19,0.895
POL0001478,CUST0002343,Life,1575.43,376931.2,2020-10-05,2023-02-17,0.247
POL0001479,CUST0001475,Health,4866.85,311047.0,2022-08-05,2023-06-19,0.669
POL0001480,CUST0001858,Property,2880.88,217396.98,2023-10-14,2026-03-16,0.224
POL0001481,CUST0001542,Auto,1991.66,312894.62,2024-07-13,2026-10-20,0.532
POL0001482,CUST0001097,Auto,4465.84,177391.87,2018-02-13,2020-10-28,0.164
POL0001483,CUST0002890,Health,2375.05,24143.77,2024-01-20,2026-04-06,0.713
POL0001484,CUST0001060,Property,1713.15,203593.38,2022-12-31,2023-08-11,0.568
POL0001485,CUST0001923,Property,4717.85,465935.6,2018-10-26,2021-07-02,0.169
POL0001486,CUST0002006,Health,4277.68,316887.54,2024-08-30,2025-10-02,0.779
POL0001487,CUST0000497,Life,4249.61,51138.29,2021-01-05,2023-01-22,0.538
POL0001488,CUST0002254,Property,2658.97,443646.87,2019-10-06,2022-04-26,0.837
POL0001489,CUST0002474,Auto,3989.3,141748.68,2019-10-02,2020-12-12,0.833
POL0001490,CUST0000044,Health,1060.9,129447.05,2022-10-01,2024-08-23,0.836
POL0001491,CUST0001852,Auto,2951.47,155574.57,2019-12-29,2021-07-07,0.162
POL0001492,CUST0002653,Life,4922.46,292829.1,2022-11-15,2024-02-26,0.197
POL0001493,CUST0000454,Health,1596.6,276897.17,2020-01-15,2021-10-25,0.89
POL0001494,CUST0000595,Auto,4012.89,250792.74,2022-12-12,2023-09-20,0.49
POL0001495,CUST0001357,Auto,2554.3,361593.06,2023-11-11,2026-07-21,0.291
POL0001496,CUST0000507,Life,391.07,165103.49,2024-03-15,2025-02-06,0.716
POL0001497,CUST0000794,Health,3862.49,393211.62,2020-04-05,2020-12-24,0.311
POL0001498,CUST0000021,Property,1009.13,95907.62,2024-03-19,2024-10-10,0.682
POL0001499,CUST0001400,Property,3231.07,393484.19,2020-04-22,2021-04-11,0.77
POL0001500,CUST0002668,Auto,611.19,335266.95,2022-03-22,2024-09-21,0.727
POL0001501,CUST0002462,Life,4744.96,344772.07,2022-06-11,2024-09-08,0.319
POL0001502,CUST0001095,Auto,1600.27,245961.16,2024-08-30,2026-04-23,0.421
POL0001503,CUST0001428,Life,1287.03,336830.75,2020-11-17,2023-02-28,0.431
POL0001504,CUST0001586,Property,819.85,49100.55,2022-12-01,2024-05-09,0.493
POL0001505,CUST0001815,Auto,4740.81,427260.05,2022-09-15,2024-01-09,0.234
POL0001506,CUST0001421,Auto,3617.14,37218.14,2024-12-12,2026-04-03,0.462
POL0001507,CUST0000337,Life,3759.97,82883.34,2021-12-30,2022-11-09,0.509
POL0001508,CUST0001668,Health,2597.14,292626.96,2018-06-09,2019-01-29,0.525
POL0001509,CUST0000910,Life,2478.69,372311.61,2021-01-04,2021-08-27,0.756
POL0001510,CUST0000276,Health,728.1,47363.27,2022-10-18,2024-04-23,0.514
POL0001511,CUST0000892,Property,2887.24,461174.76,2023-01-14,2025-02-19,0.285
POL0001512,CUST0000013,Auto,1385.2,487067.75,2022-08-21,2024-01-21,0.631
POL0001513,CUST0001027,Auto,4890.3,306915.58,2023-09-01,2025-05-29,0.738
POL0001514,CUST0000974,Life,4023.59,245809.29,2024-11-29,2026-05-17,0.355
POL0001515,CUST0000175,Life,2182.36,373283.54,2021-12-08,2022-10-15,0.616
POL0001516,CUST0001409,Property,926.44,170895.1,2023-12-12,2025-10-14,0.218
POL0001517,CUST0001626,Property,3969.59,251699.57,2023-12-30,2026-01-01,0.374
POL0001518,CUST0001944,Health,785.86,458914.0,2018-02-05,2018-11-21,0.827
POL0001519,CUST0002289,Property,1108.8,478271.16,2018-05-29,2020-06-28,0.829
POL0001520,CUST0000547,Property,1215.3,464263.87,2019-03-10,2021-11-09,0.56
POL0001521,CUST0002062,Property,2873.08,138599.55,2022-08-01,2023-06-02,0.662
POL0001522,CUST0001219,Property,3977.87,123909.83,2023-05-12,2024-08-29,0.783
POL0001523,CUST0001421,Health,1708.71,155855.61,2019-11-21,2020-11-13,0.867
POL0001524,CUST0001455,Property,606.42,226242.45,2018-09-11,2021-05-27,0.492
POL0001525,CUST0002773,Health,2429.78,163942.03,2024-05-15,2025-05-26,0.549
POL0001526,CUST0001434,Life,3790.93,193364.27,2024-06-14,2027-01-22,0.433
POL0001527,CUST0000003,Auto,1263.99,314112.11,2018-09-01,2019-06-08,0.158
POL0001528,CUST0002739,Life,1255.64,383637.58,2021-08-07,2023-08-29,0.438
POL0001529,CUST0001843,Property,4746.69,370423.52,2021-07-15,2022-07-12,0.733
POL0001530,CUST0000747,Auto,4779.94,409067.55,2018-01-09,2020-09-23,0.744
POL0001531,CUST0002817,Property,4954.24,25770.36,2024-02-23,2024-08-29,0.814
POL0001532,CUST0000872,Property,4076.77,33389.56,2022-02-13,2023-09-28,0.141
POL0001533,CUST0000495,Life,1103.28,396797.65,2019-12-23,2022-06-07,0.522
POL0001534,CUST0002465,Property,1217.51,271208.62,2021-10-15,2023-10-30,0.186
POL0001535,CUST0001415,Life,1833.08,293288.93,2023-04-11,2025-08-29,0.261
POL0001536,CUST0000628,Property,1727.04,35767.56,2022-06-16,2023-03-26,0.82
POL0001537,CUST0001076,Health,4791.33,135103.76,2019-06-30,2020-04-30,0.497
POL0001538,CUST0000142,Auto,3987.56,322793.61,2023-09-30,2025-09-24,0.707
POL0001539,CUST0001488,Life,3675.24,430999.13,2021-08-13,2023-12-17,0.152
POL0001540,CUST0000046,Life,1092.62,459321.86,2020-03-19,2022-12-03,0.433
POL0001541,CUST0002892,Auto,4565.72,255205.55,2022-05-10,2023-08-02,0.639
POL0001542,CUST0002058,Life,4173.78,277282.37,2022-07-17,2024-04-22,0.207
POL0001543,CUST0000664,Auto,985.48,418194.32,2020-12-26,2023-09-02,0.361
POL0001544,CUST0000573,Health,4381.62,273436.05,2021-06-16,2022-04-09,0.152
POL0001545,CUST0002030,Property,1506.79,263260.68,2019-01-22,2019-10-20,0.621
POL0001546,CUST0001554,Health,588.17,453491.18,2019-09-26,2021-11-25,0.877
POL0001547,CUST0001622,Property,3352.75,397067.03,2024-03-25,2026-01-18,0.762
POL0001548,CUST0002697,Auto,3338.26,455445.54,2021-08-15,2022-05-08,0.88
POL0001549,CUST0000913,Health,655.67,116941.06,2024-04-20,2025-06-07,0.776
POL0001550,CUST0000640,Property,1730.49,266943.99,2024-06-27,2025-04-26,0.784
POL0001551,CUST0002664,Auto,4965.51,422811.34,2023-02-26,2024-03-14,0.562
POL0001552,CUST0002746,Property,3456.45,64462.44,2019-10-11,2020-05-09,0.515
POL0001553,CUST0000909,Life,3704.36,399384.46,2023-02-05,2024-07-25,0.425
POL0001554,CUST0002226,Life,1222.0,99656.96,2018-06-06,2020-03-09,0.754
POL0001555,CUST0000869,Auto,578.15,405978.19,2023-02-07,2025-02-06,0.246
POL0001556,CUST0001030,Property,1529.13,309880.46,2018-03-09,2018-12-07,0.145
POL0001557,CUST0000853,Life,1394.71,104685.64,2018-07-20,2020-06-20,0.858
POL0001558,CUST0000307,Health,1325.81,241943.55,2020-04-13,2022-10-06,0.103
POL0001559,CUST0002596,Property,1125.22,344133.53,2021-01-24,2022-09-03,0.881
POL0001560,CUST0002375,Property,2958.83,320587.92,2021-07-03,2022-04-08,0.683
POL0001561,CUST0001817,Life,1774.9,219351.13,2023-02-19,2024-04-17,0.363
POL0001562,CUST0000395,Life,4137.66,450689.6,2024-12-08,2025-08-02,0.658
POL0001563,CUST0002348,Auto,1082.95,264439.07,2020-06-30,2021-12-18,0.754
POL0001564,CUST0000749,Property,2430.21,257874.98,2023-01-21,2024-11-21,0.296
POL0001565,CUST0002333,Health,265.56,40502.79,2019-02-20,2020-07-03,0.717
POL0001566,CUST0000330,Life,2512.08,461838.99,2019-02-12,2019-08-29,0.743
POL0001567,CUST0002098,Property,468.02,96787.12,2022-07-14,2024-01-01,0.299
POL0001568,CUST0002032,Life,4893.07,268888.9,2018-08-11,2019-06-03,0.134
POL0001569,CUST0000773,Auto,3994.84,403748.12,2021-12-13,2022-10-24,0.263
POL0001570,CUST0001646,Property,2552.54,115572.11,2020-05-29,2021-09-16,0.261
POL0001571,CUST0001733,Property,615.62,268412.91,2020-10-21,2022-09-25,0.152
POL0001572,CUST0000378,Auto,3043.74,127935.61,2019-06-05,2020-03-11,0.681
POL0001573,CUST0001788,Health,3842.07,382250.55,2018-02-16,2019-08-29,0.404
POL0001574,CUST0001624,Life,1115.44,286527.17,2024-01-05,2024-12-04,0.808
POL0001575,CUST0001000,Auto,2927.4,429428.17,2018-03-28,2020-05-09,0.302
POL0001576,CUST0001849,Property,4108.21,448333.42,2023-05-17,2025-07-04,0.463
POL0001577,CUST0001562,Auto,3887.59,327879.41,2018-02-19,2018-11-30,0.611
POL0001578,CUST0000774,Property,4054.36,365441.71,2020-01-24,2022-04-24,0.802
POL0001579,CUST0001084,Auto,4420.75,279117.85,2024-09-18,2027-05-09,0.52
POL0001580,CUST0002916,Health,4700.87,198370.08,2024-07-12,2026-06-17,0.399
POL0001581,CUST0001804,Property,2146.5,327577.78,2023-11-06,2024-09-08,0.794
POL0001582,CUST0001099,Auto,2930.09,455061.43,2024-07-07,2026-02-07,0.348
POL0001583,CUST0002051,Health,3995.17,214173.39,2021-04-28,2023-05-19,0.164
POL0001584,CUST0001599,Health,3546.27,164060.91,2021-02-06,2023-08-13,0.456
POL0001585,CUST0000748,Life,4978.5,200334.1,2019-02-26,2021-02-03,0.728
POL0001586,CUST0001472,Property,265.65,223344.84,2021-10-27,2023-11-02,0.125
POL0001587,CUST0001765,Life,1904.64,46044.9,2019-07-25,2021-07-23,0.569
POL0001588,CUST0002323,Health,1548.93,254236.5,2024-07-01,2025-04-30,0.576
POL0001589,CUST0001554,Life,1459.12,252213.98,2021-08-24,2023-02-14,0.843
POL0001590,CUST0001616,Life,1268.14,298337.48,2020-08-04,2021-04-04,0.329
POL0001591,CUST0002263,Auto,3603.79,187781.81,2024-06-18,2027-01-18,0.323
POL0001592,CUST0001509,Life,606.85,310422.72,2020-11-10,2023-06-21,0.452
POL0001593,CUST0000329,Health,3759.72,440325.99,2021-03-05,2023-05-17,0.386
POL0001594,CUST0002303,Life,3528.44,478180.79,2020-03-13,2020-12-19,0.689
POL0001595,CUST0001411,Property,1403.86,295969.99,2024-05-01,2026-05-11,0.613
POL0001596,CUST0000126,Auto,1413.6,30869.57,2024-12-12,2026-03-13,0.707
POL0001597,CUST0000767,Health,3218.53,484925.64,2019-05-17,2020-06-26,0.756
POL0001598,CUST0001574,Life,3858.42,355872.41,2018-07-22,2019-02-09,0.838
POL0001599,CUST0001228,Property,4407.13,174622.19,2023-05-24,2025-10-16,0.445
POL0001600,CUST0001196,Health,4290.27,82107.27,2024-03-24,2024-11-22,0.888
POL0001601,CUST0001759,Life,4831.44,80275.12,2024-10-01,2025-09-02,0.273
POL0001602,CUST0000217,Auto,2990.65,92194.76,2020-05-11,2023-01-10,0.671
POL0001603,CUST0001360,Life,4561.55,32330.54,2019-02-24,2020-09-15,0.527
POL0001604,CUST0001322,Health,4080.86,452055.55,2020-06-07,2021-05-01,0.754
POL0001605,CUST0000832,Health,4494.4,274976.43,2022-06-22,2023-12-16,0.481
POL0001606,CUST0000182,Health,255.81,352980.11,2022-06-05,2024-10-12,0.727
POL0001607,CUST0000334,Property,4836.33,415773.17,2018-08-19,2020-05-23,0.844
POL0001608,CUST0000511,Life,2472.94,397855.09,2022-08-22,2024-11-23,0.686
POL0001609,CUST0000383,Life,4031.28,442476.76,2020-12-09,2022-07-10,0.721
POL0001610,CUST0001897,Life,810.58,483954.77,2019-03-14,2020-10-18,0.154
POL0001611,CUST0000332,Auto,2100.52,225144.6,2019-02-28,2020-01-05,0.264
POL0001612,CUST0001189,Property,1503.01,475664.38,2019-11-21,2020-12-01,0.879
POL0001613,CUST0001266,Property,1599.96,364412.07,2018-11-08,2021-02-11,0.655
POL0001614,CUST0000900,Auto,791.63,44627.41,2019-09-02,2020-04-03,0.549
POL0001615,CUST0000642,Property,4067.67,344073.73,2023-09-25,2025-05-16,0.394
POL0001616,CUST0001251,Auto,244.36,346491.16,2024-08-20,2026-02-27,0.136
POL0001617,CUST0000634,Health,1700.03,453871.68,2024-10-10,2026-05-11,0.395
POL0001618,CUST0002499,Health,1037.17,192736.74,2023-10-10,2024-11-12,0.499
POL0001619,CUST0000196,Property,3027.39,296606.64,2021-09-03,2024-01-27,0.269
POL0001620,CUST0001894,Health,1420.41,15971.9,2019-07-30,2021-06-25,0.239
POL0001621,CUST0000458,Health,1443.19,172716.87,2024-08-28,2026-09-29,0.507
POL0001622,CUST0000830,Health,2544.02,40499.43,2019-06-26,2020-11-28,0.569
POL0001623,CUST0002305,Life,3332.91,265717.76,2020-07-23,2023-02-10,0.292
POL0001624,CUST0002057,Health,782.26,410549.35,2023-09-03,2025-04-20,0.57
POL0001625,CUST0002809,Life,1042.45,111156.92,2021-12-15,2023-09-11,0.82
POL0001626,CUST0002997,Auto,1386.44,268446.11,2020-12-21,2022-04-11,0.479
POL0001627,CUST0001225,Auto,4873.99,109964.23,2021-01-10,2022-06-04,0.786
POL0001628,CUST0000887,Auto,2106.33,69137.35,2018-02-26,2020-07-29,0.842
POL0001629,CUST0000393,Auto,3075.15,260388.43,2018-12-18,2021-04-25,0.174
POL0001630,CUST0001676,Auto,1359.41,48782.82,2021-09-22,2023-02-22,0.177
POL0001631,CUST0002447,Health,2554.21,297803.77,2021-02-19,2023-09-04,0.481
POL0001632,CUST0002379,Health,555.77,25355.36,2023-11-23,2026-08-04,0.57
POL0001633,CUST0002528,Health,366.76,62290.34,2021-12-12,2023-04-03,0.441
POL0001634,CUST0002182,Auto,2449.92,279498.77,2020-03-29,2022-10-24,0.361
POL0001635,CUST0000916,Auto,2113.56,299789.63,2020-09-27,2023-01-31,0.613
POL0001636,CUST0000935,Life,857.03,24203.6,2020-12-18,2022-04-23,0.102
POL0001637,CUST0000355,Property,3500.49,290954.63,2019-04-22,2021-05-23,0.874
POL0001638,CUST0002632,Health,4965.94,420866.24,2021-11-08,2024-05-18,0.286
POL0001639,CUST0001522,Property,2099.1,363934.93,2021-11-27,2022-07-19,0.834
POL0001640,CUST0002673,Auto,3197.88,74280.7,2024-03-31,2026-08-21,0.187
POL0001641,CUST0002338,Auto,4822.28,300312.58,2024-01-12,2025-12-25,0.29
POL0001642,CUST0002873,Auto,4191.37,339403.73,2018-05-30,2021-01-28,0.288
POL0001643,CUST0000629,Property,2425.05,28243.29,2021-10-18,2022-07-29,0.897
POL0001644,CUST0002680,Life,3739.95,429120.36,2024-05-31,2025-05-20,0.104
POL0001645,CUST0001171,Auto,815.05,454071.02,2020-09-11,2021-12-28,0.612
POL0001646,CUST0000327,Life,2658.1,426721.61,2019-07-13,2021-07-12,0.796
POL0001647,CUST0001439,Life,1539.49,414069.42,2018-05-12,2019-11-17,0.638
POL0001648,CUST0002258,Health,973.59,375032.95,2019-10-11,2021-07-01,0.39
POL0001649,CUST0001422,Property,2246.15,320381.7,2021-04-12,2022-12-27,0.867
POL0001650,CUST0001127,Auto,828.87,342527.23,2021-06-09,2022-02-03,0.815
POL0001651,CUST0002684,Life,3555.13,405133.69,2024-07-08,2026-01-30,0.447
POL0001652,CUST0001781,Property,2389.95,334624.24,2024-01-08,2026-09-25,0.559
POL0001653,CUST0001532,Property,2749.49,170586.21,2023-08-16,2026-05-02,0.874
POL0001654,CUST0001915,Auto,902.6,194220.94,2020-07-25,2022-02-14,0.886
POL0001655,CUST0002916,Health,870.9,449558.16,2020-11-28,2021-12-24,0.46
POL0001656,CUST0001233,Health,3000.39,18389.82,2020-11-22,2023-03-18,0.778
POL0001657,CUST0001957,Life,4928.05,352422.08,2018-03-11,2020-07-22,0.342
POL0001658,CUST0002476,Health,662.0,477841.0,2023-09-13,2025-08-27,0.397
POL0001659,CUST0000393,Health,1571.51,356051.8,2019-10-03,2020-11-25,0.232
POL0001660,CUST0000826,Health,4373.4,497016.87,2019-11-02,2021-08-30,0.267
POL0001661,CUST0002964,Property,546.91,346897.0,2020-11-13,2023-05-02,0.625
POL0001662,CUST0001913,Auto,4404.25,26837.88,2023-09-13,2024-07-10,0.509
POL0001663,CUST0002396,Property,2716.57,415234.84,2021-04-25,2022-07-01,0.285
POL0001664,CUST0000050,Property,2159.68,149468.66,2024-02-26,2025-01-11,0.422
POL0001665,CUST0002964,Auto,1686.47,228568.04,2018-07-04,2020-03-26,0.399
POL0001666,CUST0001397,Property,1626.16,162925.04,2021-01-09,2021-12-07,0.89
POL0001667,CUST0001051,Life,1667.85,141591.51,2018-02-23,2020-08-16,0.783
POL0001668,CUST0000800,Life,4447.05,221388.79,2021-05-02,2022-09-01,0.41
POL0001669,CUST0001793,Property,3674.22,195588.21,2018-10-21,2020-10-29,0.831
POL0001670,CUST0002697,Health,3414.67,320335.91,2023-10-15,2025-02-22,0.374
POL0001671,CUST0001364,Property,4034.0,408444.09,2023-12-01,2025-11-08,0.634
POL0001672,CUST0002349,Health,1434.15,155573.44,2024-05-26,2025-09-13,0.873
POL0001673,CUST0001566,Property,3166.61,114723.36,2021-04-29,2022-10-05,0.412
POL0001674,CUST0002214,Life,2408.32,336778.68,2019-08-30,2021-09-28,0.644
POL0001675,CUST0002364,Health,3955.72,338456.83,2020-12-28,2023-02-12,0.337
POL0001676,CUST0000001,Life,1684.43,451554.31,2020-02-19,2021-05-25,0.313
POL0001677,CUST0001020,Property,3287.26,17813.39,2021-08-11,2022-09-02,0.559
POL0001678,CUST0001285,Auto,4434.62,427989.92,2024-07-12,2026-07-13,0.883
POL0001679,CUST0000063,Health,2130.32,265291.06,2024-05-23,2025-02-22,0.463
POL0001680,CUST0002531,Health,519.79,314438.02,2024-12-03,2026-08-26,0.85
POL0001681,CUST0001870,Property,2677.04,54772.01,2019-10-03,2022-05-01,0.831
POL0001682,CUST0002270,Property,1860.67,221981.32,2022-03-19,2023-09-22,0.303
POL0001683,CUST0000152,Health,3426.68,121378.18,2022-10-27,2025-01-31,0.421
POL0001684,CUST0000644,Auto,4764.96,134570.26,2019-01-03,2019-09-12,0.615
POL0001685,CUST0000626,Property,2530.92,257006.61,2020-06-01,2023-02-18,0.514
POL0001686,CUST0000217,Property,2437.71,408103.42,2019-08-22,2022-04-12,0.177
POL0001687,CUST0000196,Property,3342.01,374452.66,2018-12-30,2021-05-08,0.895
POL0001688,CUST0001015,Auto,696.79,299589.98,2022-07-28,2023-12-22,0.702
POL0001689,CUST0002695,Health,1416.83,274314.91,2018-08-15,2020-03-09,0.45
POL0001690,CUST0002756,Life,4611.1,219379.96,2021-03-20,2023-08-26,0.595
POL0001691,CUST0001522,Property,3415.72,486627.89,2020-08-26,2021-06-07,0.17
POL0001692,CUST0001579,Auto,264.53,284494.35,2024-03-06,2024-12-11,0.496
POL0001693,CUST0001081,Health,1182.2,134443.54,2021-01-22,2022-07-14,0.845
POL0001694,CUST0001528,Health,3477.62,122744.49,2018-02-21,2020-09-04,0.817
POL0001695,CUST0000722,Auto,3869.12,309562.99,2020-02-04,2022-10-02,0.37
POL0001696,CUST0001608,Property,4231.33,266185.49,2022-08-07,2023-12-28,0.525
POL0001697,CUST0001760,Life,1602.45,13771.92,2022-03-09,2024-05-14,0.658
POL0001698,CUST0001563,Property,4668.94,416732.03,2020-07-16,2022-02-10,0.372
POL0001699,CUST0000640,Health,2854.15,355019.95,2023-06-06,2024-01-06,0.152
POL0001700,CUST0002154,Life,3543.39,334296.35,2018-06-03,2019-05-05,0.504
POL0001701,CUST0000165,Property,3064.35,43702.52,2023-01-20,2024-04-16,0.581
POL0001702,CUST0000215,Life,789.15,187407.37,2021-05-01,2022-11-27,0.105
POL0001703,CUST0001095,Auto,4822.95,468337.31,2019-07-01,2022-01-17,0.176
POL0001704,CUST0000090,Property,789.8,432668.73,2024-03-29,2025-04-19,0.266
POL0001705,CUST0001796,Health,1423.43,149916.04,2022-07-19,2025-02-09,0.378
POL0001706,CUST0002922,Health,4105.41,86958.85,2023-05-21,2025-07-13,0.533
POL0001707,CUST0001252,Life,3169.27,230053.1,2023-03-07,2025-05-15,0.335
POL0001708,CUST0001103,Auto,4223.12,184356.89,2018-06-02,2019-09-30,0.321
POL0001709,CUST0000608,Property,2675.53,344290.92,2019-03-28,2021-06-10,0.795
POL0001710,CUST0000349,Auto,2009.57,483553.06,2020-04-10,2022-03-26,0.216
POL0001711,CUST0002942,Auto,4624.86,187870.71,2024-10-18,2027-06-29,0.496
POL0001712,CUST0000246,Life,374.01,40489.84,2022-11-06,2024-08-08,0.862
POL0001713,CUST0000272,Life,4309.43,449830.86,2024-03-22,2025-05-27,0.6
POL0001714,CUST0002031,Property,1307.93,28595.37,2018-08-05,2019-10-25,0.674
POL0001715,CUST0000403,Health,4273.93,476855.29,2024-09-15,2025-10-08,0.445
POL0001716,CUST0001466,Property,868.14,335643.92,2021-07-31,2023-08-16,0.116
POL0001717,CUST0001196,Auto,2985.05,471427.71,2020-08-26,2022-08-14,0.617
POL0001718,CUST0002946,Life,4462.92,107833.25,2019-08-11,2021-06-23,0.606
POL0001719,CUST0001080,Auto,2472.99,29942.9,2018-02-27,2020-01-21,0.188
POL0001720,CUST0001615,Life,3783.52,249222.89,2022-06-01,2024-06-29,0.47
POL0001721,CUST0001127,Health,4062.42,230805.47,2023-04-22,2024-03-14,0.832
POL0001722,CUST0000284,Auto,3735.17,172431.21,2023-02-23,2025-05-24,0.264
POL0001723,CUST0000517,Life,4641.58,479251.67,2024-01-16,2024-10-04,0.469
POL0001724,CUST0002666,Property,2344.8,413066.03,2021-06-26,2022-02-02,0.469
POL0001725,CUST0001302,Property,1031.0,334175.19,2019-01-31,2020-01-01,0.749
POL0001726,CUST0000612,Property,429.49,89800.56,2019-11-25,2022-03-22,0.76
POL0001727,CUST0000750,Auto,1383.01,369818.47,2021-05-06,2023-01-28,0.707
POL0001728,CUST0001293,Life,887.35,366236.1,2023-05-28,2025-08-03,0.392
POL0001729,CUST0001857,Life,2878.15,218283.41,2024-09-04,2025-12-11,0.158
POL0001730,CUST0000400,Life,1087.74,463145.1,2023-11-14,2024-11-15,0.38
POL0001731,CUST0001527,Auto,386.88,91819.16,2022-07-08,2024-09-11,0.644
POL0001732,CUST0002025,Life,372.75,140995.41,2020-05-26,2022-08-07,0.662
POL0001733,CUST0002134,Health,4191.53,40979.93,2021-03-17,2022-12-30,0.872
POL0001734,CUST0000320,Auto,3038.96,399770.97,2023-01-17,2024-12-03,0.463
POL0001735,CUST0001056,Health,1918.81,314662.1,2021-07-12,2022-05-20,0.606
POL0001736,CUST0000336,Health,4492.29,164320.75,2018-07-29,2019-10-22,0.531
POL0001737,CUST0002099,Property,536.94,90268.7,2022-11-12,2025-01-21,0.22
POL0001738,CUST0000174,Auto,4905.55,29672.41,2019-11-05,2020-07-14,0.469
POL0001739,CUST0001642,Life,3158.2,91705.33,2023-01-20,2024-09-26,0.536
POL0001740,CUST0000501,Health,1080.63,232109.48,2024-02-21,2025-06-07,0.861
POL0001741,CUST0002124,Auto,3459.53,131116.71,2019-09-22,2022-01-03,0.393
POL0001742,CUST0002364,Life,3864.23,136901.27,2018-03-08,2020-10-14,0.884
POL0001743,CUST0001857,Property,2260.85,439032.42,2023-03-16,2025-10-07,0.534
POL0001744,CUST0001897,Auto,4335.84,262417.46,2020-02-24,2021-11-01,0.294
POL0001745,CUST0001664,Auto,923.52,367333.47,2019-11-21,2022-03-16,0.253
POL0001746,CUST0001719,Auto,1538.42,27498.37,2024-10-29,2027-02-16,0.213
POL0001747,CUST0001779,Life,648.76,188930.04,2018-03-10,2018-11-04,0.462
POL0001748,CUST0000697,Health,1212.21,244792.98,2024-12-04,2027-01-20,0.118
POL0001749,CUST0000732,Health,1345.9,101344.26,2022-04-14,2024-09-13,0.456
POL0001750,CUST0001095,Auto,4604.64,68893.86,2022-05-20,2023-10-08,0.891
POL0001751,CUST0002902,Auto,574.93,436448.85,2020-05-28,2021-05-24,0.636
POL0001752,CUST0002714,Life,2251.59,470321.5,2018-12-23,2021-08-27,0.708
POL0001753,CUST0000652,Property,2755.51,48615.28,2020-01-20,2022-09-10,0.195
POL0001754,CUST0001095,Auto,4513.73,181019.17,2021-07-03,2024-02-04,0.478
POL0001755,CUST0000046,Auto,4988.94,479559.96,2021-11-24,2023-07-30,0.329
POL0001756,CUST0001071,Property,3816.26,50749.25,2020-12-23,2022-11-21,0.815
POL0001757,CUST0001446,Auto,4859.8,325384.27,2024-01-25,2026-04-21,0.245
POL0001758,CUST0002197,Health,3978.09,486388.47,2019-12-07,2020-08-25,0.467
POL0001759,CUST0002958,Auto,4823.37,489329.6,2024-02-21,2024-09-15,0.57
POL0001760,CUST0000456,Health,3594.9,240899.43,2023-03-02,2024-05-20,0.511
POL0001761,CUST0001663,Life,582.86,89747.06,2023-10-11,2025-01-15,0.764
POL0001762,CUST0002925,Life,2129.22,109021.31,2021-07-10,2023-02-06,0.285
POL0001763,CUST0000966,Health,3303.67,445904.68,2021-05-21,2023-12-19,0.402
POL0001764,CUST0002021,Health,1883.45,456724.67,2018-01-06,2020-06-03,0.734
POL0001765,CUST0000869,Property,1512.24,307861.03,2021-10-27,2023-05-12,0.522
POL0001766,CUST0001529,Health,2971.52,385426.44,2024-07-31,2027-04-17,0.422
POL0001767,CUST0002977,Health,4680.81,372566.31,2021-03-26,2023-04-25,0.124
POL0001768,CUST0001001,Auto,367.91,334292.58,2020-10-15,2022-02-25,0.703
POL0001769,CUST0000774,Property,3892.31,415365.71,2018-09-13,2020-11-11,0.878
POL0001770,CUST0002292,Health,3669.09,345849.25,2023-06-15,2024-06-21,0.596
POL0001771,CUST0002522,Health,4826.98,271661.13,2023-12-25,2025-02-03,0.785
POL0001772,CUST0002430,Health,4667.41,126108.62,2018-12-17,2020-09-07,0.514
POL0001773,CUST0001127,Auto,3858.72,374505.19,2022-05-22,2023-05-18,0.285
POL0001774,CUST0002537,Auto,2697.96,241984.56,2021-03-05,2022-07-24,0.112
POL0001775,CUST0001061,Auto,1180.48,154447.93,2018-03-26,2020-05-18,0.623
POL0001776,CUST0001678,Life,2817.13,402953.68,2023-01-05,2025-04-18,0.494
POL0001777,CUST0001544,Auto,3873.69,351389.66,2022-02-23,2023-03-12,0.726
POL0001778,CUST0000397,Health,4499.21,469296.39,2024-05-05,2025-12-07,0.656
POL0001779,CUST0002344,Auto,3990.62,91066.4,2020-05-31,2022-09-01,0.89
POL0001780,CUST0000107,Auto,1137.28,328102.75,2018-07-09,2020-04-20,0.508
POL0001781,CUST0002908,Property,3078.49,129677.34,2022-11-07,2025-06-22,0.442
POL0001782,CUST0000954,Health,1794.43,452755.66,2022-12-22,2025-03-26,0.329
POL0001783,CUST0002578,Auto,244.19,58754.71,2023-12-20,2024-12-12,0.481
POL0001784,CUST0001849,Life,1161.06,331519.29,2023-12-01,2026-04-26,0.798
POL0001785,CUST0000934,Property,743.46,397632.0,2024-05-18,2024-12-01,0.134
POL0001786,CUST0000288,Auto,4245.05,183909.74,2021-01-17,2022-10-21,0.882
POL0001787,CUST0000706,Property,1440.83,477527.66,2020-12-07,2023-02-03,0.895
POL0001788,CUST0002044,Property,1566.55,426858.04,2024-01-03,2025-12-28,0.578
POL0001789,CUST0001485,Life,4807.7,154362.97,2019-09-03,2021-04-07,0.365
POL0001790,CUST0000215,Life,2019.62,13695.14,2024-04-28,2025-11-21,0.278
POL0001791,CUST0001305,Life,246.01,155362.02,2024-04-23,2025-08-15,0.321
POL0001792,CUST0002780,Health,1562.46,147842.13,2018-10-30,2020-04-12,0.14
POL0001793,CUST0001978,Property,772.64,446082.66,2023-08-27,2024-08-27,0.48
POL0001794,CUST0001483,Auto,693.48,483889.38,2024-02-21,2025-07-31,0.146
POL0001795,CUST0001825,Life,571.94,44515.59,2019-12-01,2022-02-10,0.675
POL0001796,CUST0000344,Life,3047.65,240934.47,2022-06-22,2024-01-31,0.398
POL0001797,CUST0000194,Property,1108.87,278682.68,2022-12-12,2025-07-07,0.259
POL0001798,CUST0000158,Property,1933.97,55526.71,2023-08-25,2024-05-01,0.536
POL0001799,CUST0000465,Property,4337.69,194973.88,2018-12-12,2020-05-01,0.879
POL0001800,CUST0002152,Auto,2236.82,165370.38,2021-10-23,2022-11-18,0.656
POL0001801,CUST0002082,Health,4595.32,272667.61,2022-12-30,2024-05-01,0.493
POL0001802,CUST0002687,Health,2590.1,333983.54,2022-12-30,2023-10-13,0.722
POL0001803,CUST0001750,Life,2114.42,354707.7,2019-06-14,2020-06-04,0.69
POL0001804,CUST0002373,Health,3801.87,77009.96,2019-04-04,2020-11-30,0.813
POL0001805,CUST0002739,Auto,551.24,408344.37,2021-07-04,2024-01-09,0.264
POL0001806,CUST0000592,Health,629.5,342485.59,2022-03-29,2024-03-08,0.787
POL0001807,CUST0002189,Auto,3329.47,445646.71,2020-09-23,2022-05-13,0.341
POL0001808,CUST0002522,Life,2537.32,230174.67,2024-05-01,2025-07-02,0.853
POL0001809,CUST0001055,Property,3993.99,448005.98,2019-05-15,2020-06-06,0.325
POL0001810,CUST0000884,Auto,4598.1,434229.32,2024-10-06,2025-11-05,0.841
POL0001811,CUST0000063,Property,2064.16,224820.57,2021-11-24,2024-05-04,0.871
POL0001812,CUST0001111,Life,3062.77,196760.22,2023-07-09,2025-03-17,0.216
POL0001813,CUST0000304,Auto,2603.34,467077.89,2024-01-28,2026-09-02,0.88
POL0001814,CUST0001085,Auto,4911.73,360430.72,2024-06-15,2026-08-21,0.169
POL0001815,CUST0000396,Health,4189.21,464840.22,2023-10-13,2025-02-14,0.275
POL0001816,CUST0000334,Auto,4576.34,400517.64,2024-11-24,2027-07-14,0.455
POL0001817,CUST0002834,Life,1420.83,308555.75,2023-12-31,2025-07-15,0.895
POL0001818,CUST0000411,Property,3908.13,66767.86,2020-04-07,2021-07-01,0.491
POL0001819,CUST0002332,Auto,1474.27,152825.53,2019-11-23,2020-09-18,0.54
POL0001820,CUST0000466,Life,1201.96,484732.78,2023-02-22,2024-09-30,0.656
POL0001821,CUST0000080,Life,4732.48,166516.83,2021-07-23,2022-09-20,0.875
POL0001822,CUST0002832,Auto,292.66,55694.89,2020-10-29,2021-07-01,0.727
POL0001823,CUST0001101,Health,4833.87,356701.14,2019-04-07,2020-05-18,0.279
POL0001824,CUST0001978,Auto,916.46,369662.08,2020-06-17,2021-04-29,0.342
POL0001825,CUST0000733,Auto,4133.3,149874.28,2024-03-15,2025-03-23,0.178
POL0001826,CUST0001818,Health,1524.43,155859.27,2020-04-13,2022-09-15,0.616
POL0001827,CUST0001564,Life,1883.37,239757.56,2019-08-09,2021-11-23,0.245
POL0001828,CUST0001385,Auto,1240.44,20676.59,2021-08-30,2023-12-14,0.306
POL0001829,CUST0002125,Health,3010.47,396768.28,2018-10-07,2020-08-05,0.81
POL0001830,CUST0002557,Property,1870.86,165373.51,2019-09-10,2021-10-12,0.361
POL0001831,CUST0001188,Property,3355.49,428343.92,2021-05-23,2022-11-07,0.553
POL0001832,CUST0001199,Health,275.11,403288.91,2022-07-18,2024-12-17,0.418
POL0001833,CUST0002510,Life,509.0,334087.0,2023-04-30,2025-05-04,0.159
POL0001834,CUST0001612,Health,678.37,169188.68,2022-03-12,2023-02-11,0.39
POL0001835,CUST0002293,Life,2211.17,262995.12,2019-04-12,2021-01-26,0.426
POL0001836,CUST0000122,Property,4111.02,227966.34,2024-07-11,2025-01-22,0.817
POL0001837,CUST0000185,Auto,4463.25,176052.12,2024-08-07,2025-04-21,0.36
POL0001838,CUST0000032,Health,1375.09,425586.78,2024-12-30,2025-08-18,0.403
POL0001839,CUST0000998,Property,2956.97,246918.47,2020-07-03,2022-05-27,0.726
POL0001840,CUST0001987,Auto,3888.15,418034.32,2018-01-25,2019-12-09,0.707
POL0001841,CUST0002810,Property,1586.38,61557.05,2021-06-16,2023-12-26,0.739
POL0001842,CUST0000569,Health,2163.24,79102.15,2022-11-05,2023-07-03,0.863
POL0001843,CUST0002358,Health,2715.08,488886.95,2020-11-04,2021-09-11,0.736
POL0001844,CUST0001396,Auto,847.4,298006.55,2023-03-11,2024-09-22,0.426
POL0001845,CUST0001680,Health,324.72,259787.14,2022-06-27,2024-07-09,0.757
POL0001846,CUST0000830,Property,933.47,266346.47,2019-12-07,2022-08-21,0.507
POL0001847,CUST0001620,Auto,3208.9,115481.7,2019-09-11,2022-01-29,0.322
POL0001848,CUST0001080,Auto,553.37,362164.94,2018-02-18,2020-02-10,0.342
POL0001849,CUST0000791,Property,1110.54,51542.51,2024-03-04,2025-10-14,0.279
POL0001850,CUST0002512,Life,1821.7,290928.62,2023-08-20,2024-07-19,0.216
POL0001851,CUST0002726,Auto,573.78,289676.71,2022-06-03,2024-08-23,0.248
POL0001852,CUST0002718,Life,1120.16,457952.33,2023-06-10,2024-01-26,0.151
POL0001853,CUST0002746,Property,4574.09,267829.58,2021-05-30,2022-02-28,0.811
POL0001854,CUST0000994,Property,292.64,77160.72,2022-07-20,2024-12-03,0.845
POL0001855,CUST0000078,Auto,3336.47,290649.1,2018-11-22,2020-10-24,0.569
POL0001856,CUST0002582,Health,2045.16,54750.55,2020-06-16,2022-05-20,0.772
POL0001857,CUST0000108,Auto,3428.71,109858.98,2022-10-28,2024-04-14,0.247
POL0001858,CUST0001297,Health,3025.72,25243.21,2021-08-03,2022-03-15,0.821
POL0001859,CUST0002812,Life,1272.79,261513.86,2018-10-08,2021-06-15,0.505
POL0001860,CUST0002063,Health,4266.61,51420.98,2019-10-11,2020-10-29,0.154
POL0001861,CUST0000370,Auto,2561.31,240003.25,2024-07-22,2027-01-18,0.213
POL0001862,CUST0002253,Health,4148.17,467143.07,2023-11-06,2025-07-08,0.347
POL0001863,CUST0002005,Property,2148.86,362683.09,2023-02-25,2024-05-05,0.135
POL0001864,CUST0001704,Life,4926.49,47931.72,2023-04-28,2024-06-28,0.347
POL0001865,CUST0002913,Property,3898.35,119862.81,2018-07-06,2020-06-17,0.148
POL0001866,CUST0000441,Property,4836.56,340094.59,2021-07-31,2022-03-08,0.289
POL0001867,CUST0002907,Property,2668.77,448403.91,2018-06-26,2020-03-25,0.313
POL0001868,CUST0000227,Property,2473.72,26130.11,2020-10-20,2023-06-16,0.895
POL0001869,CUST0002576,Health,3826.18,408101.05,2019-07-28,2020-10-26,0.288
POL0001870,CUST0002402,Property,4425.4,285288.8,2021-07-31,2022-08-09,0.291
POL0001871,CUST0000623,Health,4827.9,277584.75,2021-02-19,2021-10-27,0.649
POL0001872,CUST0001025,Property,1757.85,479328.46,2023-01-06,2024-03-30,0.787
POL0001873,CUST0001577,Auto,4033.78,376345.86,2019-10-09,2021-03-06,0.41
POL0001874,CUST0002975,Property,1211.1,426558.25,2019-01-23,2021-02-25,0.8
POL0001875,CUST0001644,Auto,2818.76,183457.83,2022-05-31,2023-09-30,0.372
POL0001876,CUST0001185,Health,1063.27,281638.38,2019-11-16,2021-07-14,0.258
POL0001877,CUST0000161,Life,1867.51,311548.78,2024-04-05,2025-04-18,0.364
POL0001878,CUST0000871,Health,4670.52,167576.13,2024-03-01,2024-11-11,0.587
POL0001879,CUST0001746,Life,901.24,289421.58,2019-10-14,2022-06-06,0.394
POL0001880,CUST0001175,Life,3235.52,125961.14,2022-12-15,2025-08-15,0.638
POL0001881,CUST0000444,Property,3046.18,80254.08,2018-02-20,2020-06-06,0.29
POL0001882,CUST0001791,Life,779.54,193245.43,2021-06-26,2023-05-31,0.661
POL0001883,CUST0001495,Health,1764.7,372251.92,2021-06-26,2023-09-24,0.378
POL0001884,CUST0000463,Property,2902.31,458931.7,2024-05-26,2025-07-09,0.465
POL0001885,CUST0000473,Life,1098.46,234279.89,2021-11-21,2022-08-12,0.546
POL0001886,CUST0002605,Health,4042.99,324983.61,2024-08-21,2025-07-28,0.649
POL0001887,CUST0000080,Life,4866.35,60488.19,2021-09-09,2023-04-08,0.291
POL0001888,CUST0001063,Life,1230.85,453187.24,2018-02-12,2019-08-16,0.769
POL0001889,CUST0000240,Property,1097.18,288616.06,2018-07-09,2020-07-20,0.677
POL0001890,CUST0000557,Property,2383.69,392365.74,2022-07-25,2023-08-23,0.287
POL0001891,CUST0000590,Health,3789.27,399276.19,2018-09-08,2019-03-07,0.88
POL0001892,CUST0001361,Property,1551.68,135675.46,2019-05-07,2020-11-13,0.632
POL0001893,CUST0001885,Property,295.42,269295.48,2018-09-02,2020-04-15,0.462
POL0001894,CUST0001976,Auto,2797.86,480635.08,2019-11-13,2022-02-04,0.226
POL0001895,CUST0001304,Auto,4791.68,53920.93,2019-03-13,2021-11-16,0.527
POL0001896,CUST0001140,Health,2078.13,344694.45,2019-11-18,2020-12-01,0.232
POL0001897,CUST0002317,Property,2216.65,481509.4,2024-05-13,2025-05-10,0.444
POL0001898,CUST0001940,Health,4850.73,157282.78,2023-03-11,2024-10-20,0.427
POL0001899,CUST0000335,Auto,3534.12,432109.48,2022-07-22,2024-02-19,0.676
POL0001900,CUST0000312,Auto,3652.03,467492.2,2019-01-03,2020-02-02,0.254
POL0001901,CUST0001077,Auto,2900.97,376072.24,2020-08-28,2023-03-17,0.757
POL0001902,CUST0002742,Health,4878.12,123350.87,2022-11-28,2024-05-09,0.361
POL0001903,CUST0000034,Property,3506.56,173660.35,2024-12-25,2027-01-23,0.455
POL0001904,CUST0001842,Life,4496.16,27546.55,2024-02-12,2026-03-26,0.718
POL0001905,CUST0000386,Property,3557.02,417412.08,2022-12-13,2025-03-25,0.6
POL0001906,CUST0000249,Health,3728.56,426309.48,2019-12-18,2020-07-25,0.346
POL0001907,CUST0001135,Auto,1593.97,320028.05,2018-06-26,2021-01-11,0.409
POL0001908,CUST0001434,Life,1656.7,182738.65,2022-07-26,2023-01-24,0.345
POL0001909,CUST0001203,Health,3958.33,47637.4,2021-06-04,2022-03-04,0.576
POL0001910,CUST0000794,Auto,1624.19,378998.23,2023-03-03,2023-10-27,0.366
POL0001911,CUST0000852,Health,2901.3,365997.83,2019-08-27,2022-03-03,0.681
POL0001912,CUST0002922,Life,1396.89,457175.24,2022-08-29,2024-04-06,0.564
POL0001913,CUST0000376,Auto,4121.52,367960.69,2020-10-31,2021-05-16,0.217
POL0001914,CUST0000724,Property,730.41,416060.52,2022-11-13,2024-09-16,0.348
POL0001915,CUST0001611,Health,4181.34,375517.76,2021-09-18,2024-04-05,0.277
POL0001916,CUST0001914,Life,3093.1,319036.72,2021-10-19,2023-09-06,0.412
POL0001917,CUST0000202,Property,1097.17,219213.53,2022-02-27,2024-04-02,0.513
POL0001918,CUST0002493,Life,2801.77,452037.48,2023-07-26,2024-12-18,0.505
POL0001919,CUST0001943,Health,1555.99,328974.6,2021-11-29,2022-11-12,0.704
POL0001920,CUST0002345,Life,1752.64,205194.11,2021-02-03,2023-09-16,0.251
POL0001921,CUST0001332,Auto,1887.33,50899.95,2019-12-24,2022-04-23,0.857
POL0001922,CUST0000493,Life,503.93,152445.38,2021-03-07,2023-07-15,0.374
POL0001923,CUST0000338,Health,4932.62,276426.1,2020-02-29,2021-03-20,0.34
POL0001924,CUST0001969,Auto,351.37,145061.33,2019-03-28,2021-02-25,0.648
POL0001925,CUST0002971,Life,3379.98,118405.32,2023-10-08,2025-08-22,0.744
POL0001926,CUST0001866,Life,1981.89,268422.82,2022-04-18,2023-09-25,0.403
POL0001927,CUST0000792,Auto,3300.85,93211.97,2023-07-17,2024-11-11,0.697
POL0001928,CUST0001517,Property,1909.99,402200.93,2024-09-25,2025-07-16,0.807
POL0001929,CUST0002023,Property,3434.0,247340.39,2024-02-18,2026-06-10,0.713
POL0001930,CUST0002365,Auto,3700.33,291192.76,2020-12-23,2021-09-15,0.127
POL0001931,CUST0000942,Life,3514.65,82217.8,2022-11-28,2023-08-29,0.762
POL0001932,CUST0002674,Property,747.02,169042.4,2019-05-30,2021-12-07,0.72
POL0001933,CUST0002123,Auto,3353.09,210943.94,2023-12-09,2025-08-07,0.635
POL0001934,CUST0002987,Health,1543.94,406024.29,2021-06-29,2023-11-23,0.708
POL0001935,CUST0000059,Life,338.25,387378.17,2018-03-26,2019-12-15,0.884
POL0001936,CUST0002434,Health,2191.19,119258.96,2023-11-14,2026-01-27,0.445
POL0001937,CUST0002063,Life,2281.01,311927.75,2023-05-25,2026-01-14,0.154
POL0001938,CUST0001255,Property,2442.44,129293.62,2020-08-16,2022-08-06,0.469
POL0001939,CUST0002247,Health,3583.16,494241.11,2023-11-05,2026-04-17,0.137
POL0001940,CUST0001378,Health,1682.45,476540.7,2018-04-05,2018-10-03,0.335
POL0001941,CUST0000035,Auto,1713.35,285999.71,2019-07-07,2020-03-20,0.57
POL0001942,CUST0000162,Property,490.65,352462.26,2021-09-12,2023-01-28,0.348
POL0001943,CUST0002847,Property,3496.74,402700.89,2023-06-10,2025-12-18,0.648
POL0001944,CUST0000895,Life,2925.57,363289.23,2018-09-01,2019-06-05,0.758
POL0001945,CUST0000471,Auto,1877.24,352916.06,2020-12-17,2023-03-05,0.436
POL0001946,CUST0002579,Auto,3584.91,479691.46,2020-10-21,2021-08-06,0.82
POL0001947,CUST0002840,Life,2779.32,302263.49,2020-01-13,2022-05-20,0.164
POL0001948,CUST0002900,Health,2452.38,321788.31,2018-03-06,2019-12-02,0.772
POL0001949,CUST0001447,Life,2654.36,426141.69,2023-03-27,2025-01-22,0.763
POL0001950,CUST0000348,Life,3254.47,338246.53,2021-03-25,2023-12-08,0.358
POL0001951,CUST0000694,Life,3368.01,369136.98,2018-02-08,2019-08-12,0.339
POL0001952,CUST0000935,Auto,1587.0,124742.66,2022-08-04,2024-01-02,0.344
POL0001953,CUST0000913,Life,875.57,191920.79,2023-04-26,2025-06-12,0.749
POL0001954,CUST0000147,Life,951.84,82177.66,2021-07-28,2022-02-14,0.765
POL0001955,CUST0001712,Life,3269.08,257825.07,2020-08-30,2023-02-17,0.364
POL0001956,CUST0000675,Property,4389.79,233306.43,2020-07-04,2021-10-31,0.574
POL0001957,CUST0001440,Health,2165.58,498609.78,2021-08-07,2022-11-01,0.211
POL0001958,CUST0002735,Health,1013.7,309492.24,2022-09-19,2024-07-19,0.475
POL0001959,CUST0001518,Health,3831.69,395357.96,2020-09-28,2022-06-15,0.899
POL0001960,CUST0001280,Health,4195.95,173667.19,2019-07-19,2020-10-18,0.227
POL0001961,CUST0000686,Auto,4426.8,417457.21,2022-09-26,2025-01-03,0.858
POL0001962,CUST0001127,Auto,3112.79,311391.63,2019-05-05,2020-11-11,0.759
POL0001963,CUST0000121,Life,4331.5,351526.24,2021-09-22,2022-11-07,0.878
POL0001964,CUST0002467,Auto,273.99,154271.08,2021-03-08,2023-09-18,0.244
POL0001965,CUST0002398,Health,714.73,278832.81,2020-07-10,2022-08-20,0.271
POL0001966,CUST0000042,Property,644.37,320678.12,2018-03-01,2019-10-27,0.113
POL0001967,CUST0000029,Life,3620.5,298656.39,2022-12-27,2023-08-18,0.68
POL0001968,CUST0000966,Life,533.99,458444.92,2021-06-14,2024-02-21,0.615
POL0001969,CUST0001916,Health,2582.55,450153.61,2024-05-06,2026-01-16,0.242
POL0001970,CUST0002833,Health,2468.99,485782.19,2024-08-27,2025-03-28,0.733
POL0001971,CUST0002001,Health,1691.38,337039.72,2021-08-17,2023-01-07,0.339
POL0001972,CUST0002062,Auto,4377.94,486237.92,2019-09-25,2021-06-19,0.208
POL0001973,CUST0000920,Life,1018.08,417914.22,2020-08-29,2022-03-19,0.438
POL0001974,CUST0000818,Health,1891.82,142707.75,2021-08-17,2024-03-17,0.173
POL0001975,CUST0002873,Property,3916.02,219443.48,2018-08-25,2020-04-25,0.311
POL0001976,CUST0001509,Life,346.03,126812.3,2024-03-18,2026-01-02,0.397
POL0001977,CUST0001213,Life,3430.16,12056.61,2019-01-20,2019-11-20,0.781
POL0001978,CUST0000872,Auto,4118.71,102143.89,2019-09-19,2021-08-21,0.734
POL0001979,CUST0000295,Life,4674.89,11989.69,2019-01-07,2020-10-29,0.454
POL0001980,CUST0000864,Health,4406.22,362720.85,2020-01-28,2021-06-07,0.68
POL0001981,CUST0002596,Health,1733.04,218511.81,2019-01-16,2019-11-13,0.555
POL0001982,CUST0001038,Property,3014.55,163161.62,2019-01-17,2021-01-12,0.373
POL0001983,CUST0002683,Life,571.01,383243.24,2023-07-19,2025-08-17,0.681
POL0001984,CUST0000595,Life,1437.78,417918.52,2019-01-01,2020-05-07,0.647
POL0001985,CUST0001183,Auto,652.27,487896.77,2019-08-17,2021-06-13,0.595
POL0001986,CUST0001518,Health,1712.9,324586.66,2024-09-01,2026-12-10,0.594
POL0001987,CUST0001353,Property,4400.9,236149.19,2020-09-28,2021-04-07,0.646
POL0001988,CUST0000614,Health,1866.4,159579.51,2021-10-15,2022-08-15,0.408
POL0001989,CUST0001873,Life,2897.11,118935.92,2023-03-12,2025-11-26,0.795
POL0001990,CUST0001604,Life,2280.23,114333.72,2020-04-03,2022-07-20,0.23
POL0001991,CUST0001584,Property,2402.8,210502.79,2018-03-17,2018-11-28,0.807
POL0001992,CUST0001593,Life,4853.95,495975.31,2024-07-04,2026-08-02,0.374
POL0001993,CUST0001156,Property,1621.54,10418.31,2018-11-21,2021-05-06,0.2
POL0001994,CUST0000465,Property,3211.16,106630.89,2019-05-26,2020-07-14,0.58
POL0001995,CUST0001480,Health,2216.3,102312.56,2022-07-01,2024-07-20,0.401
POL0001996,CUST0002978,Property,493.5,361388.55,2021-11-04,2024-06-10,0.752
POL0001997,CUST0001291,Life,2548.79,182717.52,2022-11-19,2024-01-26,0.445
POL0001998,CUST0002847,Auto,4104.05,234057.79,2021-04-21,2022-11-27,0.635
POL0001999,CUST0002443,Auto,674.01,82825.82,2020-08-05,2021-10-01,0.347
POL0002000,CUST0002294,Life,534.04,208448.55,2021-05-05,2023-02-04,0.268
POL0002001,CUST0000568,Auto,937.43,60567.91,2023-02-23,2024-05-24,0.41
POL0002002,CUST0000038,Auto,3869.12,271191.21,2021-07-24,2023-05-03,0.585
POL0002003,CUST0000245,Property,3675.18,57989.8,2018-08-28,2019-10-01,0.626
POL0002004,CUST0000021,Auto,2912.09,397349.11,2022-12-24,2024-02-01,0.563
POL0002005,CUST0001134,Auto,2447.49,287634.84,2023-12-07,2024-09-12,0.89
POL0002006,CUST0001630,Auto,4463.96,364744.26,2021-04-28,2023-07-20,0.653
POL0002007,CUST0000394,Health,3880.15,215073.03,2019-02-06,2021-08-03,0.845
POL0002008,CUST0001434,Life,4097.32,196930.73,2021-06-16,2023-05-03,0.194
POL0002009,CUST0000987,Property,4103.66,58122.36,2021-03-04,2023-04-09,0.149
POL0002010,CUST0001672,Auto,3285.04,266689.25,2021-10-02,2023-02-24,0.349
POL0002011,CUST0002056,Life,2398.47,262106.06,2023-08-12,2024-10-01,0.209
POL0002012,CUST0002376,Auto,4350.45,239370.0,2020-12-05,2022-05-07,0.521
POL0002013,CUST0001911,Health,4644.84,372854.0,2020-12-19,2023-07-08,0.515
POL0002014,CUST0000290,Health,314.27,417927.16,2018-03-02,2020-01-16,0.56
POL0002015,CUST0001787,Auto,447.46,377886.94,2023-09-09,2024-08-18,0.696
POL0002016,CUST0002559,Auto,4801.97,80494.21,2021-07-07,2023-11-02,0.877
POL0002017,CUST0000912,Auto,1530.37,314809.16,2019-01-10,2021-06-30,0.803
POL0002018,CUST0000361,Health,4392.17,49358.32,2022-01-13,2024-09-07,0.195
POL0002019,CUST0001623,Health,2066.22,350364.92,2019-09-16,2022-03-11,0.371
POL0002020,CUST0002764,Life,771.68,197101.16,2018-10-19,2019-11-20,0.305
POL0002021,CUST0000219,Property,586.13,74924.49,2024-06-11,2026-12-22,0.241
POL0002022,CUST0002454,Property,951.24,432404.92,2020-06-14,2021-12-21,0.536
POL0002023,CUST0002016,Health,1399.49,310864.09,2019-04-30,2019-11-07,0.543
POL0002024,CUST0002041,Property,2544.89,183815.23,2022-04-09,2023-12-11,0.282
POL0002025,CUST0002045,Auto,3567.19,25056.32,2021-01-22,2021-10-11,0.67
POL0002026,CUST0002801,Life,4934.71,273282.03,2022-09-20,2024-05-22,0.686
POL0002027,CUST0002971,Health,2319.23,462380.68,2020-03-24,2022-06-06,0.117
POL0002028,CUST0000832,Health,2687.29,302226.12,2024-06-20,2026-04-08,0.417
POL0002029,CUST0001794,Property,2704.72,486108.8,2020-12-23,2023-08-12,0.812
POL0002030,CUST0001792,Auto,2789.28,76861.05,2022-08-29,2025-01-31,0.516
POL0002031,CUST0002842,Life,2685.16,288469.5,2022-12-17,2024-06-17,0.378
POL0002032,CUST0001244,Property,242.12,401081.27,2021-12-17,2024-03-28,0.303
POL0002033,CUST0000595,Health,208.28,267514.96,2021-01-16,2023-04-11,0.295
POL0002034,CUST0002155,Health,668.8,54622.51,2024-10-03,2025-08-19,0.18
POL0002035,CUST0000581,Property,687.47,295614.14,2022-02-01,2024-07-19,0.754
POL0002036,CUST0002657,Auto,3583.51,309751.57,2023-04-07,2025-06-21,0.169
POL0002037,CUST0001748,Life,1183.6,367067.53,2018-10-17,2021-04-01,0.334
POL0002038,CUST0002056,Life,4494.63,382993.64,2018-03-12,2019-12-07,0.137
POL0002039,CUST0002854,Life,4657.31,387678.62,2019-08-23,2021-07-04,0.725
POL0002040,CUST0002237,Life,4884.29,335087.75,2021-02-05,2022-09-10,0.131
POL0002041,CUST0000081,Auto,4707.59,115747.48,2023-11-19,2025-02-28,0.347
POL0002042,CUST0002156,Health,1505.06,208075.52,2020-08-28,2022-02-13,0.559
POL0002043,CUST0001345,Health,2646.93,390303.69,2022-09-22,2024-02-26,0.428
POL0002044,CUST0001603,Life,1042.18,477179.22,2019-02-08,2020-01-02,0.326
POL0002045,CUST0002734,Life,4069.81,48684.01,2021-01-02,2022-01-26,0.32
POL0002046,CUST0000346,Life,4464.47,272412.97,2018-10-14,2019-08-01,0.738
POL0002047,CUST0001887,Property,4286.19,163135.91,2021-08-13,2023-11-24,0.879
POL0002048,CUST0002376,Property,2280.16,120443.01,2021-11-21,2023-11-06,0.378
POL0002049,CUST0000555,Health,3841.63,257847.23,2024-02-05,2024-09-20,0.131
POL0002050,CUST0000302,Health,668.38,306983.78,2020-12-14,2023-08-20,0.129
POL0002051,CUST0000200,Life,393.17,14788.39,2018-02-11,2019-07-06,0.707
POL0002052,CUST0002941,Property,3815.53,392301.22,2021-03-03,2022-08-29,0.542
POL0002053,CUST0001063,Auto,2241.71,411742.24,2019-08-04,2020-02-10,0.727
POL0002054,CUST0000307,Property,4978.64,483100.3,2020-01-15,2021-01-16,0.658
POL0002055,CUST0001657,Health,666.82,98515.43,2022-11-24,2024-10-12,0.826
POL0002056,CUST0001872,Property,4307.01,301330.76,2018-11-23,2020-12-21,0.809
POL0002057,CUST0002516,Health,2503.92,219046.43,2019-10-07,2021-06-22,0.731
POL0002058,CUST0002227,Life,4170.32,174065.65,2020-05-29,2021-02-22,0.48
POL0002059,CUST0002693,Auto,4122.21,287160.39,2019-03-04,2021-05-13,0.347
POL0002060,CUST0001847,Life,4596.76,393367.72,2021-05-18,2023-09-20,0.506
POL0002061,CUST0001765,Life,1629.68,21295.86,2024-12-23,2026-09-11,0.502
POL0002062,CUST0000276,Auto,4759.04,485006.06,2018-10-21,2021-04-05,0.588
POL0002063,CUST0001176,Auto,928.0,406841.98,2021-09-12,2022-04-11,0.249
POL0002064,CUST0001402,Auto,593.45,378065.31,2024-03-18,2025-08-06,0.624
POL0002065,CUST0002669,Health,2271.75,382589.82,2021-01-28,2021-10-08,0.465
POL0002066,CUST0000638,Life,4175.95,200639.75,2022-05-23,2023-07-27,0.596
POL0002067,CUST0001776,Health,2472.42,378294.07,2019-05-04,2021-01-22,0.292
POL0002068,CUST0000930,Auto,4180.58,199517.4,2023-01-08,2024-06-25,0.448
POL0002069,CUST0001881,Health,3702.5,450366.35,2019-11-23,2021-11-04,0.268
POL0002070,CUST0000183,Auto,1205.26,96838.97,2020-07-14,2021-11-01,0.8
POL0002071,CUST0001845,Property,4754.63,153250.24,2018-07-09,2019-10-29,0.49
POL0002072,CUST0000072,Auto,491.75,280155.4,2023-03-01,2024-07-20,0.28
POL0002073,CUST0002767,Life,4511.74,166413.41,2020-12-21,2022-04-16,0.133
POL0002074,CUST0001677,Life,1661.33,217876.25,2022-07-06,2024-05-27,0.641
POL0002075,CUST0001296,Life,2600.71,251287.12,2019-08-31,2021-01-29,0.272
POL0002076,CUST0002774,Health,2227.29,429613.14,2024-06-27,2026-07-31,0.892
POL0002077,CUST0002317,Life,1024.81,266364.2,2018-02-20,2019-08-27,0.527
POL0002078,CUST0001044,Auto,1919.1,187605.33,2022-10-21,2024-10-22,0.331
POL0002079,CUST0002626,Property,1126.09,131390.72,2020-12-18,2021-09-17,0.626
POL0002080,CUST0000815,Life,1178.66,210251.23,2020-07-07,2021-05-14,0.32
POL0002081,CUST0001527,Health,1097.87,262710.69,2018-08-17,2020-10-15,0.756
POL0002082,CUST0002195,Property,2547.28,375596.28,2020-03-10,2020-10-28,0.347
POL0002083,CUST0002938,Life,4030.07,69313.9,2024-01-21,2025-11-26,0.891
POL0002084,CUST0000310,Life,2931.06,118588.5,2019-03-25,2020-05-06,0.584
POL0002085,CUST0002566,Property,4487.39,196030.47,2024-07-18,2026-10-15,0.776
POL0002086,CUST0002062,Life,3255.41,186595.22,2018-05-06,2019-06-01,0.158
POL0002087,CUST0000132,Health,3508.83,201956.56,2023-07-25,2026-03-27,0.379
POL0002088,CUST0001878,Auto,3404.51,398825.42,2020-05-17,2023-01-12,0.69
POL0002089,CUST0002803,Auto,2357.4,168835.66,2023-03-16,2025-01-27,0.624
POL0002090,CUST0002487,Property,3508.83,255930.11,2018-04-21,2020-02-24,0.255
POL0002091,CUST0002791,Auto,534.6,315714.45,2019-07-10,2021-11-06,0.385
POL0002092,CUST0000740,Life,4327.29,123767.49,2020-03-26,2021-05-12,0.311
POL0002093,CUST0000795,Life,3933.5,362160.74,2023-07-10,2024-03-16,0.591
POL0002094,CUST0002311,Health,1377.1,278084.55,2021-04-28,2023-10-11,0.376
POL0002095,CUST0002691,Auto,3886.56,228922.77,2018-03-04,2019-03-07,0.347
POL0002096,CUST0000258,Property,260.68,406794.17,2021-12-17,2024-04-07,0.266
POL0002097,CUST0001258,Life,1242.78,129312.68,2023-03-18,2023-09-21,0.427
POL0002098,CUST0002457,Property,512.66,442756.23,2021-03-31,2022-08-24,0.256
POL0002099,CUST0001852,Life,3945.09,284913.88,2021-03-30,2023-05-30,0.87
POL0002100,CUST0000975,Life,3828.2,308495.69,2021-02-14,2021-08-28,0.224
POL0002101,CUST0001048,Health,4105.45,438778.89,2021-12-02,2024-03-26,0.831
POL0002102,CUST0000271,Auto,221.51,410615.52,2024-08-04,2026-11-30,0.443
POL0002103,CUST0001119,Health,2605.92,304765.41,2018-06-01,2019-02-28,0.402
POL0002104,CUST0000142,Auto,3583.21,379061.97,2023-06-12,2024-08-26,0.285
POL0002105,CUST0000902,Property,945.93,222326.55,2023-07-04,2025-07-01,0.609
POL0002106,CUST0000274,Auto,3319.0,278215.1,2022-05-14,2023-04-19,0.648
POL0002107,CUST0002324,Property,603.73,40414.37,2020-11-19,2022-05-03,0.474
POL0002108,CUST0000465,Life,1070.36,54030.38,2019-05-15,2020-05-02,0.145
POL0002109,CUST0001232,Property,2483.82,416418.45,2019-12-25,2021-05-04,0.835
POL0002110,CUST0001320,Property,3337.11,39239.11,2021-04-19,2021-11-02,0.884
POL0002111,CUST0000288,Life,900.17,93005.57,2022-04-21,2024-02-15,0.445
POL0002112,CUST0000876,Property,1089.07,399958.0,2021-07-11,2023-01-08,0.591
POL0002113,CUST0001993,Property,1181.34,10561.52,2022-11-07,2024-04-20,0.46
POL0002114,CUST0002926,Life,1345.76,148378.12,2022-02-17,2024-01-25,0.358
POL0002115,CUST0002228,Life,1287.46,296178.94,2022-11-05,2024-07-11,0.162
POL0002116,CUST0001121,Life,2096.72,301770.47,2021-12-10,2023-03-04,0.465
POL0002117,CUST0001215,Auto,3338.19,390804.93,2023-03-04,2023-11-06,0.755
POL0002118,CUST0000447,Life,2302.55,257903.86,2019-11-03,2020-05-30,0.114
POL0002119,CUST0002833,Life,3924.67,259606.92,2022-05-25,2023-10-02,0.566
POL0002120,CUST0002609,Property,3652.49,365402.18,2021-11-12,2024-05-16,0.805
POL0002121,CUST0002532,Health,807.33,254325.99,2019-02-21,2020-01-30,0.274
POL0002122,CUST0002897,Health,434.44,308160.63,2018-12-05,2020-04-17,0.247
POL0002123,CUST0000722,Auto,4414.12,449909.29,2023-12-24,2024-07-04,0.718
POL0002124,CUST0002164,Auto,583.19,206710.99,2019-08-29,2020-11-29,0.304
POL0002125,CUST0002583,Health,912.03,198711.28,2024-12-09,2026-08-12,0.254
POL0002126,CUST0001352,Health,306.24,11739.01,2021-09-17,2024-01-12,0.402
POL0002127,CUST0000407,Life,3216.01,310578.87,2023-08-06,2025-10-27,0.414
POL0002128,CUST0001726,Property,2995.38,24588.23,2024-02-08,2025-04-25,0.799
POL0002129,CUST0000694,Life,4937.14,257032.76,2021-09-12,2024-01-21,0.595
POL0002130,CUST0000495,Auto,4457.28,404074.56,2023-10-09,2025-09-09,0.425
POL0002131,CUST0000948,Health,2172.05,279461.32,2022-06-13,2023-05-30,0.528
POL0002132,CUST0000023,Auto,1983.61,142121.72,2024-08-14,2026-02-02,0.863
POL0002133,CUST0001129,Life,1624.89,395222.53,2021-09-01,2022-03-12,0.191
POL0002134,CUST0001699,Auto,931.55,142161.33,2020-03-25,2022-09-15,0.266
POL0002135,CUST0000558,Auto,862.8,369185.57,2024-06-06,2026-10-06,0.87
POL0002136,CUST0001617,Property,834.96,309026.64,2020-10-25,2021-12-10,0.866
POL0002137,CUST0000941,Auto,747.75,93298.19,2019-11-14,2021-08-30,0.242
POL0002138,CUST0001246,Life,1354.46,453515.6,2024-02-07,2025-11-18,0.216
POL0002139,CUST0002903,Property,1672.01,108315.4,2018-07-10,2019-06-14,0.437
POL0002140,CUST0002939,Auto,4815.58,494897.67,2022-01-09,2024-04-06,0.14
POL0002141,CUST0001657,Life,2976.67,13582.14,2022-02-25,2024-03-05,0.624
POL0002142,CUST0000078,Health,4940.46,139106.85,2022-09-04,2023-11-18,0.162
POL0002143,CUST0001346,Property,1987.84,107931.55,2021-08-13,2023-09-04,0.146
POL0002144,CUST0000807,Auto,2396.61,16856.77,2019-05-28,2021-08-18,0.488
POL0002145,CUST0001042,Auto,1757.98,368860.27,2019-07-12,2021-08-31,0.866
POL0002146,CUST0000768,Property,1077.86,349778.64,2022-03-22,2023-09-11,0.441
POL0002147,CUST0000454,Life,887.19,398251.97,2023-12-29,2025-03-07,0.385
POL0002148,CUST0002976,Auto,4736.38,135782.29,2018-04-20,2020-06-09,0.898
POL0002149,CUST0002325,Life,4936.69,227724.23,2023-02-19,2025-01-13,0.526
POL0002150,CUST0001448,Property,415.57,332965.63,2018-04-24,2019-07-27,0.4
POL0002151,CUST0001500,Auto,921.66,225486.57,2018-12-18,2019-10-10,0.409
POL0002152,CUST0001051,Health,2232.92,351689.63,2021-11-17,2024-01-15,0.256
POL0002153,CUST0002562,Health,1094.4,320646.97,2020-11-15,2021-10-22,0.51
POL0002154,CUST0001889,Health,1946.63,66177.42,2022-03-06,2023-06-26,0.451
POL0002155,CUST0002512,Property,819.66,392711.13,2020-02-23,2021-06-13,0.317
POL0002156,CUST0002855,Auto,2391.26,363131.42,2022-01-23,2024-03-06,0.228
POL0002157,CUST0002872,Property,1504.13,331358.85,2023-05-21,2024-11-08,0.349
POL0002158,CUST0000363,Auto,1889.14,85995.87,2022-01-26,2024-05-14,0.507
POL0002159,CUST0002799,Health,652.7,141318.26,2023-12-21,2025-11-17,0.147
POL0002160,CUST0000525,Health,2255.01,202656.75,2024-10-22,2026-05-02,0.223
POL0002161,CUST0001218,Life,4919.64,147165.51,2022-04-17,2024-09-09,0.858
POL0002162,CUST0001486,Property,1778.4,121627.04,2023-07-09,2025-03-05,0.534
POL0002163,CUST0002104,Property,4406.86,404625.26,2021-09-30,2024-04-30,0.151
POL0002164,CUST0001254,Life,4247.36,322733.8,2018-11-20,2020-11-05,0.654
POL0002165,CUST0002537,Health,4769.88,287081.34,2020-08-14,2022-08-16,0.149
POL0002166,CUST0001856,Health,3992.53,120716.83,2019-06-02,2020-05-15,0.691
POL0002167,CUST0000722,Property,3366.06,459857.52,2024-02-20,2026-01-14,0.7
POL0002168,CUST0001984,Auto,4311.61,103679.69,2018-02-19,2019-08-16,0.621
POL0002169,CUST0001208,Health,563.09,399525.96,2022-09-29,2025-02-07,0.686
POL0002170,CUST0001449,Life,2421.59,483669.61,2023-07-27,2025-03-27,0.17
POL0002171,CUST0001399,Life,4948.43,366275.44,2019-12-14,2021-12-31,0.681
POL0002172,CUST0002089,Life,3894.08,496500.8,2021-02-15,2021-11-04,0.209
POL0002173,CUST0001508,Property,4817.96,329015.05,2022-05-08,2023-09-29,0.372
POL0002174,CUST0001004,Property,3942.24,116555.57,2018-04-10,2020-08-27,0.854
POL0002175,CUST0002308,Property,4399.43,109871.55,2022-04-29,2023-03-07,0.502
POL0002176,CUST0002489,Property,3591.34,169036.5,2024-08-22,2026-10-08,0.874
POL0002177,CUST0000926,Life,3850.41,13493.71,2020-08-16,2022-05-14,0.171
POL0002178,CUST0000856,Life,2711.25,344032.25,2018-09-27,2020-03-12,0.482
POL0002179,CUST0000084,Property,4636.34,141647.21,2021-09-16,2024-05-05,0.15
POL0002180,CUST0002094,Property,4160.19,409439.78,2021-12-28,2023-06-04,0.604
POL0002181,CUST0002488,Life,4250.65,185994.6,2018-11-02,2019-08-02,0.163
POL0002182,CUST0001543,Property,3430.44,245178.68,2018-10-18,2020-05-01,0.24
POL0002183,CUST0000986,Property,1661.98,483187.57,2022-06-17,2025-01-13,0.307
POL0002184,CUST0001869,Property,371.02,128664.34,2019-04-26,2020-08-12,0.699
POL0002185,CUST0000136,Property,4691.14,363414.51,2018-01-27,2019-02-08,0.231
POL0002186,CUST0001207,Health,3013.38,380007.72,2022-06-16,2023-03-01,0.777
POL0002187,CUST0001733,Property,1631.09,118289.1,2018-11-02,2021-03-08,0.206
POL0002188,CUST0001196,Life,915.85,255488.45,2023-07-08,2025-07-07,0.128
POL0002189,CUST0000909,Life,4181.71,181598.94,2022-09-15,2025-06-10,0.416
POL0002190,CUST0002909,Life,4215.3,388234.06,2020-09-28,2021-10-26,0.884
POL0002191,CUST0002836,Life,4109.64,315016.83,2021-06-20,2023-09-20,0.188
POL0002192,CUST0000590,Property,3296.4,243231.7,2022-05-24,2024-09-18,0.181
POL0002193,CUST0001952,Health,1956.87,391888.0,2023-03-29,2024-03-01,0.701
POL0002194,CUST0000956,Auto,1659.54,125226.23,2018-08-16,2021-02-19,0.35
POL0002195,CUST0002738,Auto,241.06,379274.72,2024-09-04,2026-09-10,0.674
POL0002196,CUST0002587,Auto,4201.32,434033.41,2019-12-03,2020-12-17,0.26
POL0002197,CUST0001144,Auto,619.68,440524.58,2024-11-12,2025-06-01,0.468
POL0002198,CUST0001332,Life,3227.62,394000.06,2024-01-24,2025-06-25,0.312
POL0002199,CUST0002756,Property,2619.56,209926.94,2020-07-01,2021-08-26,0.461
POL0002200,CUST0001554,Property,2728.11,491085.93,2023-08-24,2026-03-01,0.715
POL0002201,CUST0002343,Auto,4648.22,196000.89,2019-07-15,2020-09-04,0.71
POL0002202,CUST0001807,Auto,351.75,322926.45,2024-10-29,2025-09-22,0.513
POL0002203,CUST0002101,Health,3912.28,88926.35,2021-01-30,2023-09-21,0.843
POL0002204,CUST0000806,Health,449.85,490419.96,2021-01-20,2023-02-17,0.311
POL0002205,CUST0001456,Health,383.14,354953.1,2023-07-06,2024-01-08,0.292
POL0002206,CUST0000052,Life,2263.12,379155.0,2021-08-25,2022-10-11,0.591
POL0002207,CUST0002776,Property,502.76,42230.58,2023-04-23,2025-12-31,0.597
POL0002208,CUST0000072,Life,3987.89,384074.73,2022-04-17,2024-11-19,0.137
POL0002209,CUST0000028,Life,2741.9,389614.48,2024-10-06,2026-11-03,0.586
POL0002210,CUST0000469,Property,339.39,339168.64,2020-09-13,2023-04-12,0.4
POL0002211,CUST0000764,Health,394.4,153035.71,2024-10-26,2025-07-09,0.698
POL0002212,CUST0002934,Property,3140.81,249948.12,2021-10-17,2023-08-16,0.746
POL0002213,CUST0002960,Auto,4069.34,64112.84,2019-09-05,2020-05-28,0.542
POL0002214,CUST0002595,Health,2301.44,241077.66,2022-08-17,2025-03-17,0.101
POL0002215,CUST0001425,Property,2861.99,129473.69,2024-01-07,2025-02-11,0.609
POL0002216,CUST0002249,Life,4039.18,181057.52,2018-12-30,2020-08-13,0.699
POL0002217,CUST0000820,Property,3130.43,89674.2,2018-03-03,2020-04-04,0.299
POL0002218,CUST0001490,Health,1278.85,122726.64,2022-10-19,2023-11-04,0.472
POL0002219,CUST0001676,Auto,3142.65,47518.63,2022-05-05,2024-05-24,0.873
POL0002220,CUST0000560,Life,3215.74,460751.67,2022-04-19,2023-07-18,0.338
POL0002221,CUST0000379,Auto,3723.71,269901.24,2024-06-27,2025-08-01,0.279
POL0002222,CUST0001919,Auto,3180.2,204403.57,2024-12-16,2025-11-17,0.269
POL0002223,CUST0001076,Life,4852.36,272164.31,2019-03-16,2020-03-10,0.547
POL0002224,CUST0000079,Property,1146.98,317863.68,2019-04-03,2021-09-23,0.86
POL0002225,CUST0001409,Property,4765.24,461720.61,2023-09-29,2024-08-02,0.587
POL0002226,CUST0000834,Auto,2784.03,97559.55,2018-01-17,2019-03-15,0.343
POL0002227,CUST0001032,Property,3425.39,154820.72,2018-10-03,2019-09-19,0.611
POL0002228,CUST0002073,Health,677.42,488136.77,2018-01-10,2019-11-23,0.6
POL0002229,CUST0000450,Auto,2026.76,191884.56,2019-02-08,2020-11-28,0.578
POL0002230,CUST0002816,Auto,3893.02,21055.21,2024-07-12,2025-10-04,0.228
POL0002231,CUST0002803,Auto,3593.17,82345.31,2019-02-28,2020-10-20,0.608
POL0002232,CUST0001993,Health,392.67,22905.96,2024-02-22,2025-01-29,0.444
POL0002233,CUST0001485,Auto,2823.65,495062.34,2024-01-11,2024-08-01,0.115
POL0002234,CUST0002246,Property,623.74,146646.72,2019-06-11,2021-04-17,0.532
POL0002235,CUST0001743,Property,4980.11,462535.95,2018-09-14,2019-09-21,0.891
POL0002236,CUST0001971,Property,4507.02,497984.28,2021-09-20,2023-04-12,0.38
POL0002237,CUST0002485,Property,301.19,303922.2,2022-09-09,2024-07-16,0.872
POL0002238,CUST0001551,Auto,4321.52,26266.19,2019-01-18,2021-09-29,0.177
POL0002239,CUST0000690,Health,4613.26,49979.9,2019-06-18,2020-04-21,0.686
POL0002240,CUST0001991,Life,1897.03,245978.64,2024-11-13,2026-11-15,0.191
POL0002241,CUST0001402,Property,3653.61,209024.29,2018-08-27,2020-08-18,0.319
POL0002242,CUST0000587,Life,2322.1,307026.88,2023-10-17,2024-05-19,0.557
POL0002243,CUST0002152,Life,3345.12,225035.43,2018-12-23,2020-09-19,0.574
POL0002244,CUST0001830,Auto,1833.52,467697.66,2021-08-09,2023-01-31,0.72
POL0002245,CUST0001986,Property,1748.28,272022.46,2023-12-14,2026-07-15,0.592
POL0002246,CUST0000627,Property,2237.28,349925.77,2018-06-06,2019-07-05,0.575
POL0002247,CUST0002032,Property,898.73,449277.78,2018-12-01,2020-03-11,0.83
POL0002248,CUST0002506,Life,4189.47,81967.22,2022-10-10,2025-05-14,0.462
POL0002249,CUST0000364,Property,1873.75,122569.98,2018-12-04,2020-06-04,0.28
POL0002250,CUST0002183,Property,2120.72,62586.14,2023-08-01,2025-05-10,0.229
POL0002251,CUST0000374,Health,4491.46,78422.82,2019-12-13,2020-12-12,0.42
POL0002252,CUST0002087,Auto,2583.79,261166.14,2021-06-21,2023-04-05,0.67
POL0002253,CUST0001988,Property,2812.42,167377.84,2020-10-26,2021-06-23,0.134
POL0002254,CUST0002867,Property,4791.19,217354.69,2023-04-16,2024-06-30,0.203
POL0002255,CUST0002095,Auto,4456.29,491420.02,2020-02-26,2022-10-20,0.185
POL0002256,CUST0002084,Auto,1013.44,86785.13,2020-12-22,2021-10-08,0.568
POL0002257,CUST0002143,Life,2471.43,274997.91,2020-07-10,2021-05-26,0.294
POL0002258,CUST0001385,Life,4862.22,58446.87,2023-09-15,2026-03-27,0.233
POL0002259,CUST0001549,Life,1987.36,166063.19,2020-02-20,2022-02-03,0.574
POL0002260,CUST0001170,Auto,1983.55,268487.7,2019-07-13,2020-03-27,0.709
POL0002261,CUST0001941,Health,1136.15,473849.56,2020-04-23,2022-02-25,0.366
POL0002262,CUST0000368,Property,748.75,201701.83,2019-08-25,2020-03-22,0.563
POL0002263,CUST0000065,Auto,3753.46,41804.28,2024-11-14,2026-10-10,0.178
POL0002264,CUST0000754,Health,3896.15,200199.11,2023-01-07,2024-11-25,0.848
POL0002265,CUST0001544,Auto,4851.26,81413.18,2022-10-24,2025-01-10,0.37
POL0002266,CUST0002036,Health,3912.41,122694.91,2020-10-03,2021-06-05,0.898
POL0002267,CUST0002864,Auto,1368.09,312864.41,2022-05-24,2024-04-12,0.883
POL0002268,CUST0001877,Auto,392.56,43037.69,2021-11-22,2023-05-26,0.723
POL0002269,CUST0001579,Health,4930.1,237714.64,2024-09-17,2025-12-27,0.116
POL0002270,CUST0000756,Health,1834.16,308636.18,2024-01-16,2025-01-05,0.535
POL0002271,CUST0002229,Health,1697.46,216710.61,2020-04-12,2021-02-08,0.169
POL0002272,CUST0001525,Health,4548.59,19371.91,2023-07-05,2024-08-18,0.816
POL0002273,CUST0000597,Health,3008.48,492904.48,2022-05-24,2024-05-27,0.732
POL0002274,CUST0002835,Health,1231.38,189886.73,2022-08-03,2023-02-02,0.878
POL0002275,CUST0002675,Health,4467.66,391502.82,2023-04-28,2025-09-25,0.587
POL0002276,CUST0001835,Health,4968.13,169566.78,2020-05-11,2023-01-31,0.518
POL0002277,CUST0002664,Auto,616.06,242758.21,2021-06-03,2023-01-15,0.515
POL0002278,CUST0001396,Health,4338.81,200347.18,2023-07-22,2024-09-23,0.409
POL0002279,CUST0001587,Health,2074.48,177844.22,2018-10-03,2021-01-15,0.475
POL0002280,CUST0000112,Auto,2715.55,20707.17,2021-01-20,2022-11-17,0.608
POL0002281,CUST0000453,Auto,4591.12,186410.26,2024-05-19,2025-10-25,0.846
POL0002282,CUST0002804,Life,4872.22,445850.1,2019-08-26,2021-01-19,0.577
POL0002283,CUST0002632,Life,1458.39,348292.74,2023-08-22,2025-05-15,0.786
POL0002284,CUST0002187,Health,1221.68,81257.2,2022-11-05,2023-10-08,0.79
POL0002285,CUST0001872,Health,586.48,299665.95,2024-11-17,2026-12-13,0.515
POL0002286,CUST0002279,Life,2896.63,447193.12,2023-03-22,2024-06-13,0.378
POL0002287,CUST0001263,Life,265.3,353016.68,2024-04-03,2026-05-09,0.612
POL0002288,CUST0000253,Property,2177.11,82855.35,2022-04-11,2023-11-29,0.457
POL0002289,CUST0002005,Property,552.24,435237.92,2024-10-14,2026-06-25,0.165
POL0002290,CUST0001460,Health,2145.08,157756.57,2021-07-28,2022-02-21,0.402
POL0002291,CUST0001943,Property,391.67,232497.31,2018-02-23,2019-07-22,0.895
POL0002292,CUST0002609,Life,4209.04,267809.95,2024-12-27,2026-02-17,0.139
POL0002293,CUST0001327,Health,1206.75,426748.24,2020-01-31,2020-12-28,0.657
POL0002294,CUST0002120,Auto,1775.88,466487.67,2019-09-22,2021-11-15,0.773
POL0002295,CUST0001858,Auto,4376.23,465529.91,2021-04-07,2023-10-22,0.619
POL0002296,CUST0002270,Life,3782.08,13897.55,2020-10-13,2021-08-03,0.556
POL0002297,CUST0001101,Property,1251.38,461725.36,2024-07-07,2027-03-21,0.666
POL0002298,CUST0000062,Auto,545.12,36649.61,2018-08-02,2021-01-28,0.443
POL0002299,CUST0001495,Property,3635.23,140229.09,2020-10-27,2023-05-22,0.173
POL0002300,CUST0001181,Auto,2075.37,262344.05,2021-10-26,2023-05-27,0.87
POL0002301,CUST0000806,Property,3877.18,245163.59,2021-11-19,2022-06-18,0.446
POL0002302,CUST0002173,Auto,2337.41,306307.8,2018-11-23,2020-11-03,0.632
POL0002303,CUST0002789,Auto,1860.81,244928.65,2019-04-17,2019-12-05,0.525
POL0002304,CUST0001876,Health,2365.79,467844.08,2020-11-03,2023-04-19,0.144
POL0002305,CUST0002209,Health,3793.08,127868.94,2018-06-28,2020-12-24,0.862
POL0002306,CUST0000541,Life,4530.66,144272.1,2018-04-12,2019-04-21,0.734
POL0002307,CUST0000626,Auto,438.88,461161.59,2018-03-24,2019-07-21,0.219
POL0002308,CUST0001615,Property,2715.74,47602.36,2022-03-09,2024-08-11,0.885
POL0002309,CUST0000106,Auto,357.61,308684.8,2020-12-17,2022-05-25,0.69
POL0002310,CUST0001155,Property,2448.37,344050.62,2023-05-04,2024-01-20,0.478
POL0002311,CUST0001709,Property,4449.36,257715.44,2019-02-21,2019-08-20,0.589
POL0002312,CUST0002824,Auto,1935.63,350173.62,2023-02-24,2024-02-05,0.185
POL0002313,CUST0001909,Property,4675.76,94649.78,2019-01-04,2020-05-14,0.548
POL0002314,CUST0002050,Life,3226.92,427789.79,2020-01-04,2020-12-31,0.159
POL0002315,CUST0002281,Health,4683.95,78612.59,2022-11-25,2024-02-20,0.536
POL0002316,CUST0000369,Property,3834.4,206398.1,2021-01-28,2023-05-26,0.542
POL0002317,CUST0001275,Auto,696.49,46876.22,2019-05-25,2020-11-27,0.8
POL0002318,CUST0000946,Health,1309.53,277153.43,2022-02-25,2023-08-20,0.68
POL0002319,CUST0002228,Life,2092.02,338175.45,2023-04-10,2024-04-24,0.3
POL0002320,CUST0000293,Property,1016.51,471198.6,2020-07-23,2021-07-29,0.811
POL0002321,CUST0000584,Property,2575.58,372274.74,2018-10-21,2020-03-24,0.559
POL0002322,CUST0002843,Health,2462.57,275140.43,2022-03-09,2023-06-30,0.585
POL0002323,CUST0002223,Property,4790.04,466982.34,2020-04-24,2022-03-10,0.235
POL0002324,CUST0002171,Auto,2281.89,244434.05,2022-01-13,2024-02-19,0.786
POL0002325,CUST0002275,Health,3971.01,284990.77,2018-03-31,2019-02-13,0.845
POL0002326,CUST0002492,Health,4721.17,302088.28,2024-04-06,2025-08-04,0.72
POL0002327,CUST0002476,Property,4409.55,210890.07,2023-03-29,2024-04-07,0.853
POL0002328,CUST0000765,Life,1201.6,420856.52,2019-09-29,2020-05-26,0.342
POL0002329,CUST0002680,Life,2580.94,100736.21,2018-11-02,2020-04-24,0.789
POL0002330,CUST0002113,Life,1869.15,281872.67,2018-02-06,2019-06-07,0.491
POL0002331,CUST0001305,Life,2119.32,363894.3,2024-04-11,2026-01-30,0.231
POL0002332,CUST0001415,Health,1931.87,452948.32,2024-07-07,2025-12-01,0.635
POL0002333,CUST0000428,Health,4166.52,443120.01,2020-11-28,2021-08-17,0.647
POL0002334,CUST0002666,Property,2370.27,259282.74,2024-02-03,2025-06-30,0.33
POL0002335,CUST0002973,Life,2713.73,325149.11,2018-12-11,2020-11-06,0.122
POL0002336,CUST0002015,Life,4915.75,203176.49,2023-04-09,2025-10-05,0.26
POL0002337,CUST0002860,Property,487.9,239407.1,2018-04-06,2020-11-06,0.42
POL0002338,CUST0000107,Property,2542.2,454070.24,2023-01-21,2024-11-04,0.234
POL0002339,CUST0000659,Property,3915.5,466044.96,2022-11-13,2024-06-08,0.255
POL0002340,CUST0001183,Auto,925.58,448752.89,2023-07-24,2025-09-10,0.413
POL0002341,CUST0002313,Property,3135.35,77801.72,2020-08-15,2023-02-01,0.869
POL0002342,CUST0001226,Property,1349.43,426541.17,2020-02-29,2022-07-19,0.711
POL0002343,CUST0000155,Auto,4363.54,474698.23,2018-12-12,2021-05-29,0.356
POL0002344,CUST0000896,Life,1770.08,187012.35,2020-10-29,2023-06-20,0.861
POL0002345,CUST0001522,Health,1779.5,264136.68,2019-04-08,2021-05-03,0.617
POL0002346,CUST0001621,Life,3071.33,391756.68,2024-09-10,2026-03-23,0.464
POL0002347,CUST0000993,Health,1081.1,285418.29,2024-07-01,2025-01-17,0.475
POL0002348,CUST0002293,Health,1567.47,496806.93,2023-12-12,2024-12-02,0.429
POL0002349,CUST0001324,Property,2199.83,233299.55,2023-11-26,2025-05-21,0.286
POL0002350,CUST0001386,Property,1897.46,359831.93,2023-12-05,2024-06-23,0.409
POL0002351,CUST0002434,Auto,2719.41,398369.66,2023-04-15,2025-04-11,0.522
POL0002352,CUST0002807,Life,3078.27,252109.2,2023-12-30,2025-03-03,0.522
POL0002353,CUST0002462,Life,2920.0,429922.06,2024-05-25,2026-09-12,0.709
POL0002354,CUST0001302,Health,3340.01,277615.75,2022-11-12,2023-07-22,0.387
POL0002355,CUST0002763,Property,1677.2,211708.89,2024-08-02,2025-04-29,0.673
POL0002356,CUST0000759,Property,806.85,62833.6,2023-03-11,2024-02-29,0.562
POL0002357,CUST0000747,Life,3851.88,202772.65,2021-06-17,2022-04-18,0.869
POL0002358,CUST0000593,Auto,4283.75,369628.86,2020-08-28,2021-09-15,0.408
POL0002359,CUST0001549,Property,1433.63,461430.34,2021-05-19,2022-07-18,0.821
POL0002360,CUST0002887,Auto,2154.04,133322.91,2024-11-24,2027-01-23,0.757
POL0002361,CUST0000016,Life,2593.13,184065.4,2022-09-15,2023-12-09,0.61
POL0002362,CUST0000993,Life,2759.97,85440.89,2023-08-18,2024-03-28,0.624
POL0002363,CUST0001069,Auto,3365.55,348454.22,2019-09-15,2022-03-16,0.168
POL0002364,CUST0001345,Property,399.7,480492.33,2023-07-07,2025-09-02,0.86
POL0002365,CUST0002699,Life,3663.09,324066.59,2023-05-31,2025-05-27,0.186
POL0002366,CUST0002196,Health,497.46,312367.5,2019-10-07,2020-09-18,0.551
POL0002367,CUST0002403,Life,2447.79,281210.07,2018-07-28,2020-04-02,0.364
POL0002368,CUST0000703,Property,4172.82,53343.31,2024-09-12,2025-04-09,0.444
POL0002369,CUST0000613,Health,2365.83,367456.87,2024-05-12,2027-01-10,0.588
POL0002370,CUST0000105,Life,915.63,305004.28,2018-05-27,2020-07-11,0.827
POL0002371,CUST0001498,Property,4928.16,334123.62,2021-09-29,2023-03-19,0.466
POL0002372,CUST0000396,Property,4468.57,450417.44,2023-09-01,2025-07-02,0.89
POL0002373,CUST0002654,Life,3902.31,394140.79,2023-07-12,2025-10-01,0.574
POL0002374,CUST0002011,Property,2175.26,392648.47,2019-07-03,2022-03-07,0.228
POL0002375,CUST0000851,Auto,1082.46,464320.05,2023-02-16,2024-04-18,0.252
POL0002376,CUST0001989,Health,4718.77,495068.13,2022-12-03,2025-04-26,0.673
POL0002377,CUST0000442,Auto,2755.29,294828.54,2020-07-24,2021-09-29,0.14
POL0002378,CUST0001669,Life,4291.31,63351.99,2019-01-20,2021-09-10,0.484
POL0002379,CUST0000873,Auto,1842.06,234973.65,2024-10-20,2027-04-08,0.219
POL0002380,CUST0000667,Life,1809.38,395924.56,2022-05-09,2023-11-21,0.447
POL0002381,CUST0001052,Life,4930.59,23585.41,2024-06-26,2026-06-11,0.7
POL0002382,CUST0002842,Property,2704.8,37874.84,2021-08-01,2023-10-23,0.467
POL0002383,CUST0002523,Property,875.34,42907.31,2024-09-08,2027-03-13,0.231
POL0002384,CUST0000628,Life,1254.44,368207.52,2018-09-20,2020-05-10,0.302
POL0002385,CUST0001429,Health,2513.33,255571.65,2021-07-05,2022-05-03,0.394
POL0002386,CUST0002550,Health,403.86,190759.99,2019-01-11,2020-04-28,0.156
POL0002387,CUST0000348,Health,2420.16,61752.35,2023-11-15,2026-03-28,0.567
POL0002388,CUST0001264,Auto,2210.92,368797.72,2022-02-26,2023-01-14,0.586
POL0002389,CUST0001018,Life,3940.81,167299.71,2023-05-29,2025-04-18,0.15
POL0002390,CUST0000570,Property,1903.72,140008.79,2018-07-27,2020-12-03,0.422
POL0002391,CUST0002743,Auto,4916.23,329636.41,2020-05-20,2021-01-11,0.431
POL0002392,CUST0002074,Auto,1067.7,283915.34,2023-08-02,2024-03-10,0.367
POL0002393,CUST0001953,Property,3036.74,187581.21,2022-03-10,2024-05-28,0.546
POL0002394,CUST0002265,Life,630.56,324328.86,2018-04-11,2019-02-05,0.377
POL0002395,CUST0001352,Auto,3722.55,142898.54,2024-04-04,2026-11-02,0.433
POL0002396,CUST0002885,Life,4974.82,399466.83,2018-04-09,2019-09-13,0.738
POL0002397,CUST0002822,Life,4131.87,122366.29,2019-05-18,2020-10-10,0.23
POL0002398,CUST0000670,Life,2867.38,87830.47,2019-11-30,2021-08-26,0.595
POL0002399,CUST0000718,Property,2526.76,393395.31,2021-06-15,2023-02-21,0.504
POL0002400,CUST0002358,Life,4208.14,356867.1,2024-10-06,2026-03-10,0.344
POL0002401,CUST0002647,Auto,4692.68,99493.1,2022-07-04,2023-12-06,0.682
POL0002402,CUST0000267,Property,4948.19,66960.42,2020-11-11,2022-06-29,0.541
POL0002403,CUST0001439,Property,2103.39,420815.55,2020-12-05,2021-12-01,0.482
POL0002404,CUST0002694,Auto,4956.4,390533.26,2020-11-18,2023-03-24,0.634
POL0002405,CUST0001357,Property,948.45,170356.11,2019-10-31,2021-01-16,0.742
POL0002406,CUST0001023,Auto,1417.04,332516.73,2024-06-01,2025-06-25,0.878
POL0002407,CUST0002038,Health,627.28,70838.49,2024-02-09,2026-01-11,0.603
POL0002408,CUST0002498,Auto,1504.34,258453.35,2020-06-01,2021-05-28,0.8
POL0002409,CUST0000565,Property,3886.1,19177.84,2018-07-02,2020-03-16,0.101
POL0002410,CUST0001271,Auto,4294.04,201884.92,2024-10-14,2025-12-18,0.524
POL0002411,CUST0001060,Health,3938.68,46672.98,2022-09-30,2023-08-13,0.272
POL0002412,CUST0001425,Life,3229.12,242822.12,2019-01-24,2020-02-25,0.175
POL0002413,CUST0000028,Life,2667.04,216624.01,2019-07-13,2022-01-28,0.526
POL0002414,CUST0000220,Life,3601.78,227748.66,2023-05-31,2025-02-22,0.697
POL0002415,CUST0000406,Property,2076.0,32212.34,2024-11-16,2025-08-09,0.43
POL0002416,CUST0001638,Health,4238.28,187192.01,2020-08-05,2023-04-21,0.636
POL0002417,CUST0001799,Auto,3450.51,380677.09,2022-07-08,2023-10-23,0.492
POL0002418,CUST0002319,Auto,3549.46,190768.04,2019-03-12,2019-12-08,0.45
POL0002419,CUST0001760,Auto,2772.49,360434.26,2022-10-28,2023-11-19,0.332
POL0002420,CUST0001675,Auto,4449.1,191044.57,2024-12-28,2026-01-15,0.406
POL0002421,CUST0000792,Property,1409.67,217387.33,2019-10-13,2020-10-12,0.38
POL0002422,CUST0000963,Property,2029.51,286307.14,2018-06-17,2019-03-08,0.617
POL0002423,CUST0001310,Health,3932.68,475834.15,2021-12-21,2024-04-12,0.193
POL0002424,CUST0000834,Auto,2565.19,63341.62,2018-10-09,2019-09-09,0.174
POL0002425,CUST0000317,Life,4468.23,26127.75,2023-04-03,2024-07-18,0.628
POL0002426,CUST0001321,Property,1862.72,307899.02,2019-05-07,2021-04-18,0.537
POL0002427,CUST0002386,Health,1972.78,475057.57,2018-07-28,2019-07-03,0.444
POL0002428,CUST0001331,Health,4465.93,494964.33,2021-10-05,2023-04-23,0.222
POL0002429,CUST0000351,Property,2428.98,247240.48,2023-04-21,2025-02-13,0.429
POL0002430,CUST0000511,Life,2677.4,239359.99,2018-10-14,2020-08-26,0.732
POL0002431,CUST0002573,Life,1797.27,326032.25,2024-03-11,2025-02-09,0.812
POL0002432,CUST0000492,Auto,1528.02,282261.03,2018-07-18,2019-06-05,0.662
POL0002433,CUST0001932,Property,3348.55,320703.15,2023-05-25,2025-12-28,0.148
POL0002434,CUST0001618,Life,775.24,438259.72,2020-10-13,2022-12-20,0.636
POL0002435,CUST0002057,Property,4420.51,375690.02,2024-08-27,2025-12-03,0.293
POL0002436,CUST0001521,Health,3940.18,253469.92,2021-12-21,2024-01-01,0.352
POL0002437,CUST0001584,Health,1115.59,236313.58,2023-05-04,2023-12-04,0.257
POL0002438,CUST0002609,Health,3531.3,323404.86,2019-07-03,2020-08-09,0.721
POL0002439,CUST0002488,Property,3092.64,233296.08,2022-10-15,2025-02-08,0.619
POL0002440,CUST0001576,Auto,1085.77,234311.88,2023-06-17,2025-01-09,0.589
POL0002441,CUST0002840,Auto,1511.38,17989.89,2020-02-06,2021-09-15,0.634
POL0002442,CUST0001762,Life,2163.14,95291.43,2020-07-23,2022-12-22,0.289
POL0002443,CUST0001992,Property,3556.37,249371.68,2018-06-13,2020-01-01,0.456
POL0002444,CUST0001269,Auto,3265.87,413100.19,2019-02-22,2021-07-16,0.607
POL0002445,CUST0002081,Property,2754.73,146576.23,2024-05-13,2026-11-27,0.609
POL0002446,CUST0001047,Auto,3888.37,266095.28,2023-01-26,2024-05-16,0.733
POL0002447,CUST0002893,Health,3838.1,179031.42,2020-07-12,2021-11-26,0.33
POL0002448,CUST0002614,Health,3165.72,61353.95,2022-09-29,2025-06-20,0.716
POL0002449,CUST0000049,Life,3977.55,479566.26,2020-03-09,2022-01-05,0.452
POL0002450,CUST0000462,Health,1804.46,428790.2,2022-05-26,2024-06-13,0.636
POL0002451,CUST0002638,Auto,4430.0,48461.29,2021-12-20,2022-07-26,0.465
POL0002452,CUST0000336,Life,3151.57,362695.76,2019-06-09,2021-04-23,0.859
POL0002453,CUST0001382,Life,4147.34,180314.15,2021-02-19,2023-01-02,0.243
POL0002454,CUST0001146,Health,2822.14,497476.41,2024-07-25,2027-02-12,0.64
POL0002455,CUST0000359,Property,1248.5,158175.27,2024-05-06,2026-04-22,0.561
POL0002456,CUST0002394,Health,2803.57,126981.84,2022-07-24,2023-12-01,0.238
POL0002457,CUST0000193,Health,1981.34,288266.37,2022-08-11,2024-06-16,0.153
POL0002458,CUST0001440,Life,3548.0,419211.82,2018-05-31,2019-03-23,0.739
POL0002459,CUST0001401,Health,2483.81,104334.25,2022-01-09,2023-06-14,0.226
POL0002460,CUST0000756,Auto,4213.34,357607.36,2020-07-20,2021-09-12,0.249
POL0002461,CUST0001685,Life,3454.75,40089.23,2022-06-01,2024-10-14,0.883
POL0002462,CUST0002526,Health,3485.81,460278.02,2022-10-17,2024-07-02,0.674
POL0002463,CUST0000828,Property,1242.35,49726.71,2019-06-26,2021-12-31,0.3
POL0002464,CUST0000890,Auto,4924.4,457973.37,2021-02-21,2022-12-19,0.573
POL0002465,CUST0000653,Property,4240.04,250495.55,2018-06-13,2021-01-12,0.527
POL0002466,CUST0002456,Auto,3987.22,229564.65,2018-10-08,2020-05-20,0.776
POL0002467,CUST0002334,Property,1785.03,486920.47,2024-01-06,2026-03-18,0.683
POL0002468,CUST0001922,Health,2771.03,495288.25,2018-02-27,2020-09-16,0.765
POL0002469,CUST0000851,Auto,858.1,328587.28,2018-12-15,2021-06-17,0.269
POL0002470,CUST0000111,Life,2784.68,72288.45,2018-06-15,2019-10-05,0.612
POL0002471,CUST0000620,Life,900.27,258023.34,2024-02-13,2024-10-01,0.132
POL0002472,CUST0000793,Property,2854.58,269289.92,2023-10-26,2026-04-25,0.155
POL0002473,CUST0002098,Property,3313.87,262078.75,2022-09-11,2024-01-07,0.671
POL0002474,CUST0001158,Property,2072.94,289051.0,2022-08-25,2023-12-05,0.12
POL0002475,CUST0000588,Auto,2593.02,19175.11,2019-02-04,2021-05-27,0.564
POL0002476,CUST0002644,Life,4403.14,358501.37,2022-03-17,2023-01-08,0.772
POL0002477,CUST0002718,Health,721.1,359073.21,2020-03-17,2021-11-10,0.404
POL0002478,CUST0001310,Auto,4000.32,66580.19,2024-03-05,2026-10-31,0.136
POL0002479,CUST0001958,Property,1019.62,289417.33,2020-12-03,2023-03-09,0.671
POL0002480,CUST0002362,Life,376.2,288496.98,2022-11-17,2023-12-10,0.844
POL0002481,CUST0002654,Property,1090.76,344400.71,2022-11-13,2023-09-15,0.674
POL0002482,CUST0000297,Health,3872.21,51844.87,2018-09-16,2020-01-01,0.563
POL0002483,CUST0001630,Health,2144.61,316986.62,2020-03-13,2022-02-09,0.284
POL0002484,CUST0000569,Life,4388.1,147568.46,2023-03-07,2024-04-11,0.112
POL0002485,CUST0001188,Auto,2718.6,258431.47,2018-08-10,2019-04-23,0.656
POL0002486,CUST0000832,Health,306.8,388928.54,2020-01-18,2021-06-18,0.285
POL0002487,CUST0000610,Health,3640.23,355766.51,2021-12-18,2024-08-13,0.787
POL0002488,CUST0000016,Health,729.12,68262.48,2021-04-18,2023-10-23,0.473
POL0002489,CUST0001370,Health,3989.02,299680.55,2023-09-11,2024-12-08,0.525
POL0002490,CUST0000072,Property,1006.89,484867.1,2023-06-11,2026-02-21,0.703
POL0002491,CUST0000270,Property,1858.14,86817.02,2023-06-29,2024-04-20,0.724
POL0002492,CUST0000287,Auto,3854.1,427924.47,2020-05-24,2021-09-07,0.614
POL0002493,CUST0000066,Life,4780.31,354248.56,2020-04-11,2021-07-05,0.851
POL0002494,CUST0000880,Life,1982.88,389261.62,2023-04-11,2024-12-27,0.886
POL0002495,CUST0000068,Life,4181.12,148159.58,2021-08-23,2022-07-25,0.858
POL0002496,CUST0001217,Health,1115.8,151065.58,2020-04-11,2022-05-02,0.759
POL0002497,CUST0001403,Property,4074.46,453949.53,2019-11-13,2020-11-10,0.665
POL0002498,CUST0000974,Property,3355.97,186317.7,2023-02-08,2024-10-03,0.631
POL0002499,CUST0000508,Auto,1125.17,40877.54,2024-07-15,2026-10-28,0.183
POL0002500,CUST0002885,Life,1652.02,304292.38,2020-03-16,2022-07-16,0.317
POL0002501,CUST0001126,Property,832.5,71160.66,2019-08-12,2021-09-30,0.105
POL0002502,CUST0000886,Auto,2038.24,400332.16,2019-10-21,2020-05-03,0.21
POL0002503,CUST0002842,Life,1177.51,324455.76,2021-11-30,2024-06-27,0.451
POL0002504,CUST0002470,Health,3291.19,438615.99,2020-09-19,2021-06-23,0.217
POL0002505,CUST0001988,Property,4973.62,394570.25,2018-06-18,2020-08-21,0.821
POL0002506,CUST0000775,Property,257.64,64935.69,2021-08-24,2022-12-16,0.745
POL0002507,CUST0002526,Life,2796.42,196724.63,2023-11-20,2026-06-03,0.157
POL0002508,CUST0000926,Health,2953.6,389534.52,2021-04-22,2022-12-14,0.299
POL0002509,CUST0000120,Health,4588.2,214497.32,2020-09-11,2022-01-10,0.755
POL0002510,CUST0001939,Property,2628.83,486459.09,2019-08-19,2020-11-14,0.742
POL0002511,CUST0000488,Life,2809.77,370512.82,2023-08-13,2024-10-26,0.856
POL0002512,CUST0002126,Auto,2463.93,17594.96,2022-09-02,2023-10-25,0.898
POL0002513,CUST0000441,Property,1490.74,441192.99,2020-09-29,2023-05-10,0.881
POL0002514,CUST0000462,Health,468.94,59394.34,2021-11-15,2023-04-10,0.428
POL0002515,CUST0000612,Auto,2161.56,78856.62,2023-05-08,2024-02-26,0.3
POL0002516,CUST0001318,Life,452.44,369901.28,2021-10-21,2023-01-11,0.707
POL0002517,CUST0001660,Health,2842.36,433834.59,2020-04-09,2020-10-17,0.339
POL0002518,CUST0000917,Auto,1675.01,272811.32,2022-11-07,2023-07-17,0.745
POL0002519,CUST0002657,Property,2761.29,151634.37,2020-08-05,2022-03-13,0.527
POL0002520,CUST0000006,Health,844.63,182144.62,2020-03-26,2022-12-17,0.735
POL0002521,CUST0000681,Life,4676.62,178015.77,2019-10-03,2020-09-24,0.321
POL0002522,CUST0002943,Health,4493.7,170072.27,2021-09-01,2024-04-09,0.506
POL0002523,CUST0002319,Property,1111.98,129025.74,2018-03-16,2019-05-28,0.551
POL0002524,CUST0001644,Life,1848.53,308344.88,2024-06-19,2026-01-19,0.854
POL0002525,CUST0002859,Property,3144.77,451198.61,2020-05-28,2021-08-20,0.313
POL0002526,CUST0002607,Auto,659.29,160470.38,2021-07-25,2023-10-14,0.849
POL0002527,CUST0000099,Health,1901.93,101480.21,2023-07-28,2025-12-04,0.744
POL0002528,CUST0000526,Property,1405.34,420903.06,2024-06-14,2026-04-10,0.685
POL0002529,CUST0002242,Auto,4594.48,373473.83,2024-01-01,2026-01-29,0.729
POL0002530,CUST0001181,Life,4292.05,466110.15,2022-02-14,2022-10-10,0.584
POL0002531,CUST0001690,Life,2983.2,91104.67,2024-09-24,2026-12-24,0.295
POL0002532,CUST0001139,Auto,2697.66,80683.14,2024-09-11,2025-11-30,0.252
POL0002533,CUST0000396,Auto,4667.48,275300.4,2019-09-27,2020-06-07,0.793
POL0002534,CUST0000770,Life,4675.65,311072.49,2020-06-08,2021-03-04,0.68
POL0002535,CUST0001827,Property,4852.78,245284.99,2024-02-24,2026-01-08,0.271
POL0002536,CUST0001546,Auto,801.82,303493.65,2024-06-10,2025-11-28,0.592
POL0002537,CUST0002928,Property,970.68,98386.09,2021-11-18,2022-10-17,0.458
POL0002538,CUST0002793,Life,3448.34,245010.74,2024-09-06,2025-10-08,0.227
POL0002539,CUST0000683,Property,2798.89,332465.35,2018-08-07,2020-06-02,0.525
POL0002540,CUST0001557,Property,288.64,222026.16,2022-04-28,2024-04-16,0.325
POL0002541,CUST0000015,Auto,497.48,342929.19,2021-03-24,2022-01-27,0.177
POL0002542,CUST0002416,Property,4462.79,231083.73,2018-02-22,2018-10-25,0.474
POL0002543,CUST0002686,Property,4370.58,173463.79,2018-05-11,2019-03-30,0.572
POL0002544,CUST0002901,Property,1914.9,158766.47,2023-03-11,2024-09-20,0.138
POL0002545,CUST0001237,Life,4477.04,211342.01,2023-03-31,2024-08-04,0.422
POL0002546,CUST0002748,Life,3049.64,21313.92,2021-03-17,2022-10-24,0.306
POL0002547,CUST0000005,Health,4068.35,337577.32,2020-08-28,2022-04-06,0.125
POL0002548,CUST0002279,Life,2251.67,424101.76,2022-12-22,2024-03-22,0.201
POL0002549,CUST0001909,Life,744.31,183767.28,2021-08-23,2023-10-26,0.211
POL0002550,CUST0001426,Health,2281.89,32556.24,2020-02-28,2021-10-08,0.246
POL0002551,CUST0001608,Health,2395.04,493520.04,2021-09-09,2023-01-15,0.743
POL0002552,CUST0002634,Auto,2844.53,139212.15,2019-12-27,2021-12-24,0.452
POL0002553,CUST0000169,Auto,706.8,72044.35,2019-03-17,2020-05-18,0.218
POL0002554,CUST0002809,Life,4958.73,191178.73,2024-11-01,2026-08-03,0.18
POL0002555,CUST0000792,Property,1371.86,371892.95,2021-03-21,2022-10-20,0.338
POL0002556,CUST0001000,Auto,1153.05,154019.13,2020-05-30,2022-09-24,0.738
POL0002557,CUST0000152,Auto,2728.65,291604.57,2020-12-11,2022-09-02,0.392
POL0002558,CUST0002272,Life,2778.6,213624.4,2022-10-24,2024-08-04,0.228
POL0002559,CUST0000504,Property,2311.14,67704.36,2022-07-23,2024-10-23,0.423
POL0002560,CUST0001574,Health,3905.08,171840.64,2020-06-23,2022-07-01,0.544
POL0002561,CUST0002092,Health,2679.94,365186.55,2019-06-18,2021-02-20,0.124
POL0002562,CUST0002745,Life,3126.54,309881.91,2024-04-03,2025-12-19,0.602
POL0002563,CUST0000504,Life,3673.98,68691.41,2021-07-18,2023-12-21,0.416
POL0002564,CUST0002978,Property,320.12,90027.98,2024-03-28,2025-01-04,0.108
POL0002565,CUST0000843,Life,2939.09,323959.35,2022-07-07,2023-11-26,0.639
POL0002566,CUST0000351,Life,4444.13,408573.55,2020-03-19,2022-07-29,0.67
POL0002567,CUST0002071,Life,283.47,181242.5,2021-12-19,2024-02-07,0.603
POL0002568,CUST0001660,Property,2144.87,301702.27,2020-04-06,2021-06-05,0.374
POL0002569,CUST0000598,Life,4645.89,93615.36,2021-02-24,2021-10-19,0.524
POL0002570,CUST0001067,Auto,1895.14,162574.41,2024-04-05,2025-01-14,0.41
POL0002571,CUST0002514,Property,2401.9,19932.4,2021-03-08,2023-07-27,0.66
POL0002572,CUST0000040,Auto,4911.4,386455.21,2023-10-19,2024-06-23,0.567
POL0002573,CUST0002351,Property,1156.75,206494.81,2021-05-05,2022-08-29,0.165
POL0002574,CUST0000175,Auto,513.22,409901.53,2020-12-06,2021-11-03,0.614
POL0002575,CUST0000999,Property,4325.23,357102.77,2021-03-29,2023-03-15,0.65
POL0002576,CUST0001485,Health,4368.63,416084.69,2019-02-02,2019-09-04,0.397
POL0002577,CUST0002669,Life,2465.97,149972.75,2018-05-14,2018-11-24,0.801
POL0002578,CUST0001217,Life,2668.19,100703.28,2024-12-17,2025-09-28,0.774
POL0002579,CUST0002292,Property,4211.87,486233.78,2021-09-17,2024-03-14,0.24
POL0002580,CUST0000836,Auto,3745.09,361490.62,2021-12-26,2022-09-05,0.823
POL0002581,CUST0002328,Health,1472.72,418680.71,2023-02-13,2024-05-22,0.453
POL0002582,CUST0001060,Auto,281.09,16435.35,2024-11-16,2026-11-15,0.679
POL0002583,CUST0002605,Life,2502.56,183686.19,2020-12-27,2022-01-07,0.751
POL0002584,CUST0000898,Life,4322.78,373980.18,2024-03-26,2025-06-28,0.504
POL0002585,CUST0001564,Auto,4500.01,48211.59,2023-08-30,2026-04-22,0.419
POL0002586,CUST0001047,Property,4789.89,287996.57,2023-03-21,2025-08-02,0.832
POL0002587,CUST0002767,Property,4421.9,220245.66,2019-12-09,2022-08-31,0.285
POL0002588,CUST0000932,Auto,2984.21,18632.09,2018-07-16,2020-07-20,0.306
POL0002589,CUST0002139,Life,2334.11,125628.03,2020-08-29,2022-12-22,0.389
POL0002590,CUST0002438,Auto,3919.28,149548.07,2023-02-24,2024-01-22,0.788
POL0002591,CUST0002598,Life,3751.14,64811.37,2018-10-17,2020-01-30,0.851
POL0002592,CUST0002979,Auto,2783.09,319453.09,2019-08-18,2020-07-04,0.276
POL0002593,CUST0001252,Property,619.17,128774.96,2022-11-26,2025-06-30,0.791
POL0002594,CUST0001226,Health,4645.19,146033.55,2018-08-28,2020-01-01,0.307
POL0002595,CUST0001374,Life,2386.89,450136.91,2019-05-09,2021-08-11,0.877
POL0002596,CUST0001062,Health,1944.0,238890.32,2024-12-14,2025-07-13,0.578
POL0002597,CUST0002781,Property,3221.92,202142.79,2021-04-29,2021-11-20,0.106
POL0002598,CUST0000500,Auto,3434.42,364696.81,2020-01-08,2021-03-17,0.127
POL0002599,CUST0001723,Property,1211.3,455710.76,2024-12-10,2027-06-12,0.218
POL0002600,CUST0002919,Health,4217.31,22267.8,2023-09-09,2024-05-01,0.25
POL0002601,CUST0002565,Property,1591.7,229637.03,2021-01-24,2022-05-11,0.714
POL0002602,CUST0002116,Property,1096.08,309282.86,2023-02-23,2025-05-19,0.278
POL0002603,CUST0001764,Auto,2150.72,166095.92,2020-10-10,2021-11-23,0.875
POL0002604,CUST0002171,Health,3706.69,388479.78,2019-12-24,2020-08-12,0.609
POL0002605,CUST0001709,Health,4834.2,486023.76,2021-08-12,2022-05-19,0.654
POL0002606,CUST0000336,Health,4084.55,472279.41,2020-07-09,2022-04-16,0.274
POL0002607,CUST0001177,Life,4713.67,140331.44,2019-08-26,2022-05-05,0.814
POL0002608,CUST0000779,Property,874.91,120905.76,2022-02-01,2023-04-23,0.634
POL0002609,CUST0001186,Health,541.65,479170.36,2024-02-22,2026-10-23,0.792
POL0002610,CUST0001934,Property,2876.98,234727.96,2022-02-24,2022-08-24,0.865
POL0002611,CUST0001467,Auto,1593.43,112065.88,2020-02-22,2020-09-10,0.201
POL0002612,CUST0002471,Auto,4174.66,356428.51,2019-05-01,2021-05-27,0.177
POL0002613,CUST0001562,Life,3425.54,149365.96,2021-06-13,2022-07-09,0.743
POL0002614,CUST0000939,Life,4859.5,140951.02,2019-12-26,2021-02-13,0.793
POL0002615,CUST0000804,Auto,1423.0,440832.03,2020-05-26,2022-05-04,0.567
POL0002616,CUST0001936,Health,2531.76,89614.79,2018-03-20,2019-10-08,0.393
POL0002617,CUST0000634,Auto,2605.95,41552.54,2020-03-03,2020-09-12,0.622
POL0002618,CUST0001254,Property,1348.05,141901.36,2021-01-28,2022-12-27,0.345
POL0002619,CUST0001083,Life,3032.45,307403.25,2019-05-02,2020-06-06,0.291
POL0002620,CUST0002144,Life,2327.77,70313.05,2021-03-18,2023-05-22,0.491
POL0002621,CUST0001286,Auto,2344.26,241081.39,2020-06-30,2022-02-02,0.273
POL0002622,CUST0000354,Health,1941.14,317395.18,2019-09-23,2021-08-15,0.487
POL0002623,CUST0001160,Health,281.26,425881.13,2024-08-29,2025-12-08,0.865
POL0002624,CUST0001886,Property,2706.06,122636.1,2021-06-13,2022-12-28,0.772
POL0002625,CUST0001819,Life,1809.19,410499.7,2023-10-16,2024-12-15,0.853
POL0002626,CUST0000967,Auto,206.34,125104.07,2019-06-28,2020-03-24,0.745
POL0002627,CUST0002971,Auto,1678.13,341615.61,2022-03-31,2023-08-04,0.384
POL0002628,CUST0002521,Life,1537.42,221030.05,2021-05-17,2023-01-23,0.75
POL0002629,CUST0002478,Auto,2088.55,66193.81,2022-08-10,2025-01-31,0.838
POL0002630,CUST0002585,Life,832.89,359989.1,2024-01-15,2024-08-24,0.858
POL0002631,CUST0001170,Health,2636.88,116703.68,2018-12-31,2019-09-10,0.647
POL0002632,CUST0001548,Health,3523.71,96545.48,2024-02-12,2026-09-02,0.269
POL0002633,CUST0002135,Auto,3224.89,185578.24,2020-02-08,2022-02-17,0.132
POL0002634,CUST0000109,Health,4058.02,330112.22,2024-10-11,2026-02-18,0.218
POL0002635,CUST0001369,Health,2369.64,124658.27,2018-02-01,2020-08-02,0.872
POL0002636,CUST0001758,Property,2691.64,99994.15,2022-02-02,2022-12-22,0.47
POL0002637,CUST0000994,Life,4089.93,14877.28,2022-04-15,2023-09-05,0.784
POL0002638,CUST0001518,Life,2252.97,241105.12,2019-03-24,2020-04-15,0.472
POL0002639,CUST0001357,Auto,3567.68,220036.33,2018-08-28,2019-06-02,0.629
POL0002640,CUST0000822,Life,2286.09,124595.19,2019-04-05,2021-08-31,0.119
POL0002641,CUST0000937,Property,2205.13,36289.56,2024-08-18,2025-06-07,0.3
POL0002642,CUST0002697,Auto,3848.99,220335.38,2018-12-14,2019-12-03,0.449
POL0002643,CUST0000191,Auto,1039.22,396220.5,2022-09-18,2023-12-12,0.605
POL0002644,CUST0001997,Life,1825.21,360488.24,2024-11-24,2025-07-24,0.237
POL0002645,CUST0000933,Health,1276.03,431789.5,2020-11-28,2023-07-31,0.712
POL0002646,CUST0000142,Health,1923.73,14695.52,2023-09-06,2025-04-11,0.392
POL0002647,CUST0001893,Health,1305.8,483545.47,2018-04-05,2019-05-14,0.754
POL0002648,CUST0002888,Health,2981.15,177292.0,2021-05-13,2022-04-18,0.178
POL0002649,CUST0002216,Property,4031.22,495294.92,2020-06-19,2021-01-20,0.644
POL0002650,CUST0000566,Auto,3975.74,133783.54,2021-10-31,2023-05-14,0.335
POL0002651,CUST0001283,Health,1949.6,241052.83,2024-03-30,2026-07-10,0.736
POL0002652,CUST0001463,Property,4946.05,183424.56,2022-01-21,2023-06-02,0.422
POL0002653,CUST0001135,Auto,3050.5,184322.75,2024-06-23,2026-11-27,0.632
POL0002654,CUST0000744,Life,2117.12,422718.23,2019-02-28,2021-06-19,0.847
POL0002655,CUST0000673,Life,4210.59,375745.28,2019-08-10,2021-05-06,0.117
POL0002656,CUST0002912,Property,3703.4,496154.2,2019-02-25,2020-05-18,0.109
POL0002657,CUST0002887,Auto,3796.52,310622.19,2021-01-06,2022-06-13,0.716
POL0002658,CUST0000531,Health,1141.47,236995.74,2023-10-15,2024-05-21,0.617
POL0002659,CUST0001314,Auto,2447.96,54136.19,2023-08-04,2026-02-18,0.334
POL0002660,CUST0000562,Health,4336.78,498315.1,2018-07-18,2020-03-02,0.496
POL0002661,CUST0001534,Property,2619.38,280250.02,2018-02-14,2019-08-27,0.134
POL0002662,CUST0002223,Health,3480.57,353233.96,2021-06-21,2022-07-27,0.254
POL0002663,CUST0000302,Property,3022.08,209303.77,2024-03-24,2025-06-27,0.44
POL0002664,CUST0000185,Auto,4243.31,278380.7,2018-01-31,2019-03-11,0.767
POL0002665,CUST0000510,Auto,1565.89,471863.09,2024-04-22,2026-01-18,0.484
POL0002666,CUST0002867,Health,2962.28,91545.52,2024-08-30,2025-07-29,0.569
POL0002667,CUST0001334,Auto,791.53,153262.57,2019-01-15,2020-04-18,0.799
POL0002668,CUST0001370,Health,3513.01,84509.27,2018-02-21,2019-08-07,0.347
POL0002669,CUST0002204,Auto,3713.45,398185.79,2020-12-08,2021-07-14,0.661
POL0002670,CUST0002835,Life,405.62,40402.18,2022-10-19,2025-04-14,0.789
POL0002671,CUST0000795,Health,3443.8,49999.51,2018-02-15,2020-09-07,0.262
POL0002672,CUST0002480,Property,2190.51,156262.12,2020-08-14,2022-10-23,0.385
POL0002673,CUST0001524,Life,795.67,261952.21,2019-06-02,2021-06-23,0.884
POL0002674,CUST0000761,Property,2215.56,209074.65,2022-01-26,2023-11-25,0.887
POL0002675,CUST0002195,Auto,1132.32,31959.99,2019-10-04,2020-10-15,0.279
POL0002676,CUST0002529,Life,2194.69,479170.86,2024-06-15,2025-09-13,0.153
POL0002677,CUST0000435,Auto,2044.83,476906.06,2022-10-27,2023-10-13,0.317
POL0002678,CUST0001543,Health,3744.28,146884.6,2019-07-13,2022-03-02,0.418
POL0002679,CUST0002039,Property,3916.23,368447.55,2019-09-04,2021-07-22,0.453
POL0002680,CUST0001707,Auto,3113.74,293501.95,2018-01-16,2019-08-23,0.595
POL0002681,CUST0000069,Property,308.9,126363.58,2022-05-01,2023-07-25,0.82
POL0002682,CUST0001630,Property,4668.91,138464.06,2024-06-06,2026-06-09,0.364
POL0002683,CUST0001905,Auto,3493.92,250665.06,2019-12-04,2022-05-02,0.78
POL0002684,CUST0002923,Health,364.14,215426.1,2023-09-06,2026-04-14,0.175
POL0002685,CUST0002234,Property,4130.4,152702.37,2020-11-15,2023-03-08,0.133
POL0002686,CUST0002952,Auto,1161.28,405680.68,2022-07-26,2023-06-01,0.503
POL0002687,CUST0002730,Health,2980.26,245916.83,2023-12-17,2026-03-01,0.148
POL0002688,CUST0002252,Auto,2439.84,330875.55,2024-12-13,2026-06-30,0.414
POL0002689,CUST0000554,Health,2215.23,102744.02,2022-08-12,2025-02-10,0.817
POL0002690,CUST0002061,Property,4470.63,271418.75,2018-10-01,2020-04-29,0.293
POL0002691,CUST0002714,Life,2299.33,165808.26,2018-11-05,2020-11-19,0.665
POL0002692,CUST0001298,Auto,561.65,267942.67,2024-02-06,2025-05-26,0.342
POL0002693,CUST0002099,Property,4743.87,392604.66,2022-10-30,2024-05-14,0.136
POL0002694,CUST0000500,Auto,4618.57,386767.47,2024-08-18,2026-07-10,0.545
POL0002695,CUST0002417,Auto,3485.28,183568.13,2019-06-26,2021-01-20,0.768
POL0002696,CUST0002772,Health,2445.88,350195.79,2023-07-27,2025-07-29,0.428
POL0002697,CUST0002405,Auto,645.73,471232.08,2019-09-30,2021-11-22,0.594
POL0002698,CUST0002895,Health,3995.59,316577.97,2021-04-14,2022-06-27,0.82
POL0002699,CUST0001530,Property,562.29,82720.96,2022-09-15,2023-12-19,0.732
POL0002700,CUST0002304,Auto,529.28,343057.23,2018-01-08,2019-06-27,0.255
POL0002701,CUST0001512,Property,2779.44,61403.15,2019-11-05,2021-06-26,0.687
POL0002702,CUST0000279,Life,968.62,437334.1,2024-06-29,2025-07-05,0.502
POL0002703,CUST0001083,Property,237.11,263163.64,2023-01-29,2025-04-24,0.697
POL0002704,CUST0000446,Auto,2230.94,198718.96,2018-10-30,2020-06-28,0.496
POL0002705,CUST0002161,Life,858.64,37933.23,2022-11-25,2025-08-08,0.202
POL0002706,CUST0000836,Health,970.47,196584.03,2021-05-11,2022-10-20,0.556
POL0002707,CUST0000755,Life,569.17,452571.27,2022-10-30,2024-06-29,0.494
POL0002708,CUST0001846,Auto,1184.45,20281.67,2024-05-02,2025-11-24,0.514
POL0002709,CUST0001593,Auto,3634.32,242577.6,2023-02-24,2024-07-28,0.803
POL0002710,CUST0001513,Property,4082.85,466267.46,2019-11-02,2021-10-28,0.816
POL0002711,CUST0001431,Health,2372.16,203472.09,2022-01-13,2023-08-17,0.463
POL0002712,CUST0002415,Auto,2631.46,219806.09,2024-01-05,2024-08-18,0.465
POL0002713,CUST0001084,Auto,356.74,293494.43,2021-08-21,2023-12-13,0.512
POL0002714,CUST0002377,Health,532.72,236839.29,2022-06-11,2024-12-26,0.516
POL0002715,CUST0002776,Health,1436.33,92614.83,2019-02-26,2020-10-22,0.86
POL0002716,CUST0001591,Property,2810.71,19092.21,2019-07-21,2021-06-16,0.62
POL0002717,CUST0001909,Life,3749.85,308807.71,2019-05-07,2021-07-31,0.322
POL0002718,CUST0002768,Health,3104.01,461195.23,2024-01-23,2025-06-13,0.525
POL0002719,CUST0002232,Auto,2082.21,62118.43,2019-04-21,2020-01-12,0.602
POL0002720,CUST0001023,Health,767.96,113366.83,2020-05-12,2022-04-06,0.612
POL0002721,CUST0002359,Auto,3947.71,191412.45,2020-10-20,2021-09-29,0.568
POL0002722,CUST0001562,Property,1946.17,406283.69,2018-04-15,2019-05-22,0.242
POL0002723,CUST0000177,Life,3733.06,141937.56,2020-12-23,2022-04-13,0.127
POL0002724,CUST0000847,Property,2662.3,442206.66,2022-01-24,2023-10-16,0.37
POL0002725,CUST0001249,Health,3745.58,36929.36,2020-02-18,2021-07-24,0.442
POL0002726,CUST0001601,Auto,4554.99,471068.74,2021-03-05,2022-08-07,0.149
POL0002727,CUST0001605,Health,4620.94,284766.07,2020-06-21,2022-03-23,0.752
POL0002728,CUST0001976,Health,2768.51,332801.06,2024-04-07,2025-10-30,0.375
POL0002729,CUST0002057,Health,2655.24,190167.87,2020-04-18,2022-04-04,0.831
POL0002730,CUST0000236,Health,1475.26,393177.2,2019-02-05,2021-02-04,0.224
POL0002731,CUST0000710,Life,4691.84,91617.46,2020-03-30,2021-11-20,0.146
POL0002732,CUST0002972,Auto,2398.01,33966.79,2022-02-01,2023-08-15,0.486
POL0002733,CUST0002733,Health,812.44,203803.3,2023-06-05,2025-08-09,0.251
POL0002734,CUST0000794,Auto,2276.98,428310.9,2020-05-07,2020-11-07,0.85
POL0002735,CUST0002856,Life,809.86,379914.15,2021-06-10,2023-09-15,0.108
POL0002736,CUST0001935,Auto,2612.15,263406.43,2021-11-24,2022-05-26,0.43
POL0002737,CUST0001670,Auto,2894.12,290347.5,2024-04-12,2026-08-20,0.841
POL0002738,CUST0000027,Life,1821.23,73647.48,2023-02-19,2024-06-28,0.408
POL0002739,CUST0002598,Health,543.92,421933.94,2022-09-24,2023-06-08,0.174
POL0002740,CUST0001227,Auto,4728.82,395610.24,2020-12-08,2022-11-18,0.342
POL0002741,CUST0000085,Property,3912.09,331670.49,2021-10-26,2024-04-09,0.498
POL0002742,CUST0001856,Auto,4226.63,238433.61,2023-01-13,2024-06-30,0.248
POL0002743,CUST0002514,Health,1960.97,482585.04,2021-03-13,2021-10-11,0.473
POL0002744,CUST0001123,Property,3851.99,440725.67,2020-06-22,2022-10-11,0.769
POL0002745,CUST0001214,Health,2529.79,325770.94,2023-04-27,2025-09-27,0.798
POL0002746,CUST0000012,Auto,1165.2,192182.49,2020-02-15,2020-12-29,0.139
POL0002747,CUST0001013,Life,797.23,312830.92,2024-08-12,2025-11-06,0.229
POL0002748,CUST0001749,Health,1856.24,291966.05,2024-03-25,2025-04-04,0.32
POL0002749,CUST0001877,Health,860.25,203178.57,2021-01-08,2021-11-10,0.576
POL0002750,CUST0002620,Life,4991.69,160270.25,2021-12-08,2023-05-20,0.389
POL0002751,CUST0001318,Auto,436.11,209435.29,2021-11-09,2024-05-19,0.775
POL0002752,CUST0001384,Health,2317.49,291216.59,2020-05-19,2020-12-28,0.673
POL0002753,CUST0001679,Auto,2370.05,219786.07,2019-11-21,2022-05-30,0.18
POL0002754,CUST0002962,Auto,1643.03,139151.5,2020-09-15,2023-03-11,0.6
POL0002755,CUST0000180,Auto,2942.49,382872.03,2022-10-21,2023-12-18,0.19
POL0002756,CUST0000797,Life,919.89,270419.07,2023-11-15,2024-05-21,0.304
POL0002757,CUST0001468,Auto,3962.78,43160.83,2019-06-13,2022-01-09,0.242
POL0002758,CUST0002025,Auto,1795.75,190475.09,2021-03-14,2023-08-22,0.238
POL0002759,CUST0002489,Property,3038.44,443607.59,2024-06-25,2025-03-10,0.593
POL0002760,CUST0000887,Property,3635.07,380065.9,2018-11-14,2021-06-07,0.551
POL0002761,CUST0002469,Property,4467.4,168390.92,2019-11-24,2020-11-27,0.241
POL0002762,CUST0001190,Health,4211.78,469709.74,2021-02-25,2021-11-17,0.892
POL0002763,CUST0001676,Health,3119.88,47535.43,2024-07-19,2026-05-14,0.437
POL0002764,CUST0001520,Property,2064.29,481005.0,2019-09-12,2020-12-05,0.178
POL0002765,CUST0002516,Life,2615.38,130395.5,2018-01-24,2020-09-03,0.196
POL0002766,CUST0002761,Life,3889.93,14456.15,2021-08-10,2023-07-03,0.567
POL0002767,CUST0002433,Property,4412.22,222565.94,2019-03-22,2019-10-07,0.883
POL0002768,CUST0002362,Health,698.15,185895.51,2023-07-14,2025-05-12,0.558
POL0002769,CUST0000771,Health,2047.31,274153.61,2020-01-28,2020-12-02,0.859
POL0002770,CUST0001279,Life,3925.36,400418.7,2022-12-22,2025-07-28,0.455
POL0002771,CUST0000959,Auto,2271.93,422791.09,2023-11-26,2026-02-25,0.449
POL0002772,CUST0000917,Life,1794.69,206602.7,2018-03-27,2018-09-29,0.5
POL0002773,CUST0002071,Auto,2174.35,220624.41,2024-07-07,2027-01-25,0.658
POL0002774,CUST0001782,Health,3093.65,82607.09,2024-10-15,2027-03-17,0.394
POL0002775,CUST0000339,Health,4999.06,33298.33,2023-08-16,2024-12-17,0.791
POL0002776,CUST0001517,Property,2566.36,324195.35,2022-01-17,2024-10-01,0.123
POL0002777,CUST0002871,Health,1200.77,41574.44,2019-10-13,2021-12-27,0.452
POL0002778,CUST0002414,Auto,981.66,369576.76,2024-02-14,2025-11-27,0.509
POL0002779,CUST0001396,Life,403.28,274154.17,2020-09-16,2021-06-24,0.586
POL0002780,CUST0000915,Property,2882.32,107305.66,2019-10-22,2021-03-22,0.321
POL0002781,CUST0001854,Auto,2813.95,274366.24,2021-08-04,2022-12-15,0.442
POL0002782,CUST0000475,Life,1185.12,99668.88,2023-03-20,2025-02-09,0.488
POL0002783,CUST0001447,Life,3537.58,224981.23,2024-06-06,2024-12-27,0.65
POL0002784,CUST0001380,Life,3757.31,401784.55,2022-02-04,2024-07-23,0.719
POL0002785,CUST0001484,Health,1443.67,236340.45,2022-11-12,2024-07-13,0.69
POL0002786,CUST0002075,Life,1851.68,82862.67,2020-01-27,2020-12-14,0.373
POL0002787,CUST0002990,Health,4954.26,364676.05,2023-11-16,2026-04-22,0.9
POL0002788,CUST0002850,Life,1996.47,101516.52,2018-05-16,2020-08-29,0.779
POL0002789,CUST0000801,Life,3851.85,371889.44,2024-11-28,2025-10-22,0.308
POL0002790,CUST0002908,Health,2373.08,244882.62,2022-11-16,2025-04-06,0.256
POL0002791,CUST0001247,Health,4008.06,232333.46,2020-04-20,2020-12-10,0.351
POL0002792,CUST0000864,Auto,3891.31,427203.17,2020-07-01,2022-04-12,0.462
POL0002793,CUST0002738,Life,3405.23,357215.73,2020-10-17,2022-04-12,0.781
POL0002794,CUST0001172,Health,4302.94,26126.29,2018-06-30,2020-10-06,0.723
POL0002795,CUST0000739,Auto,4708.25,155125.41,2018-06-25,2019-07-18,0.781
POL0002796,CUST0001375,Auto,2983.92,436751.12,2023-10-10,2024-10-08,0.318
POL0002797,CUST0002463,Health,1339.85,18979.82,2020-12-11,2021-08-12,0.575
POL0002798,CUST0000982,Life,2113.42,277174.19,2018-07-17,2020-07-14,0.327
POL0002799,CUST0002477,Auto,3839.87,366634.58,2023-12-18,2024-10-04,0.187
POL0002800,CUST0002089,Life,3324.24,314709.48,2022-01-13,2023-03-31,0.647
POL0002801,CUST0002953,Life,1053.43,382660.78,2019-11-15,2020-07-27,0.214
POL0002802,CUST0001012,Auto,445.95,365589.01,2023-12-31,2025-04-19,0.634
POL0002803,CUST0002751,Health,3478.22,349095.04,2020-09-13,2021-09-05,0.618
POL0002804,CUST0002127,Life,1405.18,412554.53,2018-09-29,2021-05-01,0.748
POL0002805,CUST0000717,Property,2598.42,326388.43,2021-06-03,2021-11-30,0.212
POL0002806,CUST0001808,Health,3784.38,207185.06,2021-06-23,2022-05-16,0.727
POL0002807,CUST0002592,Auto,2900.8,241235.46,2020-10-17,2023-02-14,0.899
POL0002808,CUST0001474,Property,599.85,361195.14,2019-02-20,2021-10-06,0.781
POL0002809,CUST0002522,Life,1090.79,439389.95,2021-06-08,2023-09-27,0.701
POL0002810,CUST0001166,Health,1252.78,143387.21,2020-08-05,2021-06-09,0.63
POL0002811,CUST0002342,Property,1437.75,177617.63,2018-08-25,2020-11-19,0.437
POL0002812,CUST0000610,Health,2913.94,466062.3,2022-09-25,2024-08-17,0.684
POL0002813,CUST0002184,Life,2619.04,293470.78,2019-03-02,2021-05-18,0.679
POL0002814,CUST0002532,Health,1175.17,97691.29,2022-03-03,2024-01-13,0.605
POL0002815,CUST0001813,Property,524.26,335210.62,2024-01-12,2024-12-05,0.737
POL0002816,CUST0001336,Health,1022.87,495473.46,2023-06-09,2024-08-30,0.459
POL0002817,CUST0002862,Auto,4925.03,413492.25,2022-01-19,2024-06-17,0.197
POL0002818,CUST0000555,Auto,2449.03,375413.16,2021-01-11,2023-04-23,0.547
POL0002819,CUST0001656,Property,4363.26,111942.86,2019-04-11,2020-01-20,0.312
POL0002820,CUST0001756,Health,4274.01,439308.49,2024-11-06,2026-08-13,0.408
POL0002821,CUST0000046,Property,2655.29,267636.53,2021-03-13,2023-10-12,0.114
POL0002822,CUST0001260,Health,3592.1,445752.11,2021-02-24,2022-05-30,0.406
POL0002823,CUST0001072,Life,1125.21,171615.64,2021-03-20,2022-10-27,0.747
POL0002824,CUST0002246,Auto,3504.3,40405.02,2022-01-29,2024-03-31,0.534
POL0002825,CUST0002132,Life,1507.45,243228.22,2022-01-26,2024-09-25,0.108
POL0002826,CUST0000543,Health,4193.9,142220.43,2021-07-02,2022-12-21,0.476
POL0002827,CUST0001452,Life,601.88,360462.35,2019-02-18,2021-06-21,0.333
POL0002828,CUST0002119,Property,3911.07,478982.21,2022-03-09,2023-03-26,0.482
POL0002829,CUST0002568,Property,679.7,348577.33,2018-02-12,2020-04-13,0.424
POL0002830,CUST0001993,Health,4429.71,444597.63,2024-09-04,2025-12-08,0.846
POL0002831,CUST0002946,Auto,1660.18,231981.77,2021-09-10,2022-11-20,0.133
POL0002832,CUST0000913,Property,3341.09,388103.96,2024-10-11,2025-07-11,0.647
POL0002833,CUST0001069,Auto,2540.01,423091.28,2021-08-08,2022-12-24,0.781
POL0002834,CUST0002341,Health,1958.26,358329.06,2018-02-25,2020-10-22,0.867
POL0002835,CUST0002986,Auto,3298.12,258810.87,2023-10-04,2026-04-09,0.242
POL0002836,CUST0000812,Health,4748.11,316674.39,2019-08-26,2021-02-17,0.525
POL0002837,CUST0001489,Life,398.09,353248.43,2020-05-01,2022-08-20,0.135
POL0002838,CUST0001909,Health,4610.49,134011.36,2024-04-02,2025-09-14,0.499
POL0002839,CUST0001574,Life,3123.59,406693.84,2024-02-25,2024-10-23,0.2
POL0002840,CUST0000867,Health,4075.11,475659.02,2018-02-02,2020-05-02,0.77
POL0002841,CUST0002428,Property,2042.6,237967.26,2022-01-28,2023-01-29,0.191
POL0002842,CUST0001767,Property,2464.85,353522.92,2022-03-14,2024-04-11,0.511
POL0002843,CUST0002310,Auto,4370.48,371142.69,2021-11-20,2023-11-11,0.517
POL0002844,CUST0000580,Health,2191.27,334501.3,2020-02-01,2021-05-29,0.877
POL0002845,CUST0002405,Health,2766.37,278086.4,2019-06-02,2022-01-23,0.624
POL0002846,CUST0001443,Health,296.94,442007.5,2019-08-25,2021-11-20,0.33
POL0002847,CUST0000698,Auto,961.27,229974.09,2021-09-12,2023-05-20,0.293
POL0002848,CUST0001977,Property,3280.1,39940.45,2022-08-09,2023-09-05,0.203
POL0002849,CUST0002491,Health,3641.49,423832.62,2019-02-10,2020-09-17,0.705
POL0002850,CUST0000726,Auto,2996.48,340250.82,2019-09-22,2022-06-15,0.653
POL0002851,CUST0000286,Health,887.89,426136.73,2023-05-31,2024-04-08,0.588
POL0002852,CUST0001892,Life,2337.95,77888.25,2020-08-10,2021-09-12,0.133
POL0002853,CUST0000570,Health,1904.45,25068.94,2024-09-05,2026-04-28,0.71
POL0002854,CUST0002888,Life,2579.17,467843.52,2018-07-28,2019-12-08,0.614
POL0002855,CUST0001965,Auto,4377.58,82386.87,2020-05-19,2021-04-20,0.871
POL0002856,CUST0001514,Auto,3924.13,406729.64,2024-12-23,2025-12-25,0.57
POL0002857,CUST0000498,Property,603.15,413372.87,2024-10-27,2026-08-13,0.343
POL0002858,CUST0001918,Health,4473.48,357265.55,2021-06-03,2022-05-10,0.405
POL0002859,CUST0000705,Auto,2464.48,74318.48,2024-06-15,2025-04-19,0.241
POL0002860,CUST0001357,Property,3770.54,337025.33,2021-06-30,2022-10-26,0.678
POL0002861,CUST0000562,Health,872.19,445652.43,2021-11-11,2022-08-06,0.666
POL0002862,CUST0001999,Auto,3419.45,218510.51,2023-10-06,2024-09-11,0.261
POL0002863,CUST0000032,Life,1334.36,212623.26,2024-04-09,2024-11-10,0.227
POL0002864,CUST0000043,Auto,2304.23,227000.57,2021-02-16,2022-03-29,0.162
POL0002865,CUST0001917,Life,280.94,50313.23,2023-10-24,2024-09-18,0.83
POL0002866,CUST0001375,Property,927.73,447092.53,2019-05-19,2021-06-29,0.286
POL0002867,CUST0001846,Property,641.99,435899.6,2022-01-04,2022-08-18,0.375
POL0002868,CUST0000559,Health,1350.77,498975.57,2022-05-03,2024-10-14,0.324
POL0002869,CUST0002318,Health,680.09,296739.74,2019-10-03,2022-01-19,0.431
POL0002870,CUST0001437,Health,3521.17,378083.9,2023-07-12,2024-08-25,0.671
POL0002871,CUST0000943,Property,339.39,109309.23,2021-02-23,2023-02-11,0.796
POL0002872,CUST0001599,Life,3165.15,337089.12,2019-06-04,2021-10-31,0.246
POL0002873,CUST0001371,Health,875.4,328369.1,2021-02-05,2022-01-15,0.649
POL0002874,CUST0001929,Health,4736.77,451592.28,2024-06-25,2026-12-15,0.382
POL0002875,CUST0001637,Property,4678.85,417088.43,2022-12-26,2025-09-20,0.884
POL0002876,CUST0002085,Life,1282.41,469848.57,2018-06-24,2020-07-29,0.339
POL0002877,CUST0000092,Auto,3149.22,435728.4,2022-01-07,2024-02-29,0.106
POL0002878,CUST0001844,Health,334.43,435660.01,2018-09-12,2020-10-04,0.513
POL0002879,CUST0000185,Auto,4672.59,41224.43,2023-03-08,2023-11-08,0.221
POL0002880,CUST0000728,Auto,2710.34,424521.36,2023-12-24,2024-09-08,0.136
POL0002881,CUST0001052,Health,407.47,307664.41,2024-01-26,2024-12-10,0.659
POL0002882,CUST0001572,Property,1844.0,196417.78,2020-08-29,2022-03-31,0.686
POL0002883,CUST0002420,Health,568.88,37692.17,2021-07-16,2022-05-21,0.469
POL0002884,CUST0000832,Life,2086.13,342060.15,2019-06-02,2022-01-02,0.642
POL0002885,CUST0000345,Life,3415.65,170818.86,2020-12-26,2022-09-12,0.531
POL0002886,CUST0001443,Health,2455.47,239210.37,2018-05-28,2018-12-22,0.604
POL0002887,CUST0001220,Auto,2041.87,344046.93,2020-01-31,2021-02-15,0.577
POL0002888,CUST0002126,Life,771.95,456769.53,2020-01-10,2021-03-01,0.633
POL0002889,CUST0000167,Life,1375.71,414464.09,2023-08-20,2025-10-06,0.26
POL0002890,CUST0000264,Health,680.69,230792.59,2019-05-28,2021-07-23,0.315
POL0002891,CUST0001496,Health,4075.99,200013.75,2023-11-22,2026-07-27,0.452
POL0002892,CUST0001232,Property,849.15,127492.07,2022-10-23,2024-03-24,0.457
POL0002893,CUST0002772,Health,3057.79,192489.11,2018-05-31,2019-12-30,0.72
POL0002894,CUST0001287,Health,1845.15,64412.73,2024-08-30,2026-05-10,0.394
POL0002895,CUST0001530,Life,1284.7,485841.7,2022-07-01,2023-10-12,0.23
POL0002896,CUST0001809,Life,3269.45,291219.55,2021-02-09,2022-04-16,0.301
POL0002897,CUST0002560,Life,2393.61,72624.86,2019-07-24,2021-12-11,0.272
POL0002898,CUST0001878,Auto,2120.7,182874.94,2018-04-20,2019-01-24,0.685
POL0002899,CUST0001750,Life,3045.69,278049.18,2021-07-06,2023-08-09,0.476
POL0002900,CUST0001910,Life,2558.08,271113.96,2023-05-08,2024-12-29,0.667
POL0002901,CUST0002624,Health,1656.72,27396.65,2024-07-10,2026-10-10,0.433
POL0002902,CUST0002770,Property,2883.49,475912.11,2018-04-16,2020-09-05,0.812
POL0002903,CUST0001336,Life,3413.59,144934.08,2021-01-02,2023-06-06,0.887
POL0002904,CUST0001198,Property,328.13,17930.49,2018-07-11,2019-01-24,0.636
POL0002905,CUST0002479,Life,2436.18,47457.56,2018-11-24,2020-09-04,0.791
POL0002906,CUST0000768,Life,476.88,294295.5,2020-06-21,2022-09-16,0.506
POL0002907,CUST0002511,Property,1094.75,77514.91,2018-04-09,2020-09-27,0.848
POL0002908,CUST0000101,Health,2890.44,30445.15,2023-10-31,2024-05-04,0.765
POL0002909,CUST0001733,Life,4357.71,196016.97,2021-10-22,2023-06-12,0.893
POL0002910,CUST0001920,Property,4437.47,315152.98,2022-03-13,2023-09-23,0.598
POL0002911,CUST0002292,Life,535.73,64801.5,2023-04-09,2025-02-24,0.723
POL0002912,CUST0001372,Auto,2211.7,163530.64,2022-07-20,2023-05-09,0.534
POL0002913,CUST0000105,Auto,2998.43,214702.73,2021-03-30,2023-02-18,0.307
POL0002914,CUST0000694,Auto,905.94,88135.45,2024-11-26,2027-01-10,0.384
POL0002915,CUST0001691,Auto,3874.07,257976.21,2020-06-27,2022-08-29,0.815
POL0002916,CUST0001311,Health,3772.33,51754.9,2021-02-27,2022-12-07,0.145
POL0002917,CUST0001071,Auto,4536.04,32794.06,2019-01-13,2019-10-12,0.573
POL0002918,CUST0001067,Property,240.73,264719.33,2024-02-25,2025-12-27,0.398
POL0002919,CUST0000818,Life,1240.08,131469.52,2019-02-15,2019-11-23,0.409
POL0002920,CUST0002269,Property,4170.5,56733.17,2024-10-14,2026-08-17,0.808
POL0002921,CUST0001537,Auto,3418.78,217717.17,2019-04-13,2021-11-10,0.783
POL0002922,CUST0002192,Health,4493.07,458418.96,2018-05-12,2020-04-26,0.579
POL0002923,CUST0000890,Auto,474.46,364854.3,2024-03-09,2026-01-02,0.318
POL0002924,CUST0001878,Auto,3065.43,409651.8,2024-10-20,2026-08-09,0.48
POL0002925,CUST0001874,Health,2931.42,437237.85,2023-09-15,2024-08-26,0.427
POL0002926,CUST0000790,Health,371.24,486587.59,2023-12-10,2024-10-24,0.383
POL0002927,CUST0000553,Health,2664.91,383990.82,2019-10-23,2020-07-22,0.182
POL0002928,CUST0000844,Health,3125.7,308119.88,2024-05-01,2025-04-26,0.534
POL0002929,CUST0000659,Health,1118.21,189058.68,2020-09-29,2022-10-24,0.341
POL0002930,CUST0002885,Health,1511.98,99005.19,2021-07-26,2022-01-25,0.629
POL0002931,CUST0001019,Life,3273.67,346463.34,2019-01-14,2021-03-09,0.355
POL0002932,CUST0001954,Auto,2447.84,497525.49,2021-09-29,2023-04-20,0.445
POL0002933,CUST0001191,Auto,4318.47,239005.76,2020-07-14,2021-10-08,0.142
POL0002934,CUST0000751,Health,1843.43,364602.89,2018-08-16,2021-04-16,0.894
POL0002935,CUST0002297,Property,1479.97,252595.3,2022-01-08,2022-11-15,0.506
POL0002936,CUST0000775,Health,4927.36,221647.38,2020-01-14,2022-02-15,0.119
POL0002937,CUST0002812,Life,4573.45,211049.75,2022-08-08,2025-04-29,0.533
POL0002938,CUST0001381,Property,339.17,257266.09,2022-02-02,2024-03-15,0.796
POL0002939,CUST0000692,Life,3899.5,189778.87,2023-01-24,2024-12-15,0.718
POL0002940,CUST0002868,Property,729.61,376898.93,2024-03-13,2026-07-26,0.661
POL0002941,CUST0000719,Property,331.93,438393.29,2019-12-31,2022-09-17,0.212
POL0002942,CUST0000234,Health,1513.74,442613.8,2019-02-02,2019-09-21,0.626
POL0002943,CUST0002072,Life,1492.86,121572.37,2021-09-07,2022-12-20,0.713
POL0002944,CUST0001405,Property,4132.73,448995.48,2023-12-14,2025-08-30,0.558
POL0002945,CUST0001006,Life,3611.2,177360.1,2020-10-19,2021-12-09,0.814
POL0002946,CUST0001370,Health,4911.73,161560.76,2023-07-18,2026-03-12,0.322
POL0002947,CUST0001402,Health,3615.26,366110.47,2024-12-01,2026-10-02,0.294
POL0002948,CUST0002570,Health,2207.63,159301.21,2019-06-19,2020-09-20,0.796
POL0002949,CUST0002065,Health,3554.85,35953.54,2023-05-31,2024-01-09,0.6
POL0002950,CUST0002293,Auto,4997.4,193072.71,2024-10-02,2027-05-05,0.101
POL0002951,CUST0002766,Property,3608.68,363518.14,2024-09-08,2026-02-28,0.383
POL0002952,CUST0002818,Auto,3856.07,170209.63,2022-02-03,2024-05-08,0.786
POL0002953,CUST0000717,Health,4704.15,318483.94,2019-07-16,2021-08-01,0.122
POL0002954,CUST0001563,Property,745.53,333458.53,2019-08-24,2021-07-29,0.103
POL0002955,CUST0001712,Property,3582.96,369530.65,2019-04-09,2021-08-25,0.325
POL0002956,CUST0001226,Life,4283.87,449593.93,2018-07-16,2020-04-17,0.831
POL0002957,CUST0001272,Health,4781.02,221956.6,2021-09-04,2022-06-11,0.821
POL0002958,CUST0002166,Auto,1212.65,91551.72,2022-09-02,2025-01-20,0.515
POL0002959,CUST0000009,Life,2618.86,166273.6,2021-07-18,2023-04-19,0.543
POL0002960,CUST0000598,Property,3466.66,221761.96,2018-11-14,2021-06-19,0.366
POL0002961,CUST0000023,Auto,1387.85,359806.82,2018-04-12,2019-07-03,0.295
POL0002962,CUST0001991,Health,3082.27,16429.84,2022-07-20,2024-01-12,0.752
POL0002963,CUST0002288,Auto,1436.38,164734.84,2024-05-16,2025-12-24,0.185
POL0002964,CUST0001609,Auto,1800.59,392122.86,2023-08-09,2024-03-12,0.49
POL0002965,CUST0002075,Auto,2319.29,338720.27,2021-03-17,2022-12-24,0.608
POL0002966,CUST0001105,Life,2740.11,368552.59,2018-10-17,2021-03-30,0.183
POL0002967,CUST0002247,Property,2356.96,407787.28,2024-05-03,2025-07-15,0.516
POL0002968,CUST0002823,Auto,2567.34,393785.5,2024-06-07,2026-04-26,0.562
POL0002969,CUST0000092,Property,1633.23,344269.75,2023-10-14,2026-02-06,0.694
POL0002970,CUST0000851,Life,963.03,225434.15,2021-06-21,2024-01-06,0.288
POL0002971,CUST0001983,Health,427.28,491963.18,2022-08-25,2023-12-26,0.335
POL0002972,CUST0001108,Health,1140.7,288845.87,2021-06-18,2023-08-18,0.556
POL0002973,CUST0000300,Auto,2993.33,109356.91,2023-03-18,2024-06-12,0.887
POL0002974,CUST0002344,Life,3973.35,153478.3,2023-11-06,2026-01-18,0.274
POL0002975,CUST0002695,Health,1012.39,349845.6,2024-01-26,2024-11-10,0.889
POL0002976,CUST0001478,Life,721.07,463122.39,2020-01-20,2022-05-03,0.671
POL0002977,CUST0001305,Life,3796.59,97572.86,2024-12-13,2027-04-20,0.761
POL0002978,CUST0001001,Auto,1664.76,50349.78,2021-01-07,2022-03-22,0.172
POL0002979,CUST0001083,Auto,4767.2,441950.21,2021-03-24,2023-07-08,0.34
POL0002980,CUST0002957,Life,3628.73,458486.21,2019-09-28,2022-04-06,0.146
POL0002981,CUST0002919,Life,1768.43,145425.88,2018-10-29,2020-01-19,0.397
POL0002982,CUST0001366,Auto,1589.81,194870.0,2021-01-01,2021-07-31,0.885
POL0002983,CUST0002801,Life,2713.75,333492.12,2018-12-19,2021-09-04,0.184
POL0002984,CUST0002390,Auto,579.89,171665.71,2023-10-31,2026-04-28,0.55
POL0002985,CUST0002110,Property,764.85,439807.77,2023-05-19,2024-05-09,0.105
POL0002986,CUST0000776,Life,1044.12,62713.56,2023-05-17,2024-02-24,0.67
POL0002987,CUST0002673,Auto,3918.67,28611.29,2022-12-21,2024-02-09,0.258
POL0002988,CUST0001453,Life,2666.52,112158.24,2022-06-22,2023-03-21,0.204
POL0002989,CUST0001682,Auto,250.72,150183.01,2020-04-30,2021-05-15,0.37
POL0002990,CUST0001752,Life,3432.88,65334.03,2019-06-27,2022-03-13,0.717
POL0002991,CUST0002304,Health,2233.71,42188.31,2018-12-27,2021-07-06,0.185
POL0002992,CUST0002876,Health,2652.09,380247.78,2018-12-28,2021-07-31,0.284
POL0002993,CUST0001852,Life,1227.76,90495.52,2019-12-29,2022-02-12,0.107
POL0002994,CUST0001898,Health,2848.55,457821.88,2022-01-05,2022-08-07,0.875
POL0002995,CUST0001730,Life,4899.94,190319.83,2023-12-28,2024-10-19,0.574
POL0002996,CUST0001328,Life,552.53,338596.85,2021-05-07,2023-09-21,0.676
POL0002997,CUST0000615,Property,1562.8,120447.04,2020-11-06,2022-08-05,0.621
POL0002998,CUST0000245,Property,1366.39,127758.16,2022-06-20,2024-03-31,0.215
POL0002999,CUST0000757,Health,1393.04,291607.51,2022-09-21,2025-05-15,0.576
POL0003000,CUST0000824,Property,2017.79,284715.03,2018-05-23,2019-12-22,0.205
